운수사,버스번호,유형,저상버스 대수
강인여객,103 ,간선형,1
강인여객,103 ,간선형,1
강인여객,103-1,간선형,1
강화교통,17 ,간선형,1
강화교통,17 ,간선형,1
강화교통,17 ,간선형,1
강화교통,17 ,간선형,1
강화교통,17 ,간선형,1
강화교통,,좌석간선형,1
강화교통,,좌석간선형,1
강화교통,,좌석간선형,1
강화교통,,좌석간선형,1
강화교통,,좌석간선형,1
강화교통,70 ,간선형,1
강화교통,70 ,간선형,1
강화교통,70 ,간선형,1
강화교통,70 ,간선형,1
강화교통,70 ,간선형,1
강화교통,70 ,간선형,1
강화교통,70 ,간선형,1
강화교통,70 ,간선형,1
강화교통,70 ,간선형,1
강화교통,70 ,간선형,1
강화교통,71 ,간선형,1
강화교통,71 ,간선형,1
강화교통,71 ,간선형,1
강화교통,71 ,간선형,1
강화교통,71 ,간선형,1
강화교통,71 ,간선형,1
강화교통,71 ,간선형,1
강화교통,71 ,간선형,1
강화교통,71 ,간선형,1
검단버스,,간선형,1
검단버스,,간선형,1
검단버스,,간선형,1
검단버스,,간선형,1
검단버스,,간선형,1
검단버스,,간선형,1
검단버스,,간선형,1
검단버스,,간선형,1
검단버스,,간선형,1
검단버스,,간선형,1
검단버스,,간선형,1
검단버스,,간선형,1
검단버스,,간선형,1
대인교통,515 ,지선형,1
대인교통,515 ,지선형,1
대인교통,515-1,지선형,1
대인교통,515-1,지선형,1
대인교통,561 ,지선형,1
대인교통,562 ,지선형,1
대인교통,574 ,지선형,1
대인교통,574 ,지선형,1
대인교통,,간선형,1
대인교통,,간선형,1
대인교통,,간선형,1
대인교통,,간선형,1
대인교통,,간선형,1
대인교통,,간선형,1
대인교통,,간선형,1
대인교통,,간선형,1
도영운수,523 ,지선형,1
도영운수,523 ,지선형,1
도영운수,523 ,지선형,1
도영운수,523 ,지선형,1
도영운수,523 ,지선형,1
도영운수,55 ,간선형,1
도영운수,55 ,간선형,1
도영운수,순환46(구),지선형,1
도영운수,순환46(구),지선형,1
도영운수,순환46(구),지선형,1
도영운수,순환46(구),지선형,1
도영운수,순환46(구),지선형,1
도영운수,순환46(구),지선형,1
동화운수,10 ,간선형,1
동화운수,10 ,간선형,1
동화운수,10 ,간선형,1
동화운수,10 ,간선형,1
동화운수,10 ,간선형,1
동화운수,10 ,간선형,1
동화운수,10 ,간선형,1
동화운수,10 ,간선형,1
동화운수,10 ,간선형,1
동화운수,2 ,간선형,1
동화운수,2 ,간선형,1
동화운수,2 ,간선형,1
동화운수,2 ,간선형,1
동화운수,2 ,간선형,1
동화운수,2 ,간선형,1
동화운수,2 ,간선형,1
동화운수,2 ,간선형,1
동화운수,2 ,간선형,1
동화운수,2 ,간선형,1
동화운수,2 ,간선형,1
동화운수,2 ,간선형,1
동화운수,2 ,간선형,1
동화운수,2 ,간선형,1
동화운수,2 ,간선형,1
동화운수,2 ,간선형,1
동화운수,2 ,간선형,1
동화운수,,간선형,1
동화운수,,간선형,1
동화운수,,간선형,1
동화운수,45 ,간선형,1
동화운수,45 ,간선형,1
동화운수,45 ,간선형,1
동화운수,45 ,간선형,1
동화운수,45 ,간선형,1
동화운수,45 ,간선형,1
동화운수,45 ,간선형,1
동화운수,45 ,간선형,1
동화운수,45 ,간선형,1
동화운수,45 ,간선형,1
동화운수,45 ,간선형,1
동화운수,45 ,간선형,1
동화운수,45 ,간선형,1
동화운수,45 ,간선형,1
동화운수,45 ,간선형,1
동화운수,45 ,간선형,1
동화운수,45 ,간선형,1
동화운수,급행95,급행간선형,1
동화운수,급행95,급행간선형,1
동화운수,급행95,급행간선형,1
동화운수,급행95,급행간선형,1
마니교통,42 ,간선형,1
마니교통,42 ,간선형,1
마니교통,42 ,간선형,1
마니교통,42 ,간선형,1
마니교통,42 ,간선형,1
마니교통,42 ,간선형,1
마니교통,42 ,간선형,1
마니교통,42 ,간선형,1
마니교통,42 ,간선형,1
마니교통,42 ,간선형,1
마니교통,42 ,간선형,1
마니교통,42 ,간선형,1
마니교통,42 ,간선형,1
마니교통,47 ,간선형,1
마니교통,47 ,간선형,1
마니교통,47 ,간선형,1
마니교통,47 ,간선형,1
마니교통,47 ,간선형,1
마니교통,47 ,간선형,1
마니교통,47 ,간선형,1
마니교통,47 ,간선형,1
마니교통,47 ,간선형,1
마니교통,47 ,간선형,1
마니교통,47 ,간선형,1
마니교통,47 ,간선형,1
마니교통,47 ,간선형,1
마니교통,47 ,간선형,1
마니교통,7 ,간선형,1
마니교통,7 ,간선형,1
마니교통,7 ,간선형,1
마니교통,7 ,간선형,1
마니교통,7 ,간선형,1
마니교통,7 ,간선형,1
마니교통,7 ,간선형,1
마니교통,7 ,간선형,1
마니교통,7 ,간선형,1
마니교통,7 ,간선형,1
마니교통,81 ,간선형,1
마니교통,81 ,간선형,1
마니교통,81 ,간선형,1
마니교통,81 ,간선형,1
마니교통,81 ,간선형,1
마니교통,81 ,간선형,1
마니교통,81 ,간선형,1
마니교통,81 ,간선형,1
마니교통,81 ,간선형,1
마니교통,81 ,간선형,1
마니교통,81 ,간선형,1
마니교통,81 ,간선형,1
마니교통,81 ,간선형,1
마니교통,81 ,간선형,1
미추홀교통,12 ,간선형,1
미추홀교통,12 ,간선형,1
미추홀교통,12 ,간선형,1
미추홀교통,12 ,간선형,1
미추홀교통,12 ,간선형,1
미추홀교통,12 ,간선형,1
미추홀교통,12 ,간선형,1
미추홀교통,12 ,간선형,1
미추홀교통,12 ,간선형,1
미추홀교통,12 ,간선형,1
미추홀교통,12 ,간선형,1
미추홀교통,12 ,간선형,1
미추홀교통,12 ,간선형,1
미추홀교통,12 ,간선형,1
미추홀교통,12 ,간선형,1
미추홀교통,12 ,간선형,1
미추홀교통,12 ,간선형,1
미추홀교통,12 ,간선형,1
미추홀교통,12 ,간선형,1
미추홀교통,12 ,간선형,1
미추홀교통,12 ,간선형,1
미추홀교통,12 ,간선형,1
미추홀교통,12 ,간선형,1
미추홀교통,12 ,간선형,1
미추홀교통,12 ,간선형,1
미추홀교통,12 ,간선형,1
미추홀교통,12 ,간선형,1
미추홀교통,12 ,간선형,1
미추홀교통,75 ,간선형,1
미추홀교통,75 ,간선형,1
미추홀교통,75 ,간선형,1
미추홀교통,75 ,간선형,1
미추홀교통,75 ,간선형,1
미추홀교통,75 ,간선형,1
미추홀교통,75 ,간선형,1
미추홀교통,75 ,간선형,1
미추홀교통,75 ,간선형,1
미추홀교통,75 ,간선형,1
미추홀교통,77 ,간선형,1
미추홀교통,77 ,간선형,1
미추홀교통,77 ,간선형,1
미추홀교통,77 ,간선형,1
미추홀교통,77 ,간선형,1
미추홀교통,77 ,간선형,1
부성여객,33 ,간선형,1
부성여객,33 ,간선형,1
부성여객,33 ,간선형,1
부성여객,33 ,간선형,1
부성여객,33 ,간선형,1
부성여객,33 ,간선형,1
부성여객,33 ,간선형,1
부성여객,33 ,간선형,1
부성여객,33 ,간선형,1
부성여객,33 ,간선형,1
부성여객,33 ,간선형,1
부성여객,33 ,간선형,1
부성여객,33 ,간선형,1
부성여객,33 ,간선형,1
부성여객,33 ,간선형,1
부성여객,33 ,간선형,1
부성여객,33 ,간선형,1
부성여객,36 ,간선형,1
부성여객,36 ,간선형,1
부성여객,36 ,간선형,1
부성여객,36 ,간선형,1
부성여객,36 ,간선형,1
부성여객,36 ,간선형,1
부성여객,36 ,간선형,1
부성여객,36 ,간선형,1
부성여객,36 ,간선형,1
부성여객,36 ,간선형,1
부성여객,36 ,간선형,1
부성여객,36 ,간선형,1
부성여객,36 ,간선형,1
부성여객,36 ,간선형,1
부성여객,36 ,간선형,1
부성여객,36 ,간선형,1
부성여객,36 ,간선형,1
부성여객,36 ,간선형,1
부성여객,36 ,간선형,1
부성여객,36 ,간선형,1
부성여객,36 ,간선형,1
부성여객,36 ,간선형,1
부성여객,36 ,간선형,1
부성여객,36 ,간선형,1
부성여객,36 ,간선형,1
부성여객,36 ,간선형,1
부성여객,36 ,간선형,1
부성여객,36 ,간선형,1
부성여객,36 ,간선형,1
부성여객,36 ,간선형,1
삼성여객,506 ,지선형,1
삼성여객,506 ,지선형,1
삼성여객,506 ,지선형,1
삼성여객,506 ,지선형,1
삼성여객,506 ,지선형,1
삼성여객,506 ,지선형,1
삼성여객,506 ,지선형,1
삼성여객,506 ,지선형,1
삼성여객,506 ,지선형,1
삼성여객,506 ,지선형,1
삼성여객,569 ,지선형,1
삼성여객,569 ,지선형,1
삼성여객,569 ,지선형,1
삼성여객,570 ,지선형,1
삼성여객,570 ,지선형,1
삼성여객,570 ,지선형,1
삼성여객,570 ,지선형,1
삼성여객,570 ,지선형,1
삼성여객,570 ,지선형,1
삼성여객,582 ,지선형,1
삼성여객,582 ,지선형,1
삼성여객,582 ,지선형,1
삼성여객,582 ,지선형,1
삼성여객,582 ,지선형,1
삼성여객,582 ,지선형,1
삼성여객,582 ,지선형,1
삼성여객,582 ,지선형,1
삼성여객,582 ,지선형,1
삼성여객,584 ,지선형,1
삼성여객,584 ,지선형,1
삼성여객,584 ,지선형,1
삼성여객,584 ,지선형,1
삼성여객,584 ,지선형,1
삼성여객,584 ,지선형,1
삼성여객,584 ,지선형,1
삼성여객,584 ,지선형,1
삼성여객,584 ,지선형,1
삼성여객,584 ,지선형,1
삼성여객,584 ,지선형,1
삼성여객,584-1,지선형,1
삼성여객,584-1,지선형,1
삼성여객,584-1,지선형,1
삼성여객,584-1,지선형,1
삼성여객,584-1,지선형,1
삼성여객,587 ,지선형,1
삼환교통,14 ,간선형,1
삼환교통,14 ,간선형,1
삼환교통,14 ,간선형,1
삼환교통,14 ,간선형,1
삼환교통,14 ,간선형,1
삼환교통,14 ,간선형,1
삼환교통,14 ,간선형,1
삼환교통,14 ,간선형,1
삼환교통,14 ,간선형,1
삼환교통,14 ,간선형,1
삼환교통,14 ,간선형,1
삼환교통,23 ,간선형,1
삼환교통,23 ,간선형,1
삼환교통,23 ,간선형,1
삼환교통,23 ,간선형,1
삼환교통,23 ,간선형,1
삼환교통,23 ,간선형,1
삼환교통,23 ,간선형,1
삼환교통,23 ,간선형,1
삼환교통,23 ,간선형,1
삼환교통,23 ,간선형,1
삼환교통,23 ,간선형,1
삼환교통,23 ,간선형,1
삼환교통,23 ,간선형,1
삼환교통,23 ,간선형,1
삼환교통,23 ,간선형,1
삼환교통,23 ,간선형,1
삼환교통,23 ,간선형,1
삼환교통,23 ,간선형,1
삼환교통,23 ,간선형,1
삼환교통,23 ,간선형,1
삼환교통,4 ,간선형,1
삼환교통,4 ,간선형,1
삼환교통,4 ,간선형,1
삼환교통,4 ,간선형,1
삼환교통,4 ,간선형,1
삼환교통,4 ,간선형,1
삼환교통,4 ,간선형,1
삼환교통,4 ,간선형,1
삼환교통,4401 ,지선형,1
삼환교통,4401 ,지선형,1
삼환교통,4401 ,지선형,1
삼환교통,4401 ,지선형,1
삼환교통,4401 ,지선형,1
삼환교통,4401 ,지선형,1
삼환교통,4401 ,지선형,1
삼환교통,58 ,간선형,1
삼환교통,58 ,간선형,1
삼환교통,58 ,간선형,1
삼환교통,58 ,간선형,1
삼환교통,58 ,간선형,1
삼환교통,58 ,간선형,1
삼환교통,58 ,간선형,1
삼환교통,58 ,간선형,1
삼환교통,58 ,간선형,1
삼환교통,58 ,간선형,1
삼환교통,58 ,간선형,1
삼환교통,58 ,간선형,1
삼환교통,62 ,간선형,1
삼환교통,62 ,간선형,1
삼환교통,62 ,간선형,1
삼환교통,62 ,간선형,1
삼환교통,62 ,간선형,1
삼환교통,62 ,간선형,1
삼환교통,62 ,간선형,1
삼환교통,62 ,간선형,1
삼환교통,62 ,간선형,1
삼환교통,62 ,간선형,1
삼환교통,62 ,간선형,1
삼환교통,62 ,간선형,1
삼환교통,62 ,간선형,1
삼환교통,62 ,간선형,1
삼환교통,62 ,간선형,1
삼환교통,62 ,간선형,1
삼환교통,62 ,간선형,1
삼환교통,79 ,간선형,1
삼환교통,79 ,간선형,1
삼환교통,79 ,간선형,1
삼환교통,79 ,간선형,1
삼환교통,79 ,간선형,1
삼환교통,79 ,간선형,1
삼환교통,79 ,간선형,1
삼환교통,79 ,간선형,1
삼환교통,79 ,간선형,1
삼환교통,79 ,간선형,1
삼환교통,79 ,간선형,1
삼환교통,79 ,간선형,1
삼환교통,79 ,간선형,1
삼환교통,79 ,간선형,1
삼환교통,79 ,간선형,1
삼환여객,534(구),마을버스,1
삼환여객,534(구),마을버스,1
삼환여객,534(구),마을버스,1
삼환운수,510 ,지선형,1
삼환운수,510 ,지선형,1
삼환운수,510 ,지선형,1
삼환운수,510 ,지선형,1
삼환운수,510 ,지선형,1
삼환운수,510 ,지선형,1
삼환운수,510 ,지선형,1
삼환운수,510 ,지선형,1
삼환운수,510 ,지선형,1
삼환운수,510 ,지선형,1
삼환운수,510 ,지선형,1
삼환운수,510 ,지선형,1
삼환운수,532 ,지선형,1
삼환운수,532 ,지선형,1
삼환운수,532 ,지선형,1
삼환운수,532 ,지선형,1
삼환운수,532 ,지선형,1
삼환운수,532 ,지선형,1
삼환운수,532 ,지선형,1
삼환운수,532 ,지선형,1
삼환운수,567 ,지선형,1
선진여객,72 ,간선형,1
선진여객,72 ,간선형,1
선진여객,72 ,간선형,1
선진여객,72 ,간선형,1
선진여객,72 ,간선형,1
선진여객,72 ,간선형,1
선진여객,72 ,간선형,1
선진여객,72 ,간선형,1
선진여객,72 ,간선형,1
선진여객,72 ,간선형,1
선진여객,72 ,간선형,1
선진여객,80 ,간선형,1
선진여객,80 ,간선형,1
선진여객,80 ,간선형,1
선진여객,80 ,간선형,1
선진여객,80 ,간선형,1
선진여객,80 ,간선형,1
선진여객,80 ,간선형,1
선진여객,80 ,간선형,1
선진여객,80 ,간선형,1
선진여객,80 ,간선형,1
선진여객,80 ,간선형,1
선진여객,80 ,간선형,1
선진여객,80 ,간선형,1
선진여객,80 ,간선형,1
선진여객,80 ,간선형,1
선진여객,80 ,간선형,1
선진여객,80 ,간선형,1
선진여객,80 ,간선형,1
선진여객,86 ,간선형,1
선진여객,86 ,간선형,1
선진여객,86 ,간선형,1
선진여객,86 ,간선형,1
선진여객,86 ,간선형,1
선진여객,86 ,간선형,1
선진여객,86 ,간선형,1
선진여객,87 ,간선형,1
선진여객,87 ,간선형,1
선진여객,87 ,간선형,1
선진여객,87 ,간선형,1
선진여객,87 ,간선형,1
선진여객,87 ,간선형,1
선진여객,87 ,간선형,1
선진여객,87 ,간선형,1
선진여객,87 ,간선형,1
선진여객,87 ,간선형,1
선진여객,87 ,간선형,1
선진여객,87 ,간선형,1
선진여객,87 ,간선형,1
선진여객,87 ,간선형,1
성민버스,16 ,간선형,1
성민버스,16 ,간선형,1
성민버스,16 ,간선형,1
성민버스,16 ,간선형,1
성민버스,16 ,간선형,1
성민버스,16 ,간선형,1
성민버스,16 ,간선형,1
성민버스,16 ,간선형,1
성민버스,16 ,간선형,1
성민버스,16 ,간선형,1
성민버스,16 ,간선형,1
성민버스,16 ,간선형,1
성민버스,16 ,간선형,1
성민버스,16 ,간선형,1
성민버스,16 ,간선형,1
성민버스,,간선형,1
성민버스,,간선형,1
성민버스,,간선형,1
성민버스,,간선형,1
성민버스,,간선형,1
성민버스,,간선형,1
성민버스,,간선형,1
성민버스,,간선형,1
성민버스,,간선형,1
성민버스,,간선형,1
성민버스,,간선형,1
성민버스,,간선형,1
성민버스,,간선형,1
성민버스,,간선형,1
성민버스,,간선형,1
성민버스,,간선형,1
성민버스,511 ,지선형,1
성민버스,511 ,지선형,1
성민버스,511 ,지선형,1
성민버스,511 ,지선형,1
성민버스,511 ,지선형,1
성민버스,511 ,지선형,1
성민버스,511 ,지선형,1
성민버스,511 ,지선형,1
성민버스,511 ,지선형,1
성민버스,511 ,지선형,1
성민버스,511 ,지선형,1
성민버스,511 ,지선형,1
성민버스,511 ,지선형,1
성민버스,511 ,지선형,1
성민버스,511 ,지선형,1
성민버스,511 ,지선형,1
성민버스,511 ,지선형,1
성민버스,512 ,지선형,1
성민버스,512 ,지선형,1
성민버스,9 ,간선형,1
성민버스,9 ,간선형,1
성민버스,9 ,간선형,1
성민버스,9 ,간선형,1
성민버스,9 ,간선형,1
성민버스,9 ,간선형,1
성민버스,9 ,간선형,1
성민버스,9 ,간선형,1
성민버스,9 ,간선형,1
성민버스,9 ,간선형,1
성민버스,9 ,간선형,1
성민버스,9 ,간선형,1
성민버스,9 ,간선형,1
성민버스,9 ,간선형,1
성산여객,521 ,지선형,1
성산여객,521 ,지선형,1
성산여객,586 ,지선형,1
성산여객,586 ,지선형,1
성산여객,586 ,지선형,1
성산여객,586 ,지선형,1
성산여객,586 ,지선형,1
성산여객,586 ,지선형,1
성산여객,586 ,지선형,1
성산여객,586 ,지선형,1
성산여객,588 ,지선형,1
성산여객,588 ,지선형,1
성산여객,588 ,지선형,1
성원운수,535 ,지선형,1
성원운수,535 ,지선형,1
성원운수,535 ,지선형,1
성원운수,535 ,지선형,1
성원운수,536 ,지선형,1
성원운수,536 ,지선형,1
성원운수,536 ,지선형,1
성원운수,536 ,지선형,1
성원운수,536 ,지선형,1
성원운수,537 ,지선형,1
성원운수,537 ,지선형,1
성원운수,537 ,지선형,1
성원운수,537 ,지선형,1
성원운수,537 ,지선형,1
성원운수,537 ,지선형,1
성원운수,537 ,지선형,1
성원운수,537 ,지선형,1
성원운수,537 ,지선형,1
성원운수,537 ,지선형,1
성원운수,538 ,지선형,1
성원운수,538 ,지선형,1
세운교통,11 ,간선형,1
세운교통,11 ,간선형,1
세운교통,11 ,간선형,1
세운교통,11 ,간선형,1
세운교통,11 ,간선형,1
세운교통,11 ,간선형,1
세운교통,11 ,간선형,1
세운교통,11 ,간선형,1
세운교통,11 ,간선형,1
세운교통,11 ,간선형,1
세운교통,11 ,간선형,1
세운교통,11 ,간선형,1
세운교통,11 ,간선형,1
세운교통,11 ,간선형,1
세운교통,11 ,간선형,1
세운교통,11 ,간선형,1
세운교통,11 ,간선형,1
세운교통,11 ,간선형,1
세운교통,11 ,간선형,1
세운교통,11 ,간선형,1
세운교통,11 ,간선형,1
세운교통,11 ,간선형,1
세운교통,11 ,간선형,1
세운교통,,간선형,1
세운교통,,간선형,1
세운교통,,간선형,1
세운교통,,간선형,1
세운교통,,간선형,1
세운교통,,간선형,1
세운교통,,간선형,1
세운교통,,간선형,1
세운교통,,간선형,1
세운교통,,간선형,1
세운교통,,간선형,1
세운교통,,간선형,1
세운교통,,간선형,1
세운교통,,간선형,1
세운교통,26(구),간선형,1
세운교통,26(구),간선형,1
세운교통,26(구),간선형,1
세운교통,26(구),간선형,1
세운교통,26(구),간선형,1
세운교통,26(구),간선형,1
세운교통,26(구),간선형,1
세운교통,26(구),간선형,1
세운교통,28 ,간선형,1
세운교통,28 ,간선형,1
세운교통,28 ,간선형,1
세운교통,28 ,간선형,1
세운교통,28 ,간선형,1
세운교통,28 ,간선형,1
세운교통,28 ,간선형,1
세운교통,28 ,간선형,1
세운교통,28 ,간선형,1
세운교통,28 ,간선형,1
세운교통,28 ,간선형,1
세운교통,28 ,간선형,1
세운교통,28 ,간선형,1
세운교통,28 ,간선형,1
세운교통,,간선형,1
세운교통,,간선형,1
세운교통,,간선형,1
세운교통,,간선형,1
세운교통,,간선형,1
세운교통,,간선형,1
세운교통,,간선형,1
세운교통,,간선형,1
세운교통,,간선형,1
세운교통,,간선형,1
세운교통,인천e음45,지선형,1
세운교통,인천e음45,지선형,1
세운교통,인천e음45,지선형,1
세운교통,인천e음45,지선형,1
세운교통,인천e음85,지선형,1
송도버스,,간선형,1
송도버스,,간선형,1
송도버스,,간선형,1
송도버스,,간선형,1
송도버스,,간선형,1
송도버스,,간선형,1
송도버스,,간선형,1
송도버스,,간선형,1
송도버스,,간선형,1
송도버스,,간선형,1
송도버스,,간선형,1
송도버스,,간선형,1
송도버스,,간선형,1
송도버스,,간선형,1
송도버스,,간선형,1
송도버스,,간선형,1
송도버스,,간선형,1
송도버스,,간선형,1
송도버스,,간선형,1
송도버스,,간선형,1
송도버스,,간선형,1
송도버스,8 ,간선형,1
송도버스,8 ,간선형,1
송도버스,8 ,간선형,1
송도버스,8 ,간선형,1
송도버스,8 ,간선형,1
송도버스,8 ,간선형,1
송도버스,8 ,간선형,1
송도버스,8 ,간선형,1
송도버스,8 ,간선형,1
송도버스,8 ,간선형,1
송도버스,8 ,간선형,1
송도버스,8 ,간선형,1
송도버스,8 ,간선형,1
시영운수,15 ,간선형,1
시영운수,15 ,간선형,1
시영운수,15 ,간선형,1
시영운수,15 ,간선형,1
시영운수,15 ,간선형,1
시영운수,15 ,간선형,1
시영운수,15 ,간선형,1
시영운수,15 ,간선형,1
시영운수,15 ,간선형,1
시영운수,15 ,간선형,1
시영운수,15 ,간선형,1
시영운수,15 ,간선형,1
시영운수,15 ,간선형,1
시영운수,15 ,간선형,1
시영운수,15 ,간선형,1
시영운수,15 ,간선형,1
시영운수,15 ,간선형,1
시영운수,15 ,간선형,1
시영운수,15 ,간선형,1
시영운수,15 ,간선형,1
시영운수,15 ,간선형,1
시영운수,15 ,간선형,1
시영운수,15 ,간선형,1
시영운수,15 ,간선형,1
시영운수,15 ,간선형,1
시영운수,,간선형,1
시영운수,,간선형,1
시영운수,,간선형,1
시영운수,,간선형,1
시영운수,,간선형,1
시영운수,,간선형,1
시영운수,,간선형,1
시영운수,,간선형,1
시영운수,,간선형,1
시영운수,,간선형,1
시영운수,,간선형,1
시영운수,,간선형,1
시영운수,,간선형,1
시영운수,29 ,간선형,1
시영운수,29 ,간선형,1
시영운수,29 ,간선형,1
시영운수,29 ,간선형,1
신동아교통,1 ,간선형,1
신동아교통,1 ,간선형,1
신동아교통,516 ,지선형,1
신동아교통,516 ,지선형,1
신동아교통,516 ,지선형,1
신동아교통,520 ,지선형,1
신동아교통,991 ,간선형,1
신동아교통,991 ,간선형,1
신동아교통,991 ,간선형,1
신동아교통,991 ,간선형,1
신동아교통,991 ,간선형,1
신동아교통,991 ,간선형,1
신동아교통,991 ,간선형,1
신동아교통,991 ,간선형,1
신동아교통,991 ,간선형,1
신동아교통,991 ,간선형,1
신화여객,34 ,간선형,1
신화여객,34 ,간선형,1
신화여객,34 ,간선형,1
신화여객,34 ,간선형,1
신화여객,34 ,간선형,1
신화여객,34 ,간선형,1
신화여객,34 ,간선형,1
신화여객,34 ,간선형,1
신화여객,526 ,지선형,1
신화여객,526 ,지선형,1
신화여객,526 ,지선형,1
신흥교통,13 ,간선형,1
신흥교통,13 ,간선형,1
신흥교통,13 ,간선형,1
신흥교통,13 ,간선형,1
신흥교통,13 ,간선형,1
신흥교통,13 ,간선형,1
신흥교통,13 ,간선형,1
신흥교통,13 ,간선형,1
신흥교통,4402 ,지선형,1
신흥교통,4402 ,지선형,1
신흥교통,4402 ,지선형,1
신흥교통,4402 ,지선형,1
신흥교통,4402 ,지선형,1
신흥교통,4403 ,지선형,1
신흥교통,4403 ,지선형,1
신흥교통,4403 ,지선형,1
신흥교통,4403 ,지선형,1
신흥교통,4403 ,지선형,1
신흥교통,4403 ,지선형,1
신흥교통,46 ,간선형,1
신흥교통,46 ,간선형,1
신흥교통,46 ,간선형,1
신흥교통,46 ,간선형,1
신흥교통,46 ,간선형,1
신흥교통,46 ,간선형,1
신흥교통,46 ,간선형,1
신흥교통,46 ,간선형,1
신흥교통,517 ,지선형,1
신흥교통,517 ,지선형,1
신흥교통,517 ,지선형,1
신흥교통,517 ,지선형,1
신흥교통,517 ,지선형,1
신흥교통,519 ,지선형,1
신흥교통,519 ,지선형,1
신흥교통,519 ,지선형,1
신흥교통,519 ,지선형,1
신흥교통,82 ,간선형,1
신흥교통,82 ,간선형,1
신흥교통,82 ,간선형,1
신흥교통,82 ,간선형,1
신흥교통,82 ,간선형,1
신흥교통,82 ,간선형,1
신흥교통,82 ,간선형,1
신흥교통,82 ,간선형,1
신흥교통,82 ,간선형,1
영종운수,203 ,간선형,1
영종운수,203 ,간선형,1
영종운수,203 ,간선형,1
영종운수,203 ,간선형,1
영종운수,203 ,간선형,1
영종운수,203 ,간선형,1
영종운수,203 ,간선형,1
영종운수,203 ,간선형,1
영종운수,203 ,간선형,1
영종운수,203 ,간선형,1
영종운수,204 ,간선형,1
영종운수,204 ,간선형,1
영종운수,204 ,간선형,1
영종운수,205 ,간선형,1
영종운수,205 ,간선형,1
영종운수,205 ,간선형,1
영종운수,205 ,간선형,1
영종운수,205 ,간선형,1
영종운수,206 ,간선형,1
영종운수,206 ,간선형,1
영종운수,206 ,간선형,1
영종운수,206 ,간선형,1
영종운수,206 ,간선형,1
영종운수,206 ,간선형,1
영종운수,2201 ,지선형,1
영종운수,2201 ,지선형,1
영종운수,2201 ,지선형,1
영종운수,2201 ,지선형,1
영종운수,2201 ,지선형,1
영종운수,2201 ,지선형,1
영종운수,221 ,간선형,1
영종운수,221 ,간선형,1
영종운수,221 ,간선형,1
영종운수,221 ,간선형,1
영종운수,221 ,간선형,1
영종운수,221 ,간선형,1
영종운수,221 ,간선형,1
영종운수,221 ,간선형,1
영종운수,281 ,간선형,1
영종운수,281 ,간선형,1
영종운수,281 ,간선형,1
영종운수,281 ,간선형,1
영종운수,281 ,간선형,1
영종운수,281 ,간선형,1
영종운수,281 ,간선형,1
영종운수,281 ,간선형,1
영종운수,281 ,간선형,1
영종운수,281 ,간선형,1
영종운수,282 ,간선형,1
영종운수,282 ,간선형,1
영종운수,282 ,간선형,1
영종운수,282 ,간선형,1
영종운수,282 ,간선형,1
영종운수,282 ,간선형,1
영종운수,인천e음13,지선형,1
영종운수,인천e음13,지선형,1
영종운수,인천e음13,지선형,1
원진운수,22 ,간선형,1
원진운수,22 ,간선형,1
원진운수,22 ,간선형,1
원진운수,22 ,간선형,1
원진운수,22 ,간선형,1
원진운수,22 ,간선형,1
원진운수,6 ,간선형,1
원진운수,6 ,간선형,1
원진운수,6 ,간선형,1
원진운수,6 ,간선형,1
원진운수,6 ,간선형,1
원진운수,6 ,간선형,1
원진운수,6 ,간선형,1
원진운수,6 ,간선형,1
원진운수,6 ,간선형,1
원진운수,6 ,간선형,1
원진운수,6 ,간선형,1
은혜교통,565 ,지선형,1
은혜교통,565 ,지선형,1
은혜교통,585 ,지선형,1
은혜교통,591 ,지선형,1
은혜교통,591 ,지선형,1
은혜교통,591 ,지선형,1
은혜교통,591 ,지선형,1
인천교통공사,701(구),지선형,1
인천교통공사,701(구),지선형,1
인천교통공사,701(구),지선형,1
인천교통공사,701(구),지선형,1
인천교통공사,701(구),지선형,1
인천교통공사,701(구),지선형,1
인천교통공사,701(구),지선형,1
인천교통공사,701(구),지선형,1
인천교통공사,701(구),지선형,1
인천교통공사,702 ,지선형,1
인천교통공사,702 ,지선형,1
인천교통공사,702 ,지선형,1
인천교통공사,702 ,지선형,1
인천교통공사,702 ,지선형,1
인천교통공사,702 ,지선형,1
인천교통공사,702 ,지선형,1
인천교통공사,702 ,지선형,1
인천교통공사,702 ,지선형,1
인천스마트,21 ,간선형,1
인천스마트,21 ,간선형,1
인천스마트,21 ,간선형,1
인천스마트,21 ,간선형,1
인천스마트,21 ,간선형,1
인천스마트,21 ,간선형,1
인천스마트,21 ,간선형,1
인천스마트,21 ,간선형,1
인천스마트,21 ,간선형,1
인천스마트,21 ,간선형,1
인천스마트,38 ,간선형,1
인천스마트,38 ,간선형,1
인천스마트,38 ,간선형,1
인천스마트,38 ,간선형,1
인천스마트,38 ,간선형,1
인천스마트,38 ,간선형,1
인천스마트,38 ,간선형,1
인천스마트,38 ,간선형,1
인천스마트,38 ,간선형,1
인천스마트,38 ,간선형,1
인천제물포교통,30 ,간선형,1
인천제물포교통,30 ,간선형,1
인천제물포교통,30 ,간선형,1
인천제물포교통,30 ,간선형,1
인천제물포교통,30 ,간선형,1
인천제물포교통,30 ,간선형,1
인천제물포교통,30 ,간선형,1
인천제물포교통,30 ,간선형,1
인천제물포교통,30 ,간선형,1
인천제물포교통,30 ,간선형,1
인천제물포교통,30 ,간선형,1
인천제물포교통,30 ,간선형,1
인천제물포교통,30 ,간선형,1
인천제물포교통,30 ,간선형,1
인천제물포교통,30 ,간선형,1
인천제물포교통,30 ,간선형,1
인천제물포교통,30 ,간선형,1
인천제물포교통,30 ,간선형,1
인천제물포교통,30 ,간선형,1
인천제물포교통,30 ,간선형,1
인천제물포교통,30 ,간선형,1
인천제물포교통,30 ,간선형,1
인천제물포교통,30 ,간선형,1
인천제물포교통,30 ,간선형,1
인천제물포교통,30 ,간선형,1
인천제물포교통,30 ,간선형,1
인천제물포교통,30 ,간선형,1
인천제물포교통,30 ,간선형,1
인천제물포교통,30 ,간선형,1
인천제물포교통,30 ,간선형,1
인천제물포교통,30 ,간선형,1
인천제물포교통,30 ,간선형,1
인천제물포교통,30 ,간선형,1
인천제물포교통,30 ,간선형,1
인천제물포교통,30 ,간선형,1
인천제물포교통,78 ,간선형,1
인천제물포교통,78 ,간선형,1
인천제물포교통,78 ,간선형,1
인천제물포교통,78 ,간선형,1
인천제물포교통,78 ,간선형,1
인천제물포교통,78 ,간선형,1
인천제물포교통,78 ,간선형,1
인천제물포교통,78 ,간선형,1
인천제물포교통,급행97,급행간선형,1
인천제물포교통,급행97,급행간선형,1
인천제물포교통,급행97,급행간선형,1
인천제물포교통,급행97,급행간선형,1
인천제물포교통,급행97,급행간선형,1
인천제물포교통,급행97,급행간선형,1
인천제물포교통,급행97,급행간선형,1
인천제물포교통,급행97,급행간선형,1
인천제물포교통,급행97,급행간선형,1
인천제물포교통,급행97,급행간선형,1
청룡교통,43 ,간선형,1
청룡교통,43 ,간선형,1
청룡교통,43 ,간선형,1
청룡교통,43 ,간선형,1
청룡교통,43 ,간선형,1
청룡교통,43 ,간선형,1
청룡교통,43 ,간선형,1
청룡교통,43 ,간선형,1
청룡교통,43 ,간선형,1
청룡교통,43 ,간선형,1
청룡교통,43 ,간선형,1
청룡교통,43 ,간선형,1
청룡교통,43 ,간선형,1
청룡교통,8701 ,지선형,1
청룡교통,8701 ,지선형,1
청룡교통,8701 ,지선형,1
청룡교통,8701 ,지선형,1
청룡교통,8701 ,지선형,1
청룡교통,8701 ,지선형,1
청룡교통,8701 ,지선형,1
청룡교통,8701 ,지선형,1
청룡교통,8701 ,지선형,1
태양여객,556 ,지선형,1
태양여객,556 ,지선형,1
태양여객,556 ,지선형,1
태양여객,556 ,지선형,1
태양여객,556 ,지선형,1
태양여객,556 ,지선형,1
태양여객,556 ,지선형,1
태양여객,556 ,지선형,1
태양여객,556 ,지선형,1
태양여객,556 ,지선형,1
태양여객,558 ,지선형,1
태양여객,558 ,지선형,1
태양여객,558 ,지선형,1
태양여객,558 ,지선형,1
태양여객,558 ,지선형,1
태양여객,558 ,지선형,1
태양여객,571 ,지선형,1
태양여객,571 ,지선형,1
태양여객,571 ,지선형,1
태양여객,571 ,지선형,1
태양여객,571 ,지선형,1
태양여객,571 ,지선형,1
태양여객,571 ,지선형,1
태양여객,581 ,지선형,1
태양여객,581 ,지선형,1
태양여객,581 ,지선형,1
태양여객,581 ,지선형,1
태양여객,581 ,지선형,1
태양여객,581 ,지선형,1
태양여객,581 ,지선형,1
태양여객,581 ,지선형,1
태양여객,581 ,지선형,1
태양여객,590 ,지선형,1
태양여객,590 ,지선형,1
태양여객,590 ,지선형,1
태양여객,590 ,지선형,1
태양여객,6601 ,지선형,1
태양여객,6601 ,지선형,1
태양여객,6601 ,지선형,1
태양여객,6601 ,지선형,1
태양여객,순환83,지선형,1
태양여객,순환83,지선형,1
태양여객,순환83,지선형,1
태양여객,순환83,지선형,1
태양여객,순환83,지선형,1
해성운수,24 ,간선형,1
해성운수,24 ,간선형,1
해성운수,24 ,간선형,1
해성운수,24 ,간선형,1
해성운수,24 ,간선형,1
해성운수,564-1,지선형,1
해성운수,593 ,지선형,1
해성운수,593 ,지선형,1
해성운수,593 ,지선형,1
해성운수,593 ,지선형,1
해성운수,593 ,지선형,1
해성운수,593 ,지선형,1
