C1_OBJ_NM,DT,C1,PRD_SE,UNIT_NM_ENG,ITM_ID,TBL_ID,ITM_NM,TBL_NM,PRD_DE,LST_CHN_DE,C1_NM_ENG,C1_NM,UNIT_NM,ORG_ID
행정구역별,50.14,00,A,%,T10,DT_1YL20921,재정자립도(세입과목개편전),재정자립도(시도/시/군/구),2023,2026-05-11,Whole country,전국,%,101
행정구역별,45.02,00,A,%,T20,DT_1YL20921,재정자립도(세입과목개편후),재정자립도(시도/시/군/구),2023,2026-05-11,Whole country,전국,%,101
행정구역별,81.2,11,A,%,T10,DT_1YL20921,재정자립도(세입과목개편전),재정자립도(시도/시/군/구),2023,2023-05-11,Seoul,서울특별시,%,101
행정구역별,75.37,11,A,%,T20,DT_1YL20921,재정자립도(세입과목개편후),재정자립도(시도/시/군/구),2023,2026-05-11,Seoul,서울특별시,%,101
행정구역별,50.26,11010,A,%,T10,DT_1YL20921,재정자립도(세입과목개편전),재정자립도(시도/시/군/구),2023,2026-05-11,Jongno-gu,종로구,%,101
행정구역별,46.74,11010,A,%,T20,DT_1YL20921,재정자립도(세입과목개편후),재정자립도(시도/시/군/구),2023,2026-05-11,Jongno-gu,종로구,%,101
행정구역별,64.2,11020,A,%,T10,DT_1YL20921,재정자립도(세입과목개편전),재정자립도(시도/시/군/구),2023,2023-05-11,Jung-gu,중구,%,101
행정구역별,55.83,11020,A,%,T20,DT_1YL20921,재정자립도(세입과목개편후),재정자립도(시도/시/군/구),2023,2026-05-11,Jung-gu,중구,%,101
행정구역별,49.24,11030,A,%,T10,DT_1YL20921,재정자립도(세입과목개편전),재정자립도(시도/시/군/구),2023,2026-05-11,Yongsan-gu,용산구,%,101
행정구역별,41.67,11030,A,%,T20,DT_1YL20921,재정자립도(세입과목개편후),재정자립도(시도/시/군/구),2023,2026-05-11,Yongsan-gu,용산구,%,101
행정구역별,40.69,11040,A,%,T10,DT_1YL20921,재정자립도(세입과목개편전),재정자립도(시도/시/군/구),2023,2026-05-11,Seongdong-gu,성동구,%,101
행정구역별,34.54,11040,A,%,T20,DT_1YL20921,재정자립도(세입과목개편후),재정자립도(시도/시/군/구),2023,2026-05-11,Seongdong-gu,성동구,%,101
행정구역별,33.1,11050,A,%,T10,DT_1YL20921,재정자립도(세입과목개편전),재정자립도(시도/시/군/구),2023,2023-05-11,Gwangjin-gu,광진구,%,101
행정구역별,26.1,11050,A,%,T20,DT_1YL20921,재정자립도(세입과목개편후),재정자립도(시도/시/군/구),2023,2023-05-11,Gwangjin-gu,광진구,%,101
행정구역별,28.15,11060,A,%,T10,DT_1YL20921,재정자립도(세입과목개편전),재정자립도(시도/시/군/구),2023,2026-05-11,Dongdaemun-gu,동대문구,%,101
행정구역별,23.81,11060,A,%,T20,DT_1YL20921,재정자립도(세입과목개편후),재정자립도(시도/시/군/구),2023,2026-05-11,Dongdaemun-gu,동대문구,%,101
행정구역별,25.56,11070,A,%,T10,DT_1YL20921,재정자립도(세입과목개편전),재정자립도(시도/시/군/구),2023,2026-05-11,Jungnang-gu,중랑구,%,101
행정구역별,21.57,11070,A,%,T20,DT_1YL20921,재정자립도(세입과목개편후),재정자립도(시도/시/군/구),2023,2026-05-11,Jungnang-gu,중랑구,%,101
행정구역별,28.59,11080,A,%,T10,DT_1YL20921,재정자립도(세입과목개편전),재정자립도(시도/시/군/구),2023,2026-05-11,Seongbuk-gu,성북구,%,101
행정구역별,20.72,11080,A,%,T20,DT_1YL20921,재정자립도(세입과목개편후),재정자립도(시도/시/군/구),2023,2026-05-11,Seongbuk-gu,성북구,%,101
행정구역별,25.4,11090,A,%,T10,DT_1YL20921,재정자립도(세입과목개편전),재정자립도(시도/시/군/구),2023,2023-05-11,Gangbuk-gu,강북구,%,101
행정구역별,17.18,11090,A,%,T20,DT_1YL20921,재정자립도(세입과목개편후),재정자립도(시도/시/군/구),2023,2026-05-11,Gangbuk-gu,강북구,%,101
행정구역별,25.13,11100,A,%,T10,DT_1YL20921,재정자립도(세입과목개편전),재정자립도(시도/시/군/구),2023,2026-05-11,Dobong-gu,도봉구,%,101
행정구역별,20.01,11100,A,%,T20,DT_1YL20921,재정자립도(세입과목개편후),재정자립도(시도/시/군/구),2023,2026-05-11,Dobong-gu,도봉구,%,101
행정구역별,22.03,11110,A,%,T10,DT_1YL20921,재정자립도(세입과목개편전),재정자립도(시도/시/군/구),2023,2026-05-11,Nowon-gu,노원구,%,101
행정구역별,16.49,11110,A,%,T20,DT_1YL20921,재정자립도(세입과목개편후),재정자립도(시도/시/군/구),2023,2026-05-11,Nowon-gu,노원구,%,101
행정구역별,24.81,11120,A,%,T10,DT_1YL20921,재정자립도(세입과목개편전),재정자립도(시도/시/군/구),2023,2026-05-11,Eunpyeong-gu,은평구,%,101
행정구역별,18.05,11120,A,%,T20,DT_1YL20921,재정자립도(세입과목개편후),재정자립도(시도/시/군/구),2023,2026-05-11,Eunpyeong-gu,은평구,%,101
행정구역별,33.25,11130,A,%,T10,DT_1YL20921,재정자립도(세입과목개편전),재정자립도(시도/시/군/구),2023,2026-05-11,Seodaemun-gu,서대문구,%,101
행정구역별,25.2,11130,A,%,T20,DT_1YL20921,재정자립도(세입과목개편후),재정자립도(시도/시/군/구),2023,2023-05-11,Seodaemun-gu,서대문구,%,101
행정구역별,39.23,11140,A,%,T10,DT_1YL20921,재정자립도(세입과목개편전),재정자립도(시도/시/군/구),2023,2026-05-11,Mapo-gu,마포구,%,101
행정구역별,32.97,11140,A,%,T20,DT_1YL20921,재정자립도(세입과목개편후),재정자립도(시도/시/군/구),2023,2026-05-11,Mapo-gu,마포구,%,101
행정구역별,30.52,11150,A,%,T10,DT_1YL20921,재정자립도(세입과목개편전),재정자립도(시도/시/군/구),2023,2026-05-11,Yangcheon-gu,양천구,%,101
행정구역별,25.3,11150,A,%,T20,DT_1YL20921,재정자립도(세입과목개편후),재정자립도(시도/시/군/구),2023,2023-05-11,Yangcheon-gu,양천구,%,101
행정구역별,27.08,11160,A,%,T10,DT_1YL20921,재정자립도(세입과목개편전),재정자립도(시도/시/군/구),2023,2026-05-11,Gangseo-gu,강서구,%,101
행정구역별,21.12,11160,A,%,T20,DT_1YL20921,재정자립도(세입과목개편후),재정자립도(시도/시/군/구),2023,2026-05-11,Gangseo-gu,강서구,%,101
행정구역별,28.76,11170,A,%,T10,DT_1YL20921,재정자립도(세입과목개편전),재정자립도(시도/시/군/구),2023,2026-05-11,Guro-gu,구로구,%,101
행정구역별,22.09,11170,A,%,T20,DT_1YL20921,재정자립도(세입과목개편후),재정자립도(시도/시/군/구),2023,2026-05-11,Guro-gu,구로구,%,101
행정구역별,33.56,11180,A,%,T10,DT_1YL20921,재정자립도(세입과목개편전),재정자립도(시도/시/군/구),2023,2026-05-11,Geumcheon-gu,금천구,%,101
행정구역별,23.63,11180,A,%,T20,DT_1YL20921,재정자립도(세입과목개편후),재정자립도(시도/시/군/구),2023,2026-05-11,Geumcheon-gu,금천구,%,101
행정구역별,43.14,11190,A,%,T10,DT_1YL20921,재정자립도(세입과목개편전),재정자립도(시도/시/군/구),2023,2026-05-11,Yeongdeungpo-gu,영등포구,%,101
행정구역별,37.43,11190,A,%,T20,DT_1YL20921,재정자립도(세입과목개편후),재정자립도(시도/시/군/구),2023,2026-05-11,Yeongdeungpo-gu,영등포구,%,101
행정구역별,31.86,11200,A,%,T10,DT_1YL20921,재정자립도(세입과목개편전),재정자립도(시도/시/군/구),2023,2026-05-11,Dongjak-gu,동작구,%,101
행정구역별,27.42,11200,A,%,T20,DT_1YL20921,재정자립도(세입과목개편후),재정자립도(시도/시/군/구),2023,2026-05-11,Dongjak-gu,동작구,%,101
행정구역별,26.03,11210,A,%,T10,DT_1YL20921,재정자립도(세입과목개편전),재정자립도(시도/시/군/구),2023,2026-05-11,Gwanak-gu,관악구,%,101
행정구역별,19.87,11210,A,%,T20,DT_1YL20921,재정자립도(세입과목개편후),재정자립도(시도/시/군/구),2023,2026-05-11,Gwanak-gu,관악구,%,101
행정구역별,64.07,11220,A,%,T10,DT_1YL20921,재정자립도(세입과목개편전),재정자립도(시도/시/군/구),2023,2026-05-11,Seocho-gu,서초구,%,101
행정구역별,57.29,11220,A,%,T20,DT_1YL20921,재정자립도(세입과목개편후),재정자립도(시도/시/군/구),2023,2026-05-11,Seocho-gu,서초구,%,101
행정구역별,69.35,11230,A,%,T10,DT_1YL20921,재정자립도(세입과목개편전),재정자립도(시도/시/군/구),2023,2026-05-11,Gangnam-gu,강남구,%,101
행정구역별,60.37,11230,A,%,T20,DT_1YL20921,재정자립도(세입과목개편후),재정자립도(시도/시/군/구),2023,2026-05-11,Gangnam-gu,강남구,%,101
행정구역별,46.9,11240,A,%,T10,DT_1YL20921,재정자립도(세입과목개편전),재정자립도(시도/시/군/구),2023,2023-05-11,Songpa-gu,송파구,%,101
행정구역별,37.44,11240,A,%,T20,DT_1YL20921,재정자립도(세입과목개편후),재정자립도(시도/시/군/구),2023,2026-05-11,Songpa-gu,송파구,%,101
행정구역별,30.35,11250,A,%,T10,DT_1YL20921,재정자립도(세입과목개편전),재정자립도(시도/시/군/구),2023,2026-05-11,Gangdong-gu,강동구,%,101
행정구역별,25.56,11250,A,%,T20,DT_1YL20921,재정자립도(세입과목개편후),재정자립도(시도/시/군/구),2023,2026-05-11,Gangdong-gu,강동구,%,101
행정구역별,46.19,1224,A,%,T10,DT_1YL20921,재정자립도(세입과목개편전),재정자립도(시도/시/군/구),2023,2026-05-11,Gwangju,광주광역시,%,101
행정구역별,42.32,1224,A,%,T20,DT_1YL20921,재정자립도(세입과목개편후),재정자립도(시도/시/군/구),2023,2026-05-11,Gwangju,광주광역시,%,101
행정구역별,17.26,1224010,A,%,T10,DT_1YL20921,재정자립도(세입과목개편전),재정자립도(시도/시/군/구),2023,2026-05-11,Dong-gu,동구,%,101
행정구역별,15.55,1224010,A,%,T20,DT_1YL20921,재정자립도(세입과목개편후),재정자립도(시도/시/군/구),2023,2026-05-11,Dong-gu,동구,%,101
행정구역별,20.94,1224020,A,%,T10,DT_1YL20921,재정자립도(세입과목개편전),재정자립도(시도/시/군/구),2023,2026-05-11,Seo-gu,서구,%,101
행정구역별,17.03,1224020,A,%,T20,DT_1YL20921,재정자립도(세입과목개편후),재정자립도(시도/시/군/구),2023,2026-05-11,Seo-gu,서구,%,101
행정구역별,14.36,1224030,A,%,T10,DT_1YL20921,재정자립도(세입과목개편전),재정자립도(시도/시/군/구),2023,2026-05-11,Nam-gu,남구,%,101
행정구역별,13.98,1224030,A,%,T20,DT_1YL20921,재정자립도(세입과목개편후),재정자립도(시도/시/군/구),2023,2026-05-11,Nam-gu,남구,%,101
행정구역별,15.92,1224040,A,%,T10,DT_1YL20921,재정자립도(세입과목개편전),재정자립도(시도/시/군/구),2023,2026-05-11,Buk-gu,북구,%,101
행정구역별,13.35,1224040,A,%,T20,DT_1YL20921,재정자립도(세입과목개편후),재정자립도(시도/시/군/구),2023,2026-05-11,Buk-gu,북구,%,101
행정구역별,22.84,1224050,A,%,T10,DT_1YL20921,재정자립도(세입과목개편전),재정자립도(시도/시/군/구),2023,2026-05-11,Gwangsan-gu,광산구,%,101
행정구역별,20.59,1224050,A,%,T20,DT_1YL20921,재정자립도(세입과목개편후),재정자립도(시도/시/군/구),2023,2026-05-11,Gwangsan-gu,광산구,%,101
행정구역별,28.67,1236,A,%,T10,DT_1YL20921,재정자립도(세입과목개편전),재정자립도(시도/시/군/구),2023,2026-05-11,Jeollanam-do,전라남도,%,101
행정구역별,23.86,1236,A,%,T20,DT_1YL20921,재정자립도(세입과목개편후),재정자립도(시도/시/군/구),2023,2026-05-11,Jeollanam-do,전라남도,%,101
행정구역별,21.9,1236010,A,%,T10,DT_1YL20921,재정자립도(세입과목개편전),재정자립도(시도/시/군/구),2023,2023-05-11,Mokpo-si,목포시,%,101
행정구역별,18.7,1236010,A,%,T20,DT_1YL20921,재정자립도(세입과목개편후),재정자립도(시도/시/군/구),2023,2023-05-11,Mokpo-si,목포시,%,101
행정구역별,31.74,1236020,A,%,T10,DT_1YL20921,재정자립도(세입과목개편전),재정자립도(시도/시/군/구),2023,2026-05-11,Yeosu-si,여수시,%,101
행정구역별,26.87,1236020,A,%,T20,DT_1YL20921,재정자립도(세입과목개편후),재정자립도(시도/시/군/구),2023,2026-05-11,Yeosu-si,여수시,%,101
행정구역별,20.84,1236030,A,%,T10,DT_1YL20921,재정자립도(세입과목개편전),재정자립도(시도/시/군/구),2023,2026-05-11,Suncheon-si,순천시,%,101
행정구역별,19.69,1236030,A,%,T20,DT_1YL20921,재정자립도(세입과목개편후),재정자립도(시도/시/군/구),2023,2026-05-11,Suncheon-si,순천시,%,101
행정구역별,18.07,1236040,A,%,T10,DT_1YL20921,재정자립도(세입과목개편전),재정자립도(시도/시/군/구),2023,2026-05-11,Naju-si,나주시,%,101
행정구역별,15.24,1236040,A,%,T20,DT_1YL20921,재정자립도(세입과목개편후),재정자립도(시도/시/군/구),2023,2026-05-11,Naju-si,나주시,%,101
행정구역별,31.63,1236060,A,%,T10,DT_1YL20921,재정자립도(세입과목개편전),재정자립도(시도/시/군/구),2023,2026-05-11,Gwangyang-si,광양시,%,101
행정구역별,22.59,1236060,A,%,T20,DT_1YL20921,재정자립도(세입과목개편후),재정자립도(시도/시/군/구),2023,2026-05-11,Gwangyang-si,광양시,%,101
행정구역별,14.21,1236310,A,%,T10,DT_1YL20921,재정자립도(세입과목개편전),재정자립도(시도/시/군/구),2023,2026-05-11,Damyang-gun,담양군,%,101
행정구역별,11.06,1236310,A,%,T20,DT_1YL20921,재정자립도(세입과목개편후),재정자립도(시도/시/군/구),2023,2026-05-11,Damyang-gun,담양군,%,101
행정구역별,14.01,1236320,A,%,T10,DT_1YL20921,재정자립도(세입과목개편전),재정자립도(시도/시/군/구),2023,2026-05-11,Gokseong-gun,곡성군,%,101
행정구역별,8.67,1236320,A,%,T20,DT_1YL20921,재정자립도(세입과목개편후),재정자립도(시도/시/군/구),2023,2026-05-11,Gokseong-gun,곡성군,%,101
행정구역별,7.72,1236330,A,%,T10,DT_1YL20921,재정자립도(세입과목개편전),재정자립도(시도/시/군/구),2023,2026-05-11,Gurye-gun,구례군,%,101
행정구역별,7.72,1236330,A,%,T20,DT_1YL20921,재정자립도(세입과목개편후),재정자립도(시도/시/군/구),2023,2026-05-11,Gurye-gun,구례군,%,101
행정구역별,10.83,1236350,A,%,T10,DT_1YL20921,재정자립도(세입과목개편전),재정자립도(시도/시/군/구),2023,2026-05-11,Goheung-gun,고흥군,%,101
행정구역별,6.76,1236350,A,%,T20,DT_1YL20921,재정자립도(세입과목개편후),재정자립도(시도/시/군/구),2023,2026-05-11,Goheung-gun,고흥군,%,101
행정구역별,10.41,1236360,A,%,T10,DT_1YL20921,재정자립도(세입과목개편전),재정자립도(시도/시/군/구),2023,2026-05-11,Boseong-gun,보성군,%,101
행정구역별,8.12,1236360,A,%,T20,DT_1YL20921,재정자립도(세입과목개편후),재정자립도(시도/시/군/구),2023,2026-05-11,Boseong-gun,보성군,%,101
행정구역별,19.36,1236370,A,%,T10,DT_1YL20921,재정자립도(세입과목개편전),재정자립도(시도/시/군/구),2023,2026-05-11,Hwasun-gun,화순군,%,101
행정구역별,14.37,1236370,A,%,T20,DT_1YL20921,재정자립도(세입과목개편후),재정자립도(시도/시/군/구),2023,2026-05-11,Hwasun-gun,화순군,%,101
행정구역별,10.51,1236380,A,%,T10,DT_1YL20921,재정자립도(세입과목개편전),재정자립도(시도/시/군/구),2023,2026-05-11,Jangheung-gun,장흥군,%,101
행정구역별,7.49,1236380,A,%,T20,DT_1YL20921,재정자립도(세입과목개편후),재정자립도(시도/시/군/구),2023,2026-05-11,Jangheung-gun,장흥군,%,101
행정구역별,10.79,1236390,A,%,T10,DT_1YL20921,재정자립도(세입과목개편전),재정자립도(시도/시/군/구),2023,2026-05-11,Gangjin-gun,강진군,%,101
행정구역별,7.61,1236390,A,%,T20,DT_1YL20921,재정자립도(세입과목개편후),재정자립도(시도/시/군/구),2023,2026-05-11,Gangjin-gun,강진군,%,101
행정구역별,9.64,1236400,A,%,T10,DT_1YL20921,재정자립도(세입과목개편전),재정자립도(시도/시/군/구),2023,2026-05-11,Haenam-gun,해남군,%,101
행정구역별,7.73,1236400,A,%,T20,DT_1YL20921,재정자립도(세입과목개편후),재정자립도(시도/시/군/구),2023,2026-05-11,Haenam-gun,해남군,%,101
행정구역별,11.12,1236410,A,%,T10,DT_1YL20921,재정자립도(세입과목개편전),재정자립도(시도/시/군/구),2023,2026-05-11,Yeongam-gun,영암군,%,101
행정구역별,11.12,1236410,A,%,T20,DT_1YL20921,재정자립도(세입과목개편후),재정자립도(시도/시/군/구),2023,2026-05-11,Yeongam-gun,영암군,%,101
행정구역별,15.75,1236420,A,%,T10,DT_1YL20921,재정자립도(세입과목개편전),재정자립도(시도/시/군/구),2023,2026-05-11,Muan-gun,무안군,%,101
행정구역별,13.17,1236420,A,%,T20,DT_1YL20921,재정자립도(세입과목개편후),재정자립도(시도/시/군/구),2023,2026-05-11,Muan-gun,무안군,%,101
행정구역별,20.32,1236430,A,%,T10,DT_1YL20921,재정자립도(세입과목개편전),재정자립도(시도/시/군/구),2023,2026-05-11,Hampyeong-gun,함평군,%,101
행정구역별,7.58,1236430,A,%,T20,DT_1YL20921,재정자립도(세입과목개편후),재정자립도(시도/시/군/구),2023,2026-05-11,Hampyeong-gun,함평군,%,101
행정구역별,12.14,1236440,A,%,T10,DT_1YL20921,재정자립도(세입과목개편전),재정자립도(시도/시/군/구),2023,2026-05-11,Yeonggwang-gun,영광군,%,101
행정구역별,11.72,1236440,A,%,T20,DT_1YL20921,재정자립도(세입과목개편후),재정자립도(시도/시/군/구),2023,2026-05-11,Yeonggwang-gun,영광군,%,101
행정구역별,14.31,1236450,A,%,T10,DT_1YL20921,재정자립도(세입과목개편전),재정자립도(시도/시/군/구),2023,2026-05-11,Jangseong-gun,장성군,%,101
행정구역별,10.98,1236450,A,%,T20,DT_1YL20921,재정자립도(세입과목개편후),재정자립도(시도/시/군/구),2023,2026-05-11,Jangseong-gun,장성군,%,101
행정구역별,12.31,1236460,A,%,T10,DT_1YL20921,재정자립도(세입과목개편전),재정자립도(시도/시/군/구),2023,2026-05-11,Wando-gun,완도군,%,101
행정구역별,6.17,1236460,A,%,T20,DT_1YL20921,재정자립도(세입과목개편후),재정자립도(시도/시/군/구),2023,2026-05-11,Wando-gun,완도군,%,101
행정구역별,14.46,1236470,A,%,T10,DT_1YL20921,재정자립도(세입과목개편전),재정자립도(시도/시/군/구),2023,2026-05-11,Jindo-gun,진도군,%,101
행정구역별,7.81,1236470,A,%,T20,DT_1YL20921,재정자립도(세입과목개편후),재정자립도(시도/시/군/구),2023,2026-05-11,Jindo-gun,진도군,%,101
행정구역별,7.85,1236480,A,%,T10,DT_1YL20921,재정자립도(세입과목개편전),재정자립도(시도/시/군/구),2023,2026-05-11,Sinan-gun,신안군,%,101
행정구역별,6.94,1236480,A,%,T20,DT_1YL20921,재정자립도(세입과목개편후),재정자립도(시도/시/군/구),2023,2026-05-11,Sinan-gun,신안군,%,101
행정구역별,53.16,21,A,%,T10,DT_1YL20921,재정자립도(세입과목개편전),재정자립도(시도/시/군/구),2023,2026-05-11,Busan,부산광역시,%,101
행정구역별,45.96,21,A,%,T20,DT_1YL20921,재정자립도(세입과목개편후),재정자립도(시도/시/군/구),2023,2026-05-11,Busan,부산광역시,%,101
행정구역별,26.35,21010,A,%,T10,DT_1YL20921,재정자립도(세입과목개편전),재정자립도(시도/시/군/구),2023,2026-05-11,Jung-gu,중구,%,101
행정구역별,23.67,21010,A,%,T20,DT_1YL20921,재정자립도(세입과목개편후),재정자립도(시도/시/군/구),2023,2026-05-11,Jung-gu,중구,%,101
행정구역별,16.61,21020,A,%,T10,DT_1YL20921,재정자립도(세입과목개편전),재정자립도(시도/시/군/구),2023,2026-05-11,Seo-gu,서구,%,101
행정구역별,13.62,21020,A,%,T20,DT_1YL20921,재정자립도(세입과목개편후),재정자립도(시도/시/군/구),2023,2026-05-11,Seo-gu,서구,%,101
행정구역별,19.31,21030,A,%,T10,DT_1YL20921,재정자립도(세입과목개편전),재정자립도(시도/시/군/구),2023,2026-05-11,Dong-gu,동구,%,101
행정구역별,17.27,21030,A,%,T20,DT_1YL20921,재정자립도(세입과목개편후),재정자립도(시도/시/군/구),2023,2026-05-11,Dong-gu,동구,%,101
행정구역별,14.78,21040,A,%,T10,DT_1YL20921,재정자립도(세입과목개편전),재정자립도(시도/시/군/구),2023,2026-05-11,Yeongdo-gu,영도구,%,101
행정구역별,10.72,21040,A,%,T20,DT_1YL20921,재정자립도(세입과목개편후),재정자립도(시도/시/군/구),2023,2026-05-11,Yeongdo-gu,영도구,%,101
행정구역별,22.7,21050,A,%,T10,DT_1YL20921,재정자립도(세입과목개편전),재정자립도(시도/시/군/구),2023,2023-05-11,Busanjin-gu,부산진구,%,101
행정구역별,21.33,21050,A,%,T20,DT_1YL20921,재정자립도(세입과목개편후),재정자립도(시도/시/군/구),2023,2026-05-11,Busanjin-gu,부산진구,%,101
행정구역별,26.16,21060,A,%,T10,DT_1YL20921,재정자립도(세입과목개편전),재정자립도(시도/시/군/구),2023,2026-05-11,Dongnae-gu,동래구,%,101
행정구역별,22.28,21060,A,%,T20,DT_1YL20921,재정자립도(세입과목개편후),재정자립도(시도/시/군/구),2023,2026-05-11,Dongnae-gu,동래구,%,101
행정구역별,28.41,21070,A,%,T10,DT_1YL20921,재정자립도(세입과목개편전),재정자립도(시도/시/군/구),2023,2026-05-11,Nam-gu,남구,%,101
행정구역별,19.59,21070,A,%,T20,DT_1YL20921,재정자립도(세입과목개편후),재정자립도(시도/시/군/구),2023,2026-05-11,Nam-gu,남구,%,101
행정구역별,14.39,21080,A,%,T10,DT_1YL20921,재정자립도(세입과목개편전),재정자립도(시도/시/군/구),2023,2026-05-11,Buk-gu,북구,%,101
행정구역별,11.09,21080,A,%,T20,DT_1YL20921,재정자립도(세입과목개편후),재정자립도(시도/시/군/구),2023,2026-05-11,Buk-gu,북구,%,101
행정구역별,32.1,21090,A,%,T10,DT_1YL20921,재정자립도(세입과목개편전),재정자립도(시도/시/군/구),2023,2023-05-11,Haeundae-gu,해운대구,%,101
행정구역별,29.55,21090,A,%,T20,DT_1YL20921,재정자립도(세입과목개편후),재정자립도(시도/시/군/구),2023,2026-05-11,Haeundae-gu,해운대구,%,101
행정구역별,18.85,21100,A,%,T10,DT_1YL20921,재정자립도(세입과목개편전),재정자립도(시도/시/군/구),2023,2026-05-11,Saha-gu,사하구,%,101
행정구역별,16.43,21100,A,%,T20,DT_1YL20921,재정자립도(세입과목개편후),재정자립도(시도/시/군/구),2023,2026-05-11,Saha-gu,사하구,%,101
행정구역별,23.67,21110,A,%,T10,DT_1YL20921,재정자립도(세입과목개편전),재정자립도(시도/시/군/구),2023,2026-05-11,Geumjeong-gu,금정구,%,101
행정구역별,17.07,21110,A,%,T20,DT_1YL20921,재정자립도(세입과목개편후),재정자립도(시도/시/군/구),2023,2026-05-11,Geumjeong-gu,금정구,%,101
행정구역별,44.11,21120,A,%,T10,DT_1YL20921,재정자립도(세입과목개편전),재정자립도(시도/시/군/구),2023,2026-05-11,Gangseo-gu,강서구,%,101
행정구역별,42.73,21120,A,%,T20,DT_1YL20921,재정자립도(세입과목개편후),재정자립도(시도/시/군/구),2023,2026-05-11,Gangseo-gu,강서구,%,101
행정구역별,25.55,21130,A,%,T10,DT_1YL20921,재정자립도(세입과목개편전),재정자립도(시도/시/군/구),2023,2026-05-11,Yeonje-gu,연제구,%,101
행정구역별,18.75,21130,A,%,T20,DT_1YL20921,재정자립도(세입과목개편후),재정자립도(시도/시/군/구),2023,2026-05-11,Yeonje-gu,연제구,%,101
행정구역별,26.61,21140,A,%,T10,DT_1YL20921,재정자립도(세입과목개편전),재정자립도(시도/시/군/구),2023,2026-05-11,Suyeong-gu,수영구,%,101
행정구역별,20.01,21140,A,%,T20,DT_1YL20921,재정자립도(세입과목개편후),재정자립도(시도/시/군/구),2023,2026-05-11,Suyeong-gu,수영구,%,101
행정구역별,23.19,21150,A,%,T10,DT_1YL20921,재정자립도(세입과목개편전),재정자립도(시도/시/군/구),2023,2026-05-11,Sasang-gu,사상구,%,101
행정구역별,19.15,21150,A,%,T20,DT_1YL20921,재정자립도(세입과목개편후),재정자립도(시도/시/군/구),2023,2026-05-11,Sasang-gu,사상구,%,101
행정구역별,38.6,21310,A,%,T10,DT_1YL20921,재정자립도(세입과목개편전),재정자립도(시도/시/군/구),2023,2023-05-11,Gijang-gun,기장군,%,101
행정구역별,26.57,21310,A,%,T20,DT_1YL20921,재정자립도(세입과목개편후),재정자립도(시도/시/군/구),2023,2026-05-11,Gijang-gun,기장군,%,101
행정구역별,52.28,22,A,%,T10,DT_1YL20921,재정자립도(세입과목개편전),재정자립도(시도/시/군/구),2023,2026-05-11,Daegu,대구광역시,%,101
행정구역별,47.38,22,A,%,T20,DT_1YL20921,재정자립도(세입과목개편후),재정자립도(시도/시/군/구),2023,2026-05-11,Daegu,대구광역시,%,101
행정구역별,29.56,22010,A,%,T10,DT_1YL20921,재정자립도(세입과목개편전),재정자립도(시도/시/군/구),2023,2026-05-11,Jung-gu,중구,%,101
행정구역별,28.63,22010,A,%,T20,DT_1YL20921,재정자립도(세입과목개편후),재정자립도(시도/시/군/구),2023,2026-05-11,Jung-gu,중구,%,101
행정구역별,18.19,22020,A,%,T10,DT_1YL20921,재정자립도(세입과목개편전),재정자립도(시도/시/군/구),2023,2026-05-11,Dong-gu,동구,%,101
행정구역별,17.32,22020,A,%,T20,DT_1YL20921,재정자립도(세입과목개편후),재정자립도(시도/시/군/구),2023,2026-05-11,Dong-gu,동구,%,101
행정구역별,17.17,22030,A,%,T10,DT_1YL20921,재정자립도(세입과목개편전),재정자립도(시도/시/군/구),2023,2026-05-11,Seo-gu,서구,%,101
행정구역별,13.91,22030,A,%,T20,DT_1YL20921,재정자립도(세입과목개편후),재정자립도(시도/시/군/구),2023,2026-05-11,Seo-gu,서구,%,101
행정구역별,16.65,22040,A,%,T10,DT_1YL20921,재정자립도(세입과목개편전),재정자립도(시도/시/군/구),2023,2026-05-11,Nam-gu,남구,%,101
행정구역별,10.63,22040,A,%,T20,DT_1YL20921,재정자립도(세입과목개편후),재정자립도(시도/시/군/구),2023,2026-05-11,Nam-gu,남구,%,101
행정구역별,20.42,22050,A,%,T10,DT_1YL20921,재정자립도(세입과목개편전),재정자립도(시도/시/군/구),2023,2026-05-11,Buk-gu,북구,%,101
행정구역별,17.7,22050,A,%,T20,DT_1YL20921,재정자립도(세입과목개편후),재정자립도(시도/시/군/구),2023,2023-05-11,Buk-gu,북구,%,101
행정구역별,30.55,22060,A,%,T10,DT_1YL20921,재정자립도(세입과목개편전),재정자립도(시도/시/군/구),2023,2026-05-11,Suseong-gu,수성구,%,101
행정구역별,28.6,22060,A,%,T20,DT_1YL20921,재정자립도(세입과목개편후),재정자립도(시도/시/군/구),2023,2023-05-11,Suseong-gu,수성구,%,101
행정구역별,22.32,22070,A,%,T10,DT_1YL20921,재정자립도(세입과목개편전),재정자립도(시도/시/군/구),2023,2026-05-11,Dalseo-gu,달서구,%,101
행정구역별,21.09,22070,A,%,T20,DT_1YL20921,재정자립도(세입과목개편후),재정자립도(시도/시/군/구),2023,2026-05-11,Dalseo-gu,달서구,%,101
행정구역별,29.79,22310,A,%,T10,DT_1YL20921,재정자립도(세입과목개편전),재정자립도(시도/시/군/구),2023,2026-05-11,Dalseong-gun,달성군,%,101
행정구역별,29.27,22310,A,%,T20,DT_1YL20921,재정자립도(세입과목개편후),재정자립도(시도/시/군/구),2023,2026-05-11,Dalseong-gun,달성군,%,101
행정구역별,59.63,23,A,%,T10,DT_1YL20921,재정자립도(세입과목개편전),재정자립도(시도/시/군/구),2023,2026-05-11,Incheon,인천광역시,%,101
행정구역별,52.43,23,A,%,T20,DT_1YL20921,재정자립도(세입과목개편후),재정자립도(시도/시/군/구),2023,2026-05-11,Incheon,인천광역시,%,101
행정구역별,44.21,23010,A,%,T10,DT_1YL20921,재정자립도(세입과목개편전),재정자립도(시도/시/군/구),2023,2026-05-11,Jung-gu,중구,%,101
행정구역별,39.47,23010,A,%,T20,DT_1YL20921,재정자립도(세입과목개편후),재정자립도(시도/시/군/구),2023,2026-05-11,Jung-gu,중구,%,101
행정구역별,19.16,23020,A,%,T10,DT_1YL20921,재정자립도(세입과목개편전),재정자립도(시도/시/군/구),2023,2026-05-11,Dong-gu,동구,%,101
행정구역별,12.97,23020,A,%,T20,DT_1YL20921,재정자립도(세입과목개편후),재정자립도(시도/시/군/구),2023,2026-05-11,Dong-gu,동구,%,101
행정구역별,36.3,23040,A,%,T10,DT_1YL20921,재정자립도(세입과목개편전),재정자립도(시도/시/군/구),2023,2023-05-11,Yeonsu-gu,연수구,%,101
행정구역별,30.95,23040,A,%,T20,DT_1YL20921,재정자립도(세입과목개편후),재정자립도(시도/시/군/구),2023,2026-05-11,Yeonsu-gu,연수구,%,101
행정구역별,24.53,23050,A,%,T10,DT_1YL20921,재정자립도(세입과목개편전),재정자립도(시도/시/군/구),2023,2026-05-11,Namdong-gu,남동구,%,101
행정구역별,19.57,23050,A,%,T20,DT_1YL20921,재정자립도(세입과목개편후),재정자립도(시도/시/군/구),2023,2026-05-11,Namdong-gu,남동구,%,101
행정구역별,21.45,23060,A,%,T10,DT_1YL20921,재정자립도(세입과목개편전),재정자립도(시도/시/군/구),2023,2026-05-11,Bupyeong-gu,부평구,%,101
행정구역별,16.92,23060,A,%,T20,DT_1YL20921,재정자립도(세입과목개편후),재정자립도(시도/시/군/구),2023,2026-05-11,Bupyeong-gu,부평구,%,101
행정구역별,21.5,23070,A,%,T10,DT_1YL20921,재정자립도(세입과목개편전),재정자립도(시도/시/군/구),2023,2023-05-11,Gyeyang-gu,계양구,%,101
행정구역별,16.62,23070,A,%,T20,DT_1YL20921,재정자립도(세입과목개편후),재정자립도(시도/시/군/구),2023,2026-05-11,Gyeyang-gu,계양구,%,101
행정구역별,34.2,23080,A,%,T10,DT_1YL20921,재정자립도(세입과목개편전),재정자립도(시도/시/군/구),2023,2023-05-11,Seo-gu,서구,%,101
행정구역별,31.96,23080,A,%,T20,DT_1YL20921,재정자립도(세입과목개편후),재정자립도(시도/시/군/구),2023,2026-05-11,Seo-gu,서구,%,101
행정구역별,18.19,23090,A,%,T10,DT_1YL20921,재정자립도(세입과목개편전),재정자립도(시도/시/군/구),2023,2026-05-11,Michuhol-gu,미추홀구,%,101
행정구역별,14.21,23090,A,%,T20,DT_1YL20921,재정자립도(세입과목개편후),재정자립도(시도/시/군/구),2023,2026-05-11,Michuhol-gu,미추홀구,%,101
행정구역별,13.95,23310,A,%,T10,DT_1YL20921,재정자립도(세입과목개편전),재정자립도(시도/시/군/구),2023,2026-05-11,Ganghwa-gun,강화군,%,101
행정구역별,12.35,23310,A,%,T20,DT_1YL20921,재정자립도(세입과목개편후),재정자립도(시도/시/군/구),2023,2026-05-11,Ganghwa-gun,강화군,%,101
행정구역별,11,23320,A,%,T10,DT_1YL20921,재정자립도(세입과목개편전),재정자립도(시도/시/군/구),2023,2023-05-11,Ongjin-gun,옹진군,%,101
행정구역별,8.69,23320,A,%,T20,DT_1YL20921,재정자립도(세입과목개편후),재정자립도(시도/시/군/구),2023,2026-05-11,Ongjin-gun,옹진군,%,101
행정구역별,46.41,25,A,%,T10,DT_1YL20921,재정자립도(세입과목개편전),재정자립도(시도/시/군/구),2023,2026-05-11,Daejeon,대전광역시,%,101
행정구역별,42.32,25,A,%,T20,DT_1YL20921,재정자립도(세입과목개편후),재정자립도(시도/시/군/구),2023,2026-05-11,Daejeon,대전광역시,%,101
행정구역별,11.82,25010,A,%,T10,DT_1YL20921,재정자립도(세입과목개편전),재정자립도(시도/시/군/구),2023,2026-05-11,Dong-gu,동구,%,101
행정구역별,11.05,25010,A,%,T20,DT_1YL20921,재정자립도(세입과목개편후),재정자립도(시도/시/군/구),2023,2026-05-11,Dong-gu,동구,%,101
행정구역별,15.26,25020,A,%,T10,DT_1YL20921,재정자립도(세입과목개편전),재정자립도(시도/시/군/구),2023,2026-05-11,Jung-gu,중구,%,101
행정구역별,12.63,25020,A,%,T20,DT_1YL20921,재정자립도(세입과목개편후),재정자립도(시도/시/군/구),2023,2026-05-11,Jung-gu,중구,%,101
행정구역별,19.57,25030,A,%,T10,DT_1YL20921,재정자립도(세입과목개편전),재정자립도(시도/시/군/구),2023,2026-05-11,Seo-gu,서구,%,101
행정구역별,16.84,25030,A,%,T20,DT_1YL20921,재정자립도(세입과목개편후),재정자립도(시도/시/군/구),2023,2026-05-11,Seo-gu,서구,%,101
행정구역별,30.52,25040,A,%,T10,DT_1YL20921,재정자립도(세입과목개편전),재정자립도(시도/시/군/구),2023,2026-05-11,Yuseong-gu,유성구,%,101
행정구역별,28.69,25040,A,%,T20,DT_1YL20921,재정자립도(세입과목개편후),재정자립도(시도/시/군/구),2023,2026-05-11,Yuseong-gu,유성구,%,101
행정구역별,18.39,25050,A,%,T10,DT_1YL20921,재정자립도(세입과목개편전),재정자립도(시도/시/군/구),2023,2026-05-11,Daedeok-gu,대덕구,%,101
행정구역별,14.42,25050,A,%,T20,DT_1YL20921,재정자립도(세입과목개편후),재정자립도(시도/시/군/구),2023,2026-05-11,Daedeok-gu,대덕구,%,101
행정구역별,56.64,26,A,%,T10,DT_1YL20921,재정자립도(세입과목개편전),재정자립도(시도/시/군/구),2023,2026-05-11,Ulsan,울산광역시,%,101
행정구역별,49.81,26,A,%,T20,DT_1YL20921,재정자립도(세입과목개편후),재정자립도(시도/시/군/구),2023,2026-05-11,Ulsan,울산광역시,%,101
행정구역별,19.3,26010,A,%,T10,DT_1YL20921,재정자립도(세입과목개편전),재정자립도(시도/시/군/구),2023,2023-05-11,Jung-gu,중구,%,101
행정구역별,16.94,26010,A,%,T20,DT_1YL20921,재정자립도(세입과목개편후),재정자립도(시도/시/군/구),2023,2026-05-11,Jung-gu,중구,%,101
행정구역별,34.05,26020,A,%,T10,DT_1YL20921,재정자립도(세입과목개편전),재정자립도(시도/시/군/구),2023,2026-05-11,Nam-gu,남구,%,101
행정구역별,26.54,26020,A,%,T20,DT_1YL20921,재정자립도(세입과목개편후),재정자립도(시도/시/군/구),2023,2026-05-11,Nam-gu,남구,%,101
행정구역별,22.93,26030,A,%,T10,DT_1YL20921,재정자립도(세입과목개편전),재정자립도(시도/시/군/구),2023,2026-05-11,Dong-gu,동구,%,101
행정구역별,19.15,26030,A,%,T20,DT_1YL20921,재정자립도(세입과목개편후),재정자립도(시도/시/군/구),2023,2026-05-11,Dong-gu,동구,%,101
행정구역별,27.31,26040,A,%,T10,DT_1YL20921,재정자립도(세입과목개편전),재정자립도(시도/시/군/구),2023,2026-05-11,Buk-gu,북구,%,101
행정구역별,24.52,26040,A,%,T20,DT_1YL20921,재정자립도(세입과목개편후),재정자립도(시도/시/군/구),2023,2026-05-11,Buk-gu,북구,%,101
행정구역별,46.23,26310,A,%,T10,DT_1YL20921,재정자립도(세입과목개편전),재정자립도(시도/시/군/구),2023,2026-05-11,Ulju-gun,울주군,%,101
행정구역별,32.48,26310,A,%,T20,DT_1YL20921,재정자립도(세입과목개편후),재정자립도(시도/시/군/구),2023,2026-05-11,Ulju-gun,울주군,%,101
행정구역별,69.74,29,A,%,T10,DT_1YL20921,재정자립도(세입과목개편전),재정자립도(시도/시/군/구),2023,2026-05-11,Sejong,세종특별자치시,%,101
행정구역별,57.19,29,A,%,T20,DT_1YL20921,재정자립도(세입과목개편후),재정자립도(시도/시/군/구),2023,2026-05-11,Sejong,세종특별자치시,%,101
행정구역별,65.69,31,A,%,T10,DT_1YL20921,재정자립도(세입과목개편전),재정자립도(시도/시/군/구),2023,2026-05-11,Gyeonggi-do,경기도,%,101
행정구역별,60.5,31,A,%,T20,DT_1YL20921,재정자립도(세입과목개편후),재정자립도(시도/시/군/구),2023,2023-05-11,Gyeonggi-do,경기도,%,101
행정구역별,52.35,31010,A,%,T10,DT_1YL20921,재정자립도(세입과목개편전),재정자립도(시도/시/군/구),2023,2026-05-11,Suwon-si,수원시,%,101
행정구역별,45.98,31010,A,%,T20,DT_1YL20921,재정자립도(세입과목개편후),재정자립도(시도/시/군/구),2023,2026-05-11,Suwon-si,수원시,%,101
행정구역별,63.35,31020,A,%,T10,DT_1YL20921,재정자립도(세입과목개편전),재정자립도(시도/시/군/구),2023,2026-05-11,Seongnam-si,성남시,%,101
행정구역별,59.59,31020,A,%,T20,DT_1YL20921,재정자립도(세입과목개편후),재정자립도(시도/시/군/구),2023,2026-05-11,Seongnam-si,성남시,%,101
행정구역별,27.97,31030,A,%,T10,DT_1YL20921,재정자립도(세입과목개편전),재정자립도(시도/시/군/구),2023,2026-05-11,Uijeongbu-si,의정부시,%,101
행정구역별,22.6,31030,A,%,T20,DT_1YL20921,재정자립도(세입과목개편후),재정자립도(시도/시/군/구),2023,2023-05-11,Uijeongbu-si,의정부시,%,101
행정구역별,46.91,31040,A,%,T10,DT_1YL20921,재정자립도(세입과목개편전),재정자립도(시도/시/군/구),2023,2026-05-11,Anyang-si,안양시,%,101
행정구역별,39.62,31040,A,%,T20,DT_1YL20921,재정자립도(세입과목개편후),재정자립도(시도/시/군/구),2023,2026-05-11,Anyang-si,안양시,%,101
행정구역별,34.82,31050,A,%,T10,DT_1YL20921,재정자립도(세입과목개편전),재정자립도(시도/시/군/구),2023,2026-05-11,Bucheon-si,부천시,%,101
행정구역별,31.11,31050,A,%,T20,DT_1YL20921,재정자립도(세입과목개편후),재정자립도(시도/시/군/구),2023,2026-05-11,Bucheon-si,부천시,%,101
행정구역별,42.03,31060,A,%,T10,DT_1YL20921,재정자립도(세입과목개편전),재정자립도(시도/시/군/구),2023,2026-05-11,Gwangmyeong-si,광명시,%,101
행정구역별,35.96,31060,A,%,T20,DT_1YL20921,재정자립도(세입과목개편후),재정자립도(시도/시/군/구),2023,2026-05-11,Gwangmyeong-si,광명시,%,101
행정구역별,47.13,31070,A,%,T10,DT_1YL20921,재정자립도(세입과목개편전),재정자립도(시도/시/군/구),2023,2026-05-11,Pyeongtaek-si,평택시,%,101
행정구역별,45.83,31070,A,%,T20,DT_1YL20921,재정자립도(세입과목개편후),재정자립도(시도/시/군/구),2023,2026-05-11,Pyeongtaek-si,평택시,%,101
행정구역별,15.55,31080,A,%,T10,DT_1YL20921,재정자립도(세입과목개편전),재정자립도(시도/시/군/구),2023,2026-05-11,Dongducheon-si,동두천시,%,101
행정구역별,13.94,31080,A,%,T20,DT_1YL20921,재정자립도(세입과목개편후),재정자립도(시도/시/군/구),2023,2026-05-11,Dongducheon-si,동두천시,%,101
행정구역별,39.3,31090,A,%,T10,DT_1YL20921,재정자립도(세입과목개편전),재정자립도(시도/시/군/구),2023,2023-05-11,Ansan-si,안산시,%,101
행정구역별,37.18,31090,A,%,T20,DT_1YL20921,재정자립도(세입과목개편후),재정자립도(시도/시/군/구),2023,2026-05-11,Ansan-si,안산시,%,101
행정구역별,37.59,31100,A,%,T10,DT_1YL20921,재정자립도(세입과목개편전),재정자립도(시도/시/군/구),2023,2026-05-11,Goyang-si,고양시,%,101
행정구역별,32.65,31100,A,%,T20,DT_1YL20921,재정자립도(세입과목개편후),재정자립도(시도/시/군/구),2023,2026-05-11,Goyang-si,고양시,%,101
행정구역별,53.07,31110,A,%,T10,DT_1YL20921,재정자립도(세입과목개편전),재정자립도(시도/시/군/구),2023,2026-05-11,Gwacheon-si,과천시,%,101
행정구역별,45.34,31110,A,%,T20,DT_1YL20921,재정자립도(세입과목개편후),재정자립도(시도/시/군/구),2023,2026-05-11,Gwacheon-si,과천시,%,101
행정구역별,36.56,31120,A,%,T10,DT_1YL20921,재정자립도(세입과목개편전),재정자립도(시도/시/군/구),2023,2026-05-11,Guri-si,구리시,%,101
행정구역별,28.39,31120,A,%,T20,DT_1YL20921,재정자립도(세입과목개편후),재정자립도(시도/시/군/구),2023,2026-05-11,Guri-si,구리시,%,101
행정구역별,32.47,31130,A,%,T10,DT_1YL20921,재정자립도(세입과목개편전),재정자립도(시도/시/군/구),2023,2026-05-11,Namyangju-si,남양주시,%,101
행정구역별,30.63,31130,A,%,T20,DT_1YL20921,재정자립도(세입과목개편후),재정자립도(시도/시/군/구),2023,2026-05-11,Namyangju-si,남양주시,%,101
행정구역별,35.74,31140,A,%,T10,DT_1YL20921,재정자립도(세입과목개편전),재정자립도(시도/시/군/구),2023,2026-05-11,Osan-si,오산시,%,101
행정구역별,33.9,31140,A,%,T20,DT_1YL20921,재정자립도(세입과목개편후),재정자립도(시도/시/군/구),2023,2023-05-11,Osan-si,오산시,%,101
행정구역별,41.26,31150,A,%,T10,DT_1YL20921,재정자립도(세입과목개편전),재정자립도(시도/시/군/구),2023,2026-05-11,Siheung-si,시흥시,%,101
행정구역별,39.98,31150,A,%,T20,DT_1YL20921,재정자립도(세입과목개편후),재정자립도(시도/시/군/구),2023,2026-05-11,Siheung-si,시흥시,%,101
행정구역별,35.19,31160,A,%,T10,DT_1YL20921,재정자립도(세입과목개편전),재정자립도(시도/시/군/구),2023,2026-05-11,Gunpo-si,군포시,%,101
행정구역별,32.7,31160,A,%,T20,DT_1YL20921,재정자립도(세입과목개편후),재정자립도(시도/시/군/구),2023,2023-05-11,Gunpo-si,군포시,%,101
행정구역별,40.31,31170,A,%,T10,DT_1YL20921,재정자립도(세입과목개편전),재정자립도(시도/시/군/구),2023,2026-05-11,Uiwang-si,의왕시,%,101
행정구역별,35.69,31170,A,%,T20,DT_1YL20921,재정자립도(세입과목개편후),재정자립도(시도/시/군/구),2023,2026-05-11,Uiwang-si,의왕시,%,101
행정구역별,52.48,31180,A,%,T10,DT_1YL20921,재정자립도(세입과목개편전),재정자립도(시도/시/군/구),2023,2026-05-11,Hanam-si,하남시,%,101
행정구역별,51.5,31180,A,%,T20,DT_1YL20921,재정자립도(세입과목개편후),재정자립도(시도/시/군/구),2023,2023-05-11,Hanam-si,하남시,%,101
행정구역별,58.78,31190,A,%,T10,DT_1YL20921,재정자립도(세입과목개편전),재정자립도(시도/시/군/구),2023,2026-05-11,Yongin-si,용인시,%,101
행정구역별,47.91,31190,A,%,T20,DT_1YL20921,재정자립도(세입과목개편후),재정자립도(시도/시/군/구),2023,2026-05-11,Yongin-si,용인시,%,101
행정구역별,42.47,31200,A,%,T10,DT_1YL20921,재정자립도(세입과목개편전),재정자립도(시도/시/군/구),2023,2026-05-11,Paju-si,파주시,%,101
행정구역별,30.04,31200,A,%,T20,DT_1YL20921,재정자립도(세입과목개편후),재정자립도(시도/시/군/구),2023,2026-05-11,Paju-si,파주시,%,101
행정구역별,60.97,31210,A,%,T10,DT_1YL20921,재정자립도(세입과목개편전),재정자립도(시도/시/군/구),2023,2026-05-11,Icheon-si,이천시,%,101
행정구역별,43.87,31210,A,%,T20,DT_1YL20921,재정자립도(세입과목개편후),재정자립도(시도/시/군/구),2023,2026-05-11,Icheon-si,이천시,%,101
행정구역별,32.72,31220,A,%,T10,DT_1YL20921,재정자립도(세입과목개편전),재정자립도(시도/시/군/구),2023,2026-05-11,Anseong-si,안성시,%,101
행정구역별,29.64,31220,A,%,T20,DT_1YL20921,재정자립도(세입과목개편후),재정자립도(시도/시/군/구),2023,2026-05-11,Anseong-si,안성시,%,101
행정구역별,41.43,31230,A,%,T10,DT_1YL20921,재정자립도(세입과목개편전),재정자립도(시도/시/군/구),2023,2026-05-11,Gimpo-si,김포시,%,101
행정구역별,37.16,31230,A,%,T20,DT_1YL20921,재정자립도(세입과목개편후),재정자립도(시도/시/군/구),2023,2026-05-11,Gimpo-si,김포시,%,101
행정구역별,61.08,31240,A,%,T10,DT_1YL20921,재정자립도(세입과목개편전),재정자립도(시도/시/군/구),2023,2026-05-11,Hwaseong-si,화성시,%,101
행정구역별,61.08,31240,A,%,T20,DT_1YL20921,재정자립도(세입과목개편후),재정자립도(시도/시/군/구),2023,2026-05-11,Hwaseong-si,화성시,%,101
행정구역별,39.4,31250,A,%,T10,DT_1YL20921,재정자립도(세입과목개편전),재정자립도(시도/시/군/구),2023,2023-05-11,Gwangju-si,광주시,%,101
행정구역별,36.65,31250,A,%,T20,DT_1YL20921,재정자립도(세입과목개편후),재정자립도(시도/시/군/구),2023,2026-05-11,Gwangju-si,광주시,%,101
행정구역별,29.47,31260,A,%,T10,DT_1YL20921,재정자립도(세입과목개편전),재정자립도(시도/시/군/구),2023,2026-05-11,Yangju-si,양주시,%,101
행정구역별,26.71,31260,A,%,T20,DT_1YL20921,재정자립도(세입과목개편후),재정자립도(시도/시/군/구),2023,2026-05-11,Yangju-si,양주시,%,101
행정구역별,26.95,31270,A,%,T10,DT_1YL20921,재정자립도(세입과목개편전),재정자립도(시도/시/군/구),2023,2026-05-11,Pocheon-si,포천시,%,101
행정구역별,24.63,31270,A,%,T20,DT_1YL20921,재정자립도(세입과목개편후),재정자립도(시도/시/군/구),2023,2026-05-11,Pocheon-si,포천시,%,101
행정구역별,27.84,31280,A,%,T10,DT_1YL20921,재정자립도(세입과목개편전),재정자립도(시도/시/군/구),2023,2026-05-11,Yeoju-si,여주시,%,101
행정구역별,21.46,31280,A,%,T20,DT_1YL20921,재정자립도(세입과목개편후),재정자립도(시도/시/군/구),2023,2026-05-11,Yeoju-si,여주시,%,101
행정구역별,24.09,31350,A,%,T10,DT_1YL20921,재정자립도(세입과목개편전),재정자립도(시도/시/군/구),2023,2026-05-11,Yeoncheon-gun,연천군,%,101
행정구역별,15.05,31350,A,%,T20,DT_1YL20921,재정자립도(세입과목개편후),재정자립도(시도/시/군/구),2023,2026-05-11,Yeoncheon-gun,연천군,%,101
행정구역별,20.67,31370,A,%,T10,DT_1YL20921,재정자립도(세입과목개편전),재정자립도(시도/시/군/구),2023,2026-05-11,Gapyeong-gun,가평군,%,101
행정구역별,20.51,31370,A,%,T20,DT_1YL20921,재정자립도(세입과목개편후),재정자립도(시도/시/군/구),2023,2026-05-11,Gapyeong-gun,가평군,%,101
행정구역별,21.56,31380,A,%,T10,DT_1YL20921,재정자립도(세입과목개편전),재정자립도(시도/시/군/구),2023,2026-05-11,Yangpyeong-gun,양평군,%,101
행정구역별,20.54,31380,A,%,T20,DT_1YL20921,재정자립도(세입과목개편후),재정자립도(시도/시/군/구),2023,2026-05-11,Yangpyeong-gun,양평군,%,101
행정구역별,29.43,32,A,%,T10,DT_1YL20921,재정자립도(세입과목개편전),재정자립도(시도/시/군/구),2023,2026-05-11,Gangwon-do,강원특별자치도,%,101
행정구역별,25.42,32,A,%,T20,DT_1YL20921,재정자립도(세입과목개편후),재정자립도(시도/시/군/구),2023,2026-05-11,Gangwon-do,강원특별자치도,%,101
행정구역별,22.62,32010,A,%,T10,DT_1YL20921,재정자립도(세입과목개편전),재정자립도(시도/시/군/구),2023,2026-05-11,Chuncheon-si,춘천시,%,101
행정구역별,20.12,32010,A,%,T20,DT_1YL20921,재정자립도(세입과목개편후),재정자립도(시도/시/군/구),2023,2026-05-11,Chuncheon-si,춘천시,%,101
행정구역별,20.44,32020,A,%,T10,DT_1YL20921,재정자립도(세입과목개편전),재정자립도(시도/시/군/구),2023,2026-05-11,Wonju-si,원주시,%,101
행정구역별,18.97,32020,A,%,T20,DT_1YL20921,재정자립도(세입과목개편후),재정자립도(시도/시/군/구),2023,2026-05-11,Wonju-si,원주시,%,101
행정구역별,19.28,32030,A,%,T10,DT_1YL20921,재정자립도(세입과목개편전),재정자립도(시도/시/군/구),2023,2026-05-11,Gangneung-si,강릉시,%,101
행정구역별,15.12,32030,A,%,T20,DT_1YL20921,재정자립도(세입과목개편후),재정자립도(시도/시/군/구),2023,2026-05-11,Gangneung-si,강릉시,%,101
행정구역별,15.63,32040,A,%,T10,DT_1YL20921,재정자립도(세입과목개편전),재정자립도(시도/시/군/구),2023,2026-05-11,Donghae-si,동해시,%,101
행정구역별,15.63,32040,A,%,T20,DT_1YL20921,재정자립도(세입과목개편후),재정자립도(시도/시/군/구),2023,2026-05-11,Donghae-si,동해시,%,101
행정구역별,23.08,32050,A,%,T10,DT_1YL20921,재정자립도(세입과목개편전),재정자립도(시도/시/군/구),2023,2026-05-11,Taebaek-si,태백시,%,101
행정구역별,13.06,32050,A,%,T20,DT_1YL20921,재정자립도(세입과목개편후),재정자립도(시도/시/군/구),2023,2026-05-11,Taebaek-si,태백시,%,101
행정구역별,18.27,32060,A,%,T10,DT_1YL20921,재정자립도(세입과목개편전),재정자립도(시도/시/군/구),2023,2026-05-11,Sokcho-si,속초시,%,101
행정구역별,17.49,32060,A,%,T20,DT_1YL20921,재정자립도(세입과목개편후),재정자립도(시도/시/군/구),2023,2026-05-11,Sokcho-si,속초시,%,101
행정구역별,13.48,32070,A,%,T10,DT_1YL20921,재정자립도(세입과목개편전),재정자립도(시도/시/군/구),2023,2026-05-11,Samcheok-si,삼척시,%,101
행정구역별,13.48,32070,A,%,T20,DT_1YL20921,재정자립도(세입과목개편후),재정자립도(시도/시/군/구),2023,2026-05-11,Samcheok-si,삼척시,%,101
행정구역별,21.19,32310,A,%,T10,DT_1YL20921,재정자립도(세입과목개편전),재정자립도(시도/시/군/구),2023,2026-05-11,Hongcheon-gun,홍천군,%,101
행정구역별,11.74,32310,A,%,T20,DT_1YL20921,재정자립도(세입과목개편후),재정자립도(시도/시/군/구),2023,2026-05-11,Hongcheon-gun,홍천군,%,101
행정구역별,13.92,32320,A,%,T10,DT_1YL20921,재정자립도(세입과목개편전),재정자립도(시도/시/군/구),2023,2026-05-11,Hoengseong-gun,횡성군,%,101
행정구역별,10.87,32320,A,%,T20,DT_1YL20921,재정자립도(세입과목개편후),재정자립도(시도/시/군/구),2023,2026-05-11,Hoengseong-gun,횡성군,%,101
행정구역별,17.55,32330,A,%,T10,DT_1YL20921,재정자립도(세입과목개편전),재정자립도(시도/시/군/구),2023,2026-05-11,Yeongwol-gun,영월군,%,101
행정구역별,11.52,32330,A,%,T20,DT_1YL20921,재정자립도(세입과목개편후),재정자립도(시도/시/군/구),2023,2026-05-11,Yeongwol-gun,영월군,%,101
행정구역별,12.8,32340,A,%,T10,DT_1YL20921,재정자립도(세입과목개편전),재정자립도(시도/시/군/구),2023,2023-05-11,Pyeongchang-gun,평창군,%,101
행정구역별,11.48,32340,A,%,T20,DT_1YL20921,재정자립도(세입과목개편후),재정자립도(시도/시/군/구),2023,2026-05-11,Pyeongchang-gun,평창군,%,101
행정구역별,16.14,32350,A,%,T10,DT_1YL20921,재정자립도(세입과목개편전),재정자립도(시도/시/군/구),2023,2026-05-11,Jeongseon-gun,정선군,%,101
행정구역별,12.34,32350,A,%,T20,DT_1YL20921,재정자립도(세입과목개편후),재정자립도(시도/시/군/구),2023,2026-05-11,Jeongseon-gun,정선군,%,101
행정구역별,12.91,32360,A,%,T10,DT_1YL20921,재정자립도(세입과목개편전),재정자립도(시도/시/군/구),2023,2026-05-11,Cheorwon-gun,철원군,%,101
행정구역별,9.93,32360,A,%,T20,DT_1YL20921,재정자립도(세입과목개편후),재정자립도(시도/시/군/구),2023,2026-05-11,Cheorwon-gun,철원군,%,101
행정구역별,16.81,32370,A,%,T10,DT_1YL20921,재정자립도(세입과목개편전),재정자립도(시도/시/군/구),2023,2026-05-11,Hwacheon-gun,화천군,%,101
행정구역별,7.02,32370,A,%,T20,DT_1YL20921,재정자립도(세입과목개편후),재정자립도(시도/시/군/구),2023,2026-05-11,Hwacheon-gun,화천군,%,101
행정구역별,16.63,32380,A,%,T10,DT_1YL20921,재정자립도(세입과목개편전),재정자립도(시도/시/군/구),2023,2026-05-11,Yanggu-gun,양구군,%,101
행정구역별,9.63,32380,A,%,T20,DT_1YL20921,재정자립도(세입과목개편후),재정자립도(시도/시/군/구),2023,2026-05-11,Yanggu-gun,양구군,%,101
행정구역별,8.14,32390,A,%,T10,DT_1YL20921,재정자립도(세입과목개편전),재정자립도(시도/시/군/구),2023,2026-05-11,Inje-gun,인제군,%,101
행정구역별,8.14,32390,A,%,T20,DT_1YL20921,재정자립도(세입과목개편후),재정자립도(시도/시/군/구),2023,2026-05-11,Inje-gun,인제군,%,101
행정구역별,9.84,32400,A,%,T10,DT_1YL20921,재정자립도(세입과목개편전),재정자립도(시도/시/군/구),2023,2026-05-11,Goseong-gun,고성군,%,101
행정구역별,8.32,32400,A,%,T20,DT_1YL20921,재정자립도(세입과목개편후),재정자립도(시도/시/군/구),2023,2026-05-11,Goseong-gun,고성군,%,101
행정구역별,13.15,32410,A,%,T10,DT_1YL20921,재정자립도(세입과목개편전),재정자립도(시도/시/군/구),2023,2026-05-11,Yangyang-gun,양양군,%,101
행정구역별,11.07,32410,A,%,T20,DT_1YL20921,재정자립도(세입과목개편후),재정자립도(시도/시/군/구),2023,2026-05-11,Yangyang-gun,양양군,%,101
행정구역별,36.23,33,A,%,T10,DT_1YL20921,재정자립도(세입과목개편전),재정자립도(시도/시/군/구),2023,2026-05-11,Chungcheongbuk-do,충청북도,%,101
행정구역별,32.1,33,A,%,T20,DT_1YL20921,재정자립도(세입과목개편후),재정자립도(시도/시/군/구),2023,2023-05-11,Chungcheongbuk-do,충청북도,%,101
행정구역별,19.56,33020,A,%,T10,DT_1YL20921,재정자립도(세입과목개편전),재정자립도(시도/시/군/구),2023,2026-05-11,Chungju-si,충주시,%,101
행정구역별,18.17,33020,A,%,T20,DT_1YL20921,재정자립도(세입과목개편후),재정자립도(시도/시/군/구),2023,2026-05-11,Chungju-si,충주시,%,101
행정구역별,17.31,33030,A,%,T10,DT_1YL20921,재정자립도(세입과목개편전),재정자립도(시도/시/군/구),2023,2026-05-11,Jecheon-si,제천시,%,101
행정구역별,13.92,33030,A,%,T20,DT_1YL20921,재정자립도(세입과목개편후),재정자립도(시도/시/군/구),2023,2026-05-11,Jecheon-si,제천시,%,101
행정구역별,32.28,33040,A,%,T10,DT_1YL20921,재정자립도(세입과목개편전),재정자립도(시도/시/군/구),2023,2026-05-11,Cheongju-si,청주시,%,101
행정구역별,30.52,33040,A,%,T20,DT_1YL20921,재정자립도(세입과목개편후),재정자립도(시도/시/군/구),2023,2026-05-11,Cheongju-si,청주시,%,101
행정구역별,13.13,33320,A,%,T10,DT_1YL20921,재정자립도(세입과목개편전),재정자립도(시도/시/군/구),2023,2026-05-11,Boeun-gun,보은군,%,101
행정구역별,10.4,33320,A,%,T20,DT_1YL20921,재정자립도(세입과목개편후),재정자립도(시도/시/군/구),2023,2023-05-11,Boeun-gun,보은군,%,101
행정구역별,15.43,33330,A,%,T10,DT_1YL20921,재정자립도(세입과목개편전),재정자립도(시도/시/군/구),2023,2026-05-11,Okcheon-gun,옥천군,%,101
행정구역별,10.68,33330,A,%,T20,DT_1YL20921,재정자립도(세입과목개편후),재정자립도(시도/시/군/구),2023,2026-05-11,Okcheon-gun,옥천군,%,101
행정구역별,15.26,33340,A,%,T10,DT_1YL20921,재정자립도(세입과목개편전),재정자립도(시도/시/군/구),2023,2026-05-11,Yeongdong-gun,영동군,%,101
행정구역별,8.24,33340,A,%,T20,DT_1YL20921,재정자립도(세입과목개편후),재정자립도(시도/시/군/구),2023,2026-05-11,Yeongdong-gun,영동군,%,101
행정구역별,28.12,33350,A,%,T10,DT_1YL20921,재정자립도(세입과목개편전),재정자립도(시도/시/군/구),2023,2026-05-11,Jincheon-gun,진천군,%,101
행정구역별,26.43,33350,A,%,T20,DT_1YL20921,재정자립도(세입과목개편후),재정자립도(시도/시/군/구),2023,2026-05-11,Jincheon-gun,진천군,%,101
행정구역별,9.44,33360,A,%,T10,DT_1YL20921,재정자립도(세입과목개편전),재정자립도(시도/시/군/구),2023,2026-05-11,Goesan-gun,괴산군,%,101
행정구역별,9.28,33360,A,%,T20,DT_1YL20921,재정자립도(세입과목개편후),재정자립도(시도/시/군/구),2023,2026-05-11,Goesan-gun,괴산군,%,101
행정구역별,25.28,33370,A,%,T10,DT_1YL20921,재정자립도(세입과목개편전),재정자립도(시도/시/군/구),2023,2026-05-11,Eumseong-gun,음성군,%,101
행정구역별,22.96,33370,A,%,T20,DT_1YL20921,재정자립도(세입과목개편후),재정자립도(시도/시/군/구),2023,2026-05-11,Eumseong-gun,음성군,%,101
행정구역별,16.41,33380,A,%,T10,DT_1YL20921,재정자립도(세입과목개편전),재정자립도(시도/시/군/구),2023,2026-05-11,Danyang-gun,단양군,%,101
행정구역별,11.38,33380,A,%,T20,DT_1YL20921,재정자립도(세입과목개편후),재정자립도(시도/시/군/구),2023,2026-05-11,Danyang-gun,단양군,%,101
행정구역별,26.64,33390,A,%,T10,DT_1YL20921,재정자립도(세입과목개편전),재정자립도(시도/시/군/구),2023,2026-05-11,Jeungpyeong-gun,증평군,%,101
행정구역별,15.73,33390,A,%,T20,DT_1YL20921,재정자립도(세입과목개편후),재정자립도(시도/시/군/구),2023,2026-05-11,Jeungpyeong-gun,증평군,%,101
행정구역별,37.9,34,A,%,T10,DT_1YL20921,재정자립도(세입과목개편전),재정자립도(시도/시/군/구),2023,2023-05-11,Chungcheongnam-do,충청남도,%,101
행정구역별,33.62,34,A,%,T20,DT_1YL20921,재정자립도(세입과목개편후),재정자립도(시도/시/군/구),2023,2026-05-11,Chungcheongnam-do,충청남도,%,101
행정구역별,37.42,34010,A,%,T10,DT_1YL20921,재정자립도(세입과목개편전),재정자립도(시도/시/군/구),2023,2026-05-11,Cheonan-si,천안시,%,101
행정구역별,31.16,34010,A,%,T20,DT_1YL20921,재정자립도(세입과목개편후),재정자립도(시도/시/군/구),2023,2026-05-11,Cheonan-si,천안시,%,101
행정구역별,18.09,34020,A,%,T10,DT_1YL20921,재정자립도(세입과목개편전),재정자립도(시도/시/군/구),2023,2026-05-11,Gongju-si,공주시,%,101
행정구역별,13.24,34020,A,%,T20,DT_1YL20921,재정자립도(세입과목개편후),재정자립도(시도/시/군/구),2023,2026-05-11,Gongju-si,공주시,%,101
행정구역별,16.38,34030,A,%,T10,DT_1YL20921,재정자립도(세입과목개편전),재정자립도(시도/시/군/구),2023,2026-05-11,Boryeong-si,보령시,%,101
행정구역별,14.48,34030,A,%,T20,DT_1YL20921,재정자립도(세입과목개편후),재정자립도(시도/시/군/구),2023,2026-05-11,Boryeong-si,보령시,%,101
행정구역별,42.03,34040,A,%,T10,DT_1YL20921,재정자립도(세입과목개편전),재정자립도(시도/시/군/구),2023,2026-05-11,Asan-si,아산시,%,101
행정구역별,34.9,34040,A,%,T20,DT_1YL20921,재정자립도(세입과목개편후),재정자립도(시도/시/군/구),2023,2023-05-11,Asan-si,아산시,%,101
행정구역별,28.36,34050,A,%,T10,DT_1YL20921,재정자립도(세입과목개편전),재정자립도(시도/시/군/구),2023,2026-05-11,Seosan-si,서산시,%,101
행정구역별,23.51,34050,A,%,T20,DT_1YL20921,재정자립도(세입과목개편후),재정자립도(시도/시/군/구),2023,2026-05-11,Seosan-si,서산시,%,101
행정구역별,14.67,34060,A,%,T10,DT_1YL20921,재정자립도(세입과목개편전),재정자립도(시도/시/군/구),2023,2026-05-11,Nonsan-si,논산시,%,101
행정구역별,12.14,34060,A,%,T20,DT_1YL20921,재정자립도(세입과목개편후),재정자립도(시도/시/군/구),2023,2026-05-11,Nonsan-si,논산시,%,101
행정구역별,21.18,34070,A,%,T10,DT_1YL20921,재정자립도(세입과목개편전),재정자립도(시도/시/군/구),2023,2026-05-11,Gyeryong-si,계룡시,%,101
행정구역별,18.67,34070,A,%,T20,DT_1YL20921,재정자립도(세입과목개편후),재정자립도(시도/시/군/구),2023,2026-05-11,Gyeryong-si,계룡시,%,101
행정구역별,26.6,34080,A,%,T10,DT_1YL20921,재정자립도(세입과목개편전),재정자립도(시도/시/군/구),2023,2023-05-11,Dangjin-si,당진시,%,101
행정구역별,22.72,34080,A,%,T20,DT_1YL20921,재정자립도(세입과목개편후),재정자립도(시도/시/군/구),2023,2026-05-11,Dangjin-si,당진시,%,101
행정구역별,15.23,34310,A,%,T10,DT_1YL20921,재정자립도(세입과목개편전),재정자립도(시도/시/군/구),2023,2026-05-11,Geumsan-gun,금산군,%,101
행정구역별,11.2,34310,A,%,T20,DT_1YL20921,재정자립도(세입과목개편후),재정자립도(시도/시/군/구),2023,2023-05-11,Geumsan-gun,금산군,%,101
행정구역별,12.98,34330,A,%,T10,DT_1YL20921,재정자립도(세입과목개편전),재정자립도(시도/시/군/구),2023,2026-05-11,Buyeo-gun,부여군,%,101
행정구역별,9.35,34330,A,%,T20,DT_1YL20921,재정자립도(세입과목개편후),재정자립도(시도/시/군/구),2023,2026-05-11,Buyeo-gun,부여군,%,101
행정구역별,11.49,34340,A,%,T10,DT_1YL20921,재정자립도(세입과목개편전),재정자립도(시도/시/군/구),2023,2026-05-11,Seocheon-gun,서천군,%,101
행정구역별,9.75,34340,A,%,T20,DT_1YL20921,재정자립도(세입과목개편후),재정자립도(시도/시/군/구),2023,2026-05-11,Seocheon-gun,서천군,%,101
행정구역별,17.91,34350,A,%,T10,DT_1YL20921,재정자립도(세입과목개편전),재정자립도(시도/시/군/구),2023,2026-05-11,Cheongyang-gun,청양군,%,101
행정구역별,9.42,34350,A,%,T20,DT_1YL20921,재정자립도(세입과목개편후),재정자립도(시도/시/군/구),2023,2026-05-11,Cheongyang-gun,청양군,%,101
행정구역별,18.49,34360,A,%,T10,DT_1YL20921,재정자립도(세입과목개편전),재정자립도(시도/시/군/구),2023,2026-05-11,Hongseong-gun,홍성군,%,101
행정구역별,14.12,34360,A,%,T20,DT_1YL20921,재정자립도(세입과목개편후),재정자립도(시도/시/군/구),2023,2026-05-11,Hongseong-gun,홍성군,%,101
행정구역별,12.12,34370,A,%,T10,DT_1YL20921,재정자립도(세입과목개편전),재정자립도(시도/시/군/구),2023,2026-05-11,Yesan-gun,예산군,%,101
행정구역별,12.11,34370,A,%,T20,DT_1YL20921,재정자립도(세입과목개편후),재정자립도(시도/시/군/구),2023,2026-05-11,Yesan-gun,예산군,%,101
행정구역별,16.34,34380,A,%,T10,DT_1YL20921,재정자립도(세입과목개편전),재정자립도(시도/시/군/구),2023,2026-05-11,Taean-gun,태안군,%,101
행정구역별,12.08,34380,A,%,T20,DT_1YL20921,재정자립도(세입과목개편후),재정자립도(시도/시/군/구),2023,2026-05-11,Taean-gun,태안군,%,101
행정구역별,27.88,35,A,%,T10,DT_1YL20921,재정자립도(세입과목개편전),재정자립도(시도/시/군/구),2023,2026-05-11,Jeollabuk-do,전북특별자치도,%,101
행정구역별,23.81,35,A,%,T20,DT_1YL20921,재정자립도(세입과목개편후),재정자립도(시도/시/군/구),2023,2026-05-11,Jeollabuk-do,전북특별자치도,%,101
행정구역별,25.78,35010,A,%,T10,DT_1YL20921,재정자립도(세입과목개편전),재정자립도(시도/시/군/구),2023,2026-05-11,Jeonju-si,전주시,%,101
행정구역별,23.95,35010,A,%,T20,DT_1YL20921,재정자립도(세입과목개편후),재정자립도(시도/시/군/구),2023,2026-05-11,Jeonju-si,전주시,%,101
행정구역별,17.37,35020,A,%,T10,DT_1YL20921,재정자립도(세입과목개편전),재정자립도(시도/시/군/구),2023,2026-05-11,Gunsan-si,군산시,%,101
행정구역별,15.86,35020,A,%,T20,DT_1YL20921,재정자립도(세입과목개편후),재정자립도(시도/시/군/구),2023,2026-05-11,Gunsan-si,군산시,%,101
행정구역별,16.57,35030,A,%,T10,DT_1YL20921,재정자립도(세입과목개편전),재정자립도(시도/시/군/구),2023,2026-05-11,Iksan-si,익산시,%,101
행정구역별,15.27,35030,A,%,T20,DT_1YL20921,재정자립도(세입과목개편후),재정자립도(시도/시/군/구),2023,2026-05-11,Iksan-si,익산시,%,101
행정구역별,14.66,35040,A,%,T10,DT_1YL20921,재정자립도(세입과목개편전),재정자립도(시도/시/군/구),2023,2026-05-11,Jeongeup-si,정읍시,%,101
행정구역별,9.57,35040,A,%,T20,DT_1YL20921,재정자립도(세입과목개편후),재정자립도(시도/시/군/구),2023,2026-05-11,Jeongeup-si,정읍시,%,101
행정구역별,12.67,35050,A,%,T10,DT_1YL20921,재정자립도(세입과목개편전),재정자립도(시도/시/군/구),2023,2026-05-11,Namwon-si,남원시,%,101
행정구역별,8.56,35050,A,%,T20,DT_1YL20921,재정자립도(세입과목개편후),재정자립도(시도/시/군/구),2023,2026-05-11,Namwon-si,남원시,%,101
행정구역별,13.92,35060,A,%,T10,DT_1YL20921,재정자립도(세입과목개편전),재정자립도(시도/시/군/구),2023,2026-05-11,Gimje-si,김제시,%,101
행정구역별,10.13,35060,A,%,T20,DT_1YL20921,재정자립도(세입과목개편후),재정자립도(시도/시/군/구),2023,2026-05-11,Gimje-si,김제시,%,101
행정구역별,20.45,35310,A,%,T10,DT_1YL20921,재정자립도(세입과목개편전),재정자립도(시도/시/군/구),2023,2026-05-11,Wanju-gun,완주군,%,101
행정구역별,16.35,35310,A,%,T20,DT_1YL20921,재정자립도(세입과목개편후),재정자립도(시도/시/군/구),2023,2026-05-11,Wanju-gun,완주군,%,101
행정구역별,10.21,35320,A,%,T10,DT_1YL20921,재정자립도(세입과목개편전),재정자립도(시도/시/군/구),2023,2026-05-11,Jinan-gun,진안군,%,101
행정구역별,6.96,35320,A,%,T20,DT_1YL20921,재정자립도(세입과목개편후),재정자립도(시도/시/군/구),2023,2026-05-11,Jinan-gun,진안군,%,101
행정구역별,10.34,35330,A,%,T10,DT_1YL20921,재정자립도(세입과목개편전),재정자립도(시도/시/군/구),2023,2026-05-11,Muju-gun,무주군,%,101
행정구역별,7.17,35330,A,%,T20,DT_1YL20921,재정자립도(세입과목개편후),재정자립도(시도/시/군/구),2023,2026-05-11,Muju-gun,무주군,%,101
행정구역별,12.59,35340,A,%,T10,DT_1YL20921,재정자립도(세입과목개편전),재정자립도(시도/시/군/구),2023,2026-05-11,Jangsu-gun,장수군,%,101
행정구역별,7.04,35340,A,%,T20,DT_1YL20921,재정자립도(세입과목개편후),재정자립도(시도/시/군/구),2023,2026-05-11,Jangsu-gun,장수군,%,101
행정구역별,11.02,35350,A,%,T10,DT_1YL20921,재정자립도(세입과목개편전),재정자립도(시도/시/군/구),2023,2026-05-11,Imsil-gun,임실군,%,101
행정구역별,7.68,35350,A,%,T20,DT_1YL20921,재정자립도(세입과목개편후),재정자립도(시도/시/군/구),2023,2026-05-11,Imsil-gun,임실군,%,101
행정구역별,13.32,35360,A,%,T10,DT_1YL20921,재정자립도(세입과목개편전),재정자립도(시도/시/군/구),2023,2026-05-11,Sunchang-gun,순창군,%,101
행정구역별,8.13,35360,A,%,T20,DT_1YL20921,재정자립도(세입과목개편후),재정자립도(시도/시/군/구),2023,2026-05-11,Sunchang-gun,순창군,%,101
행정구역별,11.67,35370,A,%,T10,DT_1YL20921,재정자립도(세입과목개편전),재정자립도(시도/시/군/구),2023,2026-05-11,Gochang-gun,고창군,%,101
행정구역별,7.89,35370,A,%,T20,DT_1YL20921,재정자립도(세입과목개편후),재정자립도(시도/시/군/구),2023,2026-05-11,Gochang-gun,고창군,%,101
행정구역별,13.55,35380,A,%,T10,DT_1YL20921,재정자립도(세입과목개편전),재정자립도(시도/시/군/구),2023,2026-05-11,Buan-gun,부안군,%,101
행정구역별,8.8,35380,A,%,T20,DT_1YL20921,재정자립도(세입과목개편후),재정자립도(시도/시/군/구),2023,2023-05-11,Buan-gun,부안군,%,101
행정구역별,29.71,37,A,%,T10,DT_1YL20921,재정자립도(세입과목개편전),재정자립도(시도/시/군/구),2023,2026-05-11,Gyeongsangbuk-do,경상북도,%,101
행정구역별,25.34,37,A,%,T20,DT_1YL20921,재정자립도(세입과목개편후),재정자립도(시도/시/군/구),2023,2026-05-11,Gyeongsangbuk-do,경상북도,%,101
행정구역별,26.06,37010,A,%,T10,DT_1YL20921,재정자립도(세입과목개편전),재정자립도(시도/시/군/구),2023,2026-05-11,Pohang-si,포항시,%,101
행정구역별,25.39,37010,A,%,T20,DT_1YL20921,재정자립도(세입과목개편후),재정자립도(시도/시/군/구),2023,2026-05-11,Pohang-si,포항시,%,101
행정구역별,21.22,37020,A,%,T10,DT_1YL20921,재정자립도(세입과목개편전),재정자립도(시도/시/군/구),2023,2026-05-11,Gyeongju-si,경주시,%,101
행정구역별,17.77,37020,A,%,T20,DT_1YL20921,재정자립도(세입과목개편후),재정자립도(시도/시/군/구),2023,2026-05-11,Gyeongju-si,경주시,%,101
행정구역별,20.46,37030,A,%,T10,DT_1YL20921,재정자립도(세입과목개편전),재정자립도(시도/시/군/구),2023,2026-05-11,Gimcheon-si,김천시,%,101
행정구역별,11.97,37030,A,%,T20,DT_1YL20921,재정자립도(세입과목개편후),재정자립도(시도/시/군/구),2023,2026-05-11,Gimcheon-si,김천시,%,101
행정구역별,13.93,37040,A,%,T10,DT_1YL20921,재정자립도(세입과목개편전),재정자립도(시도/시/군/구),2023,2026-05-11,Andong-si,안동시,%,101
행정구역별,11.25,37040,A,%,T20,DT_1YL20921,재정자립도(세입과목개편후),재정자립도(시도/시/군/구),2023,2026-05-11,Andong-si,안동시,%,101
행정구역별,30.57,37050,A,%,T10,DT_1YL20921,재정자립도(세입과목개편전),재정자립도(시도/시/군/구),2023,2026-05-11,Gumi-si,구미시,%,101
행정구역별,27.57,37050,A,%,T20,DT_1YL20921,재정자립도(세입과목개편후),재정자립도(시도/시/군/구),2023,2026-05-11,Gumi-si,구미시,%,101
행정구역별,16.97,37060,A,%,T10,DT_1YL20921,재정자립도(세입과목개편전),재정자립도(시도/시/군/구),2023,2026-05-11,Yeongju-si,영주시,%,101
행정구역별,11.49,37060,A,%,T20,DT_1YL20921,재정자립도(세입과목개편후),재정자립도(시도/시/군/구),2023,2026-05-11,Yeongju-si,영주시,%,101
행정구역별,15.06,37070,A,%,T10,DT_1YL20921,재정자립도(세입과목개편전),재정자립도(시도/시/군/구),2023,2026-05-11,Yeongcheon-si,영천시,%,101
행정구역별,12.83,37070,A,%,T20,DT_1YL20921,재정자립도(세입과목개편후),재정자립도(시도/시/군/구),2023,2026-05-11,Yeongcheon-si,영천시,%,101
행정구역별,14.84,37080,A,%,T10,DT_1YL20921,재정자립도(세입과목개편전),재정자립도(시도/시/군/구),2023,2026-05-11,Sangju-si,상주시,%,101
행정구역별,8.57,37080,A,%,T20,DT_1YL20921,재정자립도(세입과목개편후),재정자립도(시도/시/군/구),2023,2026-05-11,Sangju-si,상주시,%,101
행정구역별,12.98,37090,A,%,T10,DT_1YL20921,재정자립도(세입과목개편전),재정자립도(시도/시/군/구),2023,2026-05-11,Mungyeong-si,문경시,%,101
행정구역별,8.41,37090,A,%,T20,DT_1YL20921,재정자립도(세입과목개편후),재정자립도(시도/시/군/구),2023,2026-05-11,Mungyeong-si,문경시,%,101
행정구역별,24.93,37100,A,%,T10,DT_1YL20921,재정자립도(세입과목개편전),재정자립도(시도/시/군/구),2023,2026-05-11,Gyeongsan-si,경산시,%,101
행정구역별,21.86,37100,A,%,T20,DT_1YL20921,재정자립도(세입과목개편후),재정자립도(시도/시/군/구),2023,2026-05-11,Gyeongsan-si,경산시,%,101
행정구역별,10.42,37310,A,%,T10,DT_1YL20921,재정자립도(세입과목개편전),재정자립도(시도/시/군/구),2023,2026-05-11,Gunwi-gun,군위군,%,101
행정구역별,7.39,37310,A,%,T20,DT_1YL20921,재정자립도(세입과목개편후),재정자립도(시도/시/군/구),2023,2026-05-11,Gunwi-gun,군위군,%,101
행정구역별,9.26,37320,A,%,T10,DT_1YL20921,재정자립도(세입과목개편전),재정자립도(시도/시/군/구),2023,2026-05-11,Uiseong-gun,의성군,%,101
행정구역별,9.26,37320,A,%,T20,DT_1YL20921,재정자립도(세입과목개편후),재정자립도(시도/시/군/구),2023,2026-05-11,Uiseong-gun,의성군,%,101
행정구역별,13.92,37330,A,%,T10,DT_1YL20921,재정자립도(세입과목개편전),재정자립도(시도/시/군/구),2023,2026-05-11,Cheongsong-gun,청송군,%,101
행정구역별,6.93,37330,A,%,T20,DT_1YL20921,재정자립도(세입과목개편후),재정자립도(시도/시/군/구),2023,2026-05-11,Cheongsong-gun,청송군,%,101
행정구역별,13.82,37340,A,%,T10,DT_1YL20921,재정자립도(세입과목개편전),재정자립도(시도/시/군/구),2023,2026-05-11,Yeongyang-gun,영양군,%,101
행정구역별,6.31,37340,A,%,T20,DT_1YL20921,재정자립도(세입과목개편후),재정자립도(시도/시/군/구),2023,2026-05-11,Yeongyang-gun,영양군,%,101
행정구역별,11.31,37350,A,%,T10,DT_1YL20921,재정자립도(세입과목개편전),재정자립도(시도/시/군/구),2023,2026-05-11,Yeongdeok-gun,영덕군,%,101
행정구역별,7.57,37350,A,%,T20,DT_1YL20921,재정자립도(세입과목개편후),재정자립도(시도/시/군/구),2023,2026-05-11,Yeongdeok-gun,영덕군,%,101
행정구역별,21.77,37360,A,%,T10,DT_1YL20921,재정자립도(세입과목개편전),재정자립도(시도/시/군/구),2023,2026-05-11,Cheongdo-gun,청도군,%,101
행정구역별,8.23,37360,A,%,T20,DT_1YL20921,재정자립도(세입과목개편후),재정자립도(시도/시/군/구),2023,2026-05-11,Cheongdo-gun,청도군,%,101
행정구역별,19.46,37370,A,%,T10,DT_1YL20921,재정자립도(세입과목개편전),재정자립도(시도/시/군/구),2023,2026-05-11,Goryeong-gun,고령군,%,101
행정구역별,10.69,37370,A,%,T20,DT_1YL20921,재정자립도(세입과목개편후),재정자립도(시도/시/군/구),2023,2026-05-11,Goryeong-gun,고령군,%,101
행정구역별,18.13,37380,A,%,T10,DT_1YL20921,재정자립도(세입과목개편전),재정자립도(시도/시/군/구),2023,2026-05-11,Seongju-gun,성주군,%,101
행정구역별,11.64,37380,A,%,T20,DT_1YL20921,재정자립도(세입과목개편후),재정자립도(시도/시/군/구),2023,2026-05-11,Seongju-gun,성주군,%,101
행정구역별,27.04,37390,A,%,T10,DT_1YL20921,재정자립도(세입과목개편전),재정자립도(시도/시/군/구),2023,2026-05-11,Chilgok-gun,칠곡군,%,101
행정구역별,19.97,37390,A,%,T20,DT_1YL20921,재정자립도(세입과목개편후),재정자립도(시도/시/군/구),2023,2026-05-11,Chilgok-gun,칠곡군,%,101
행정구역별,16.2,37400,A,%,T10,DT_1YL20921,재정자립도(세입과목개편전),재정자립도(시도/시/군/구),2023,2023-05-11,Yecheon-gun,예천군,%,101
행정구역별,9.49,37400,A,%,T20,DT_1YL20921,재정자립도(세입과목개편후),재정자립도(시도/시/군/구),2023,2026-05-11,Yecheon-gun,예천군,%,101
행정구역별,8.32,37410,A,%,T10,DT_1YL20921,재정자립도(세입과목개편전),재정자립도(시도/시/군/구),2023,2026-05-11,Bonghwa-gun,봉화군,%,101
행정구역별,6.24,37410,A,%,T20,DT_1YL20921,재정자립도(세입과목개편후),재정자립도(시도/시/군/구),2023,2026-05-11,Bonghwa-gun,봉화군,%,101
행정구역별,15.37,37420,A,%,T10,DT_1YL20921,재정자립도(세입과목개편전),재정자립도(시도/시/군/구),2023,2026-05-11,Uljin-gun,울진군,%,101
행정구역별,10.89,37420,A,%,T20,DT_1YL20921,재정자립도(세입과목개편후),재정자립도(시도/시/군/구),2023,2026-05-11,Uljin-gun,울진군,%,101
행정구역별,18.88,37430,A,%,T10,DT_1YL20921,재정자립도(세입과목개편전),재정자립도(시도/시/군/구),2023,2026-05-11,Ulleung-gun,울릉군,%,101
행정구역별,11.46,37430,A,%,T20,DT_1YL20921,재정자립도(세입과목개편후),재정자립도(시도/시/군/구),2023,2026-05-11,Ulleung-gun,울릉군,%,101
행정구역별,38.81,38,A,%,T10,DT_1YL20921,재정자립도(세입과목개편전),재정자립도(시도/시/군/구),2023,2026-05-11,Gyeongsangnam-do,경상남도,%,101
행정구역별,33.67,38,A,%,T20,DT_1YL20921,재정자립도(세입과목개편후),재정자립도(시도/시/군/구),2023,2026-05-11,Gyeongsangnam-do,경상남도,%,101
행정구역별,26.66,38030,A,%,T10,DT_1YL20921,재정자립도(세입과목개편전),재정자립도(시도/시/군/구),2023,2026-05-11,Jinju-si,진주시,%,101
행정구역별,19.03,38030,A,%,T20,DT_1YL20921,재정자립도(세입과목개편후),재정자립도(시도/시/군/구),2023,2026-05-11,Jinju-si,진주시,%,101
행정구역별,15.25,38050,A,%,T10,DT_1YL20921,재정자립도(세입과목개편전),재정자립도(시도/시/군/구),2023,2026-05-11,Tongyeong-si,통영시,%,101
행정구역별,12.34,38050,A,%,T20,DT_1YL20921,재정자립도(세입과목개편후),재정자립도(시도/시/군/구),2023,2026-05-11,Tongyeong-si,통영시,%,101
행정구역별,20.22,38060,A,%,T10,DT_1YL20921,재정자립도(세입과목개편전),재정자립도(시도/시/군/구),2023,2026-05-11,Sacheon-si,사천시,%,101
행정구역별,14.65,38060,A,%,T20,DT_1YL20921,재정자립도(세입과목개편후),재정자립도(시도/시/군/구),2023,2026-05-11,Sacheon-si,사천시,%,101
행정구역별,31.96,38070,A,%,T10,DT_1YL20921,재정자립도(세입과목개편전),재정자립도(시도/시/군/구),2023,2026-05-11,Gimhae-si,김해시,%,101
행정구역별,28.24,38070,A,%,T20,DT_1YL20921,재정자립도(세입과목개편후),재정자립도(시도/시/군/구),2023,2026-05-11,Gimhae-si,김해시,%,101
행정구역별,20.8,38080,A,%,T10,DT_1YL20921,재정자립도(세입과목개편전),재정자립도(시도/시/군/구),2023,2023-05-11,Miryang-si,밀양시,%,101
행정구역별,14.79,38080,A,%,T20,DT_1YL20921,재정자립도(세입과목개편후),재정자립도(시도/시/군/구),2023,2026-05-11,Miryang-si,밀양시,%,101
행정구역별,24.98,38090,A,%,T10,DT_1YL20921,재정자립도(세입과목개편전),재정자립도(시도/시/군/구),2023,2026-05-11,Geoje-si,거제시,%,101
행정구역별,16.45,38090,A,%,T20,DT_1YL20921,재정자립도(세입과목개편후),재정자립도(시도/시/군/구),2023,2026-05-11,Geoje-si,거제시,%,101
행정구역별,30.92,38100,A,%,T10,DT_1YL20921,재정자립도(세입과목개편전),재정자립도(시도/시/군/구),2023,2026-05-11,Yangsan-si,양산시,%,101
행정구역별,25.16,38100,A,%,T20,DT_1YL20921,재정자립도(세입과목개편후),재정자립도(시도/시/군/구),2023,2026-05-11,Yangsan-si,양산시,%,101
행정구역별,33.35,38110,A,%,T10,DT_1YL20921,재정자립도(세입과목개편전),재정자립도(시도/시/군/구),2023,2026-05-11,Changwon-si,창원시,%,101
행정구역별,31.17,38110,A,%,T20,DT_1YL20921,재정자립도(세입과목개편후),재정자립도(시도/시/군/구),2023,2026-05-11,Changwon-si,창원시,%,101
행정구역별,15.22,38310,A,%,T10,DT_1YL20921,재정자립도(세입과목개편전),재정자립도(시도/시/군/구),2023,2026-05-11,Uiryeong-gun,의령군,%,101
행정구역별,7.72,38310,A,%,T20,DT_1YL20921,재정자립도(세입과목개편후),재정자립도(시도/시/군/구),2023,2026-05-11,Uiryeong-gun,의령군,%,101
행정구역별,27.46,38320,A,%,T10,DT_1YL20921,재정자립도(세입과목개편전),재정자립도(시도/시/군/구),2023,2026-05-11,Haman-gun,함안군,%,101
행정구역별,15.13,38320,A,%,T20,DT_1YL20921,재정자립도(세입과목개편후),재정자립도(시도/시/군/구),2023,2026-05-11,Haman-gun,함안군,%,101
행정구역별,19.58,38330,A,%,T10,DT_1YL20921,재정자립도(세입과목개편전),재정자립도(시도/시/군/구),2023,2026-05-11,Changnyeong-gun,창녕군,%,101
행정구역별,13.08,38330,A,%,T20,DT_1YL20921,재정자립도(세입과목개편후),재정자립도(시도/시/군/구),2023,2026-05-11,Changnyeong-gun,창녕군,%,101
행정구역별,15.91,38340,A,%,T10,DT_1YL20921,재정자립도(세입과목개편전),재정자립도(시도/시/군/구),2023,2026-05-11,Goseong-gun,고성군,%,101
행정구역별,9.36,38340,A,%,T20,DT_1YL20921,재정자립도(세입과목개편후),재정자립도(시도/시/군/구),2023,2026-05-11,Goseong-gun,고성군,%,101
행정구역별,14.08,38350,A,%,T10,DT_1YL20921,재정자립도(세입과목개편전),재정자립도(시도/시/군/구),2023,2026-05-11,Namhae-gun,남해군,%,101
행정구역별,8.93,38350,A,%,T20,DT_1YL20921,재정자립도(세입과목개편후),재정자립도(시도/시/군/구),2023,2026-05-11,Namhae-gun,남해군,%,101
행정구역별,14.31,38360,A,%,T10,DT_1YL20921,재정자립도(세입과목개편전),재정자립도(시도/시/군/구),2023,2026-05-11,Hadong-gun,하동군,%,101
행정구역별,10.37,38360,A,%,T20,DT_1YL20921,재정자립도(세입과목개편후),재정자립도(시도/시/군/구),2023,2026-05-11,Hadong-gun,하동군,%,101
행정구역별,19.29,38370,A,%,T10,DT_1YL20921,재정자립도(세입과목개편전),재정자립도(시도/시/군/구),2023,2026-05-11,Sancheong-gun,산청군,%,101
행정구역별,8.16,38370,A,%,T20,DT_1YL20921,재정자립도(세입과목개편후),재정자립도(시도/시/군/구),2023,2026-05-11,Sancheong-gun,산청군,%,101
행정구역별,18.52,38380,A,%,T10,DT_1YL20921,재정자립도(세입과목개편전),재정자립도(시도/시/군/구),2023,2026-05-11,Hamyang-gun,함양군,%,101
행정구역별,9.86,38380,A,%,T20,DT_1YL20921,재정자립도(세입과목개편후),재정자립도(시도/시/군/구),2023,2026-05-11,Hamyang-gun,함양군,%,101
행정구역별,15.16,38390,A,%,T10,DT_1YL20921,재정자립도(세입과목개편전),재정자립도(시도/시/군/구),2023,2026-05-11,Geochang-gun,거창군,%,101
행정구역별,8.51,38390,A,%,T20,DT_1YL20921,재정자립도(세입과목개편후),재정자립도(시도/시/군/구),2023,2026-05-11,Geochang-gun,거창군,%,101
행정구역별,9.68,38400,A,%,T10,DT_1YL20921,재정자립도(세입과목개편전),재정자립도(시도/시/군/구),2023,2026-05-11,Hapcheon-gun,합천군,%,101
행정구역별,8.11,38400,A,%,T20,DT_1YL20921,재정자립도(세입과목개편후),재정자립도(시도/시/군/구),2023,2026-05-11,Hapcheon-gun,합천군,%,101
행정구역별,36.86,39,A,%,T10,DT_1YL20921,재정자립도(세입과목개편전),재정자립도(시도/시/군/구),2023,2026-05-11,Jeju,제주특별자치도,%,101
행정구역별,33.32,39,A,%,T20,DT_1YL20921,재정자립도(세입과목개편후),재정자립도(시도/시/군/구),2023,2026-05-11,Jeju,제주특별자치도,%,101
