C1_OBJ_NM,DT,C1,PRD_SE,ITM_ID,TBL_ID,ITM_NM,TBL_NM,PRD_DE,LST_CHN_DE,C1_NM_ENG,C1_NM,UNIT_NM,ORG_ID,UNIT_NM_ENG
행정구역별,9730411,00,A,T001,DT_1YL20631,65세이상인구＜br＞(A),고령인구비율(시도/시/군/구),2023,2024-01-09,Whole country,전국,명,101,
행정구역별,51325329,00,A,T002,DT_1YL20631,전체인구＜br＞(B),고령인구비율(시도/시/군/구),2023,2024-01-09,Whole country,전국,명,101,
행정구역별,19,00,A,T10,DT_1YL20631,고령인구비율＜br＞(A÷B×100),고령인구비율(시도/시/군/구),2023,2024-01-09,Whole country,전국,%,101, 
행정구역별,1733580,11,A,T001,DT_1YL20631,65세이상인구＜br＞(A),고령인구비율(시도/시/군/구),2023,2024-01-09,Seoul,서울특별시,명,101,
행정구역별,9386034,11,A,T002,DT_1YL20631,전체인구＜br＞(B),고령인구비율(시도/시/군/구),2023,2024-01-09,Seoul,서울특별시,명,101,
행정구역별,18.5,11,A,T10,DT_1YL20631,고령인구비율＜br＞(A÷B×100),고령인구비율(시도/시/군/구),2023,2024-01-09,Seoul,서울특별시,%,101, 
행정구역별,28500,11010,A,T001,DT_1YL20631,65세이상인구＜br＞(A),고령인구비율(시도/시/군/구),2023,2024-01-09,Jongno-gu,종로구,명,101,
행정구역별,139417,11010,A,T002,DT_1YL20631,전체인구＜br＞(B),고령인구비율(시도/시/군/구),2023,2024-01-09,Jongno-gu,종로구,명,101,
행정구역별,20.4,11010,A,T10,DT_1YL20631,고령인구비율＜br＞(A÷B×100),고령인구비율(시도/시/군/구),2023,2024-01-09,Jongno-gu,종로구,%,101, 
행정구역별,25525,11020,A,T001,DT_1YL20631,65세이상인구＜br＞(A),고령인구비율(시도/시/군/구),2023,2024-01-09,Jung-gu,중구,명,101,
행정구역별,121312,11020,A,T002,DT_1YL20631,전체인구＜br＞(B),고령인구비율(시도/시/군/구),2023,2024-01-09,Jung-gu,중구,명,101,
행정구역별,21,11020,A,T10,DT_1YL20631,고령인구비율＜br＞(A÷B×100),고령인구비율(시도/시/군/구),2023,2024-01-09,Jung-gu,중구,%,101, 
행정구역별,39239,11030,A,T001,DT_1YL20631,65세이상인구＜br＞(A),고령인구비율(시도/시/군/구),2023,2024-01-09,Yongsan-gu,용산구,명,101,
행정구역별,213151,11030,A,T002,DT_1YL20631,전체인구＜br＞(B),고령인구비율(시도/시/군/구),2023,2024-01-09,Yongsan-gu,용산구,명,101,
행정구역별,18.4,11030,A,T10,DT_1YL20631,고령인구비율＜br＞(A÷B×100),고령인구비율(시도/시/군/구),2023,2024-01-09,Yongsan-gu,용산구,%,101, 
행정구역별,49260,11040,A,T001,DT_1YL20631,65세이상인구＜br＞(A),고령인구비율(시도/시/군/구),2023,2024-01-09,Seongdong-gu,성동구,명,101,
행정구역별,277361,11040,A,T002,DT_1YL20631,전체인구＜br＞(B),고령인구비율(시도/시/군/구),2023,2024-01-09,Seongdong-gu,성동구,명,101,
행정구역별,17.8,11040,A,T10,DT_1YL20631,고령인구비율＜br＞(A÷B×100),고령인구비율(시도/시/군/구),2023,2024-01-09,Seongdong-gu,성동구,%,101, 
행정구역별,56461,11050,A,T001,DT_1YL20631,65세이상인구＜br＞(A),고령인구비율(시도/시/군/구),2023,2024-01-09,Gwangjin-gu,광진구,명,101,
행정구역별,335554,11050,A,T002,DT_1YL20631,전체인구＜br＞(B),고령인구비율(시도/시/군/구),2023,2024-01-09,Gwangjin-gu,광진구,명,101,
행정구역별,16.8,11050,A,T10,DT_1YL20631,고령인구비율＜br＞(A÷B×100),고령인구비율(시도/시/군/구),2023,2024-01-09,Gwangjin-gu,광진구,%,101, 
행정구역별,66790,11060,A,T001,DT_1YL20631,65세이상인구＜br＞(A),고령인구비율(시도/시/군/구),2023,2024-01-09,Dongdaemun-gu,동대문구,명,101,
행정구역별,341149,11060,A,T002,DT_1YL20631,전체인구＜br＞(B),고령인구비율(시도/시/군/구),2023,2024-01-09,Dongdaemun-gu,동대문구,명,101,
행정구역별,19.6,11060,A,T10,DT_1YL20631,고령인구비율＜br＞(A÷B×100),고령인구비율(시도/시/군/구),2023,2024-01-09,Dongdaemun-gu,동대문구,%,101, 
행정구역별,78791,11070,A,T001,DT_1YL20631,65세이상인구＜br＞(A),고령인구비율(시도/시/군/구),2023,2024-01-09,Jungnang-gu,중랑구,명,101,
행정구역별,382155,11070,A,T002,DT_1YL20631,전체인구＜br＞(B),고령인구비율(시도/시/군/구),2023,2024-01-09,Jungnang-gu,중랑구,명,101,
행정구역별,20.6,11070,A,T10,DT_1YL20631,고령인구비율＜br＞(A÷B×100),고령인구비율(시도/시/군/구),2023,2024-01-09,Jungnang-gu,중랑구,%,101, 
행정구역별,80232,11080,A,T001,DT_1YL20631,65세이상인구＜br＞(A),고령인구비율(시도/시/군/구),2023,2024-01-09,Seongbuk-gu,성북구,명,101,
행정구역별,425602,11080,A,T002,DT_1YL20631,전체인구＜br＞(B),고령인구비율(시도/시/군/구),2023,2024-01-09,Seongbuk-gu,성북구,명,101,
행정구역별,18.9,11080,A,T10,DT_1YL20631,고령인구비율＜br＞(A÷B×100),고령인구비율(시도/시/군/구),2023,2024-01-09,Seongbuk-gu,성북구,%,101, 
행정구역별,68473,11090,A,T001,DT_1YL20631,65세이상인구＜br＞(A),고령인구비율(시도/시/군/구),2023,2024-01-09,Gangbuk-gu,강북구,명,101,
행정구역별,288113,11090,A,T002,DT_1YL20631,전체인구＜br＞(B),고령인구비율(시도/시/군/구),2023,2024-01-09,Gangbuk-gu,강북구,명,101,
행정구역별,23.8,11090,A,T10,DT_1YL20631,고령인구비율＜br＞(A÷B×100),고령인구비율(시도/시/군/구),2023,2024-01-09,Gangbuk-gu,강북구,%,101, 
행정구역별,70374,11100,A,T001,DT_1YL20631,65세이상인구＜br＞(A),고령인구비율(시도/시/군/구),2023,2024-01-09,Dobong-gu,도봉구,명,101,
행정구역별,306948,11100,A,T002,DT_1YL20631,전체인구＜br＞(B),고령인구비율(시도/시/군/구),2023,2024-01-09,Dobong-gu,도봉구,명,101,
행정구역별,22.9,11100,A,T10,DT_1YL20631,고령인구비율＜br＞(A÷B×100),고령인구비율(시도/시/군/구),2023,2024-01-09,Dobong-gu,도봉구,%,101, 
행정구역별,96309,11110,A,T001,DT_1YL20631,65세이상인구＜br＞(A),고령인구비율(시도/시/군/구),2023,2024-01-09,Nowon-gu,노원구,명,101,
행정구역별,498213,11110,A,T002,DT_1YL20631,전체인구＜br＞(B),고령인구비율(시도/시/군/구),2023,2024-01-09,Nowon-gu,노원구,명,101,
행정구역별,19.3,11110,A,T10,DT_1YL20631,고령인구비율＜br＞(A÷B×100),고령인구비율(시도/시/군/구),2023,2024-01-09,Nowon-gu,노원구,%,101, 
행정구역별,93565,11120,A,T001,DT_1YL20631,65세이상인구＜br＞(A),고령인구비율(시도/시/군/구),2023,2024-01-09,Eunpyeong-gu,은평구,명,101,
행정구역별,466770,11120,A,T002,DT_1YL20631,전체인구＜br＞(B),고령인구비율(시도/시/군/구),2023,2024-01-09,Eunpyeong-gu,은평구,명,101,
행정구역별,20,11120,A,T10,DT_1YL20631,고령인구비율＜br＞(A÷B×100),고령인구비율(시도/시/군/구),2023,2024-01-09,Eunpyeong-gu,은평구,%,101, 
행정구역별,57588,11130,A,T001,DT_1YL20631,65세이상인구＜br＞(A),고령인구비율(시도/시/군/구),2023,2024-01-09,Seodaemun-gu,서대문구,명,101,
행정구역별,306231,11130,A,T002,DT_1YL20631,전체인구＜br＞(B),고령인구비율(시도/시/군/구),2023,2024-01-09,Seodaemun-gu,서대문구,명,101,
행정구역별,18.8,11130,A,T10,DT_1YL20631,고령인구비율＜br＞(A÷B×100),고령인구비율(시도/시/군/구),2023,2024-01-09,Seodaemun-gu,서대문구,%,101, 
행정구역별,57504,11140,A,T001,DT_1YL20631,65세이상인구＜br＞(A),고령인구비율(시도/시/군/구),2023,2024-01-09,Mapo-gu,마포구,명,101,
행정구역별,363697,11140,A,T002,DT_1YL20631,전체인구＜br＞(B),고령인구비율(시도/시/군/구),2023,2024-01-09,Mapo-gu,마포구,명,101,
행정구역별,15.8,11140,A,T10,DT_1YL20631,고령인구비율＜br＞(A÷B×100),고령인구비율(시도/시/군/구),2023,2024-01-09,Mapo-gu,마포구,%,101, 
행정구역별,76126,11150,A,T001,DT_1YL20631,65세이상인구＜br＞(A),고령인구비율(시도/시/군/구),2023,2024-01-09,Yangcheon-gu,양천구,명,101,
행정구역별,436028,11150,A,T002,DT_1YL20631,전체인구＜br＞(B),고령인구비율(시도/시/군/구),2023,2024-01-09,Yangcheon-gu,양천구,명,101,
행정구역별,17.5,11150,A,T10,DT_1YL20631,고령인구비율＜br＞(A÷B×100),고령인구비율(시도/시/군/구),2023,2024-01-09,Yangcheon-gu,양천구,%,101, 
행정구역별,101808,11160,A,T001,DT_1YL20631,65세이상인구＜br＞(A),고령인구비율(시도/시/군/구),2023,2024-01-09,Gangseo-gu,강서구,명,101,
행정구역별,563058,11160,A,T002,DT_1YL20631,전체인구＜br＞(B),고령인구비율(시도/시/군/구),2023,2024-01-09,Gangseo-gu,강서구,명,101,
행정구역별,18.1,11160,A,T10,DT_1YL20631,고령인구비율＜br＞(A÷B×100),고령인구비율(시도/시/군/구),2023,2024-01-09,Gangseo-gu,강서구,%,101, 
행정구역별,78377,11170,A,T001,DT_1YL20631,65세이상인구＜br＞(A),고령인구비율(시도/시/군/구),2023,2024-01-09,Guro-gu,구로구,명,101,
행정구역별,392405,11170,A,T002,DT_1YL20631,전체인구＜br＞(B),고령인구비율(시도/시/군/구),2023,2024-01-09,Guro-gu,구로구,명,101,
행정구역별,20,11170,A,T10,DT_1YL20631,고령인구비율＜br＞(A÷B×100),고령인구비율(시도/시/군/구),2023,2024-01-09,Guro-gu,구로구,%,101, 
행정구역별,44531,11180,A,T001,DT_1YL20631,65세이상인구＜br＞(A),고령인구비율(시도/시/군/구),2023,2024-01-09,Geumcheon-gu,금천구,명,101,
행정구역별,227481,11180,A,T002,DT_1YL20631,전체인구＜br＞(B),고령인구비율(시도/시/군/구),2023,2024-01-09,Geumcheon-gu,금천구,명,101,
행정구역별,19.6,11180,A,T10,DT_1YL20631,고령인구비율＜br＞(A÷B×100),고령인구비율(시도/시/군/구),2023,2024-01-09,Geumcheon-gu,금천구,%,101, 
행정구역별,65843,11190,A,T001,DT_1YL20631,65세이상인구＜br＞(A),고령인구비율(시도/시/군/구),2023,2024-01-09,Yeongdeungpo-gu,영등포구,명,101,
행정구역별,374794,11190,A,T002,DT_1YL20631,전체인구＜br＞(B),고령인구비율(시도/시/군/구),2023,2024-01-09,Yeongdeungpo-gu,영등포구,명,101,
행정구역별,17.6,11190,A,T10,DT_1YL20631,고령인구비율＜br＞(A÷B×100),고령인구비율(시도/시/군/구),2023,2024-01-09,Yeongdeungpo-gu,영등포구,%,101, 
행정구역별,70089,11200,A,T001,DT_1YL20631,65세이상인구＜br＞(A),고령인구비율(시도/시/군/구),2023,2024-01-09,Dongjak-gu,동작구,명,101,
행정구역별,378769,11200,A,T002,DT_1YL20631,전체인구＜br＞(B),고령인구비율(시도/시/군/구),2023,2024-01-09,Dongjak-gu,동작구,명,101,
행정구역별,18.5,11200,A,T10,DT_1YL20631,고령인구비율＜br＞(A÷B×100),고령인구비율(시도/시/군/구),2023,2024-01-09,Dongjak-gu,동작구,%,101, 
행정구역별,84762,11210,A,T001,DT_1YL20631,65세이상인구＜br＞(A),고령인구비율(시도/시/군/구),2023,2024-01-09,Gwanak-gu,관악구,명,101,
행정구역별,481956,11210,A,T002,DT_1YL20631,전체인구＜br＞(B),고령인구비율(시도/시/군/구),2023,2024-01-09,Gwanak-gu,관악구,명,101,
행정구역별,17.6,11210,A,T10,DT_1YL20631,고령인구비율＜br＞(A÷B×100),고령인구비율(시도/시/군/구),2023,2024-01-09,Gwanak-gu,관악구,%,101, 
행정구역별,65541,11220,A,T001,DT_1YL20631,65세이상인구＜br＞(A),고령인구비율(시도/시/군/구),2023,2024-01-09,Seocho-gu,서초구,명,101,
행정구역별,407664,11220,A,T002,DT_1YL20631,전체인구＜br＞(B),고령인구비율(시도/시/군/구),2023,2024-01-09,Seocho-gu,서초구,명,101,
행정구역별,16.1,11220,A,T10,DT_1YL20631,고령인구비율＜br＞(A÷B×100),고령인구비율(시도/시/군/구),2023,2024-01-09,Seocho-gu,서초구,%,101, 
행정구역별,86434,11230,A,T001,DT_1YL20631,65세이상인구＜br＞(A),고령인구비율(시도/시/군/구),2023,2024-01-09,Gangnam-gu,강남구,명,101,
행정구역별,544873,11230,A,T002,DT_1YL20631,전체인구＜br＞(B),고령인구비율(시도/시/군/구),2023,2024-01-09,Gangnam-gu,강남구,명,101,
행정구역별,15.9,11230,A,T10,DT_1YL20631,고령인구비율＜br＞(A÷B×100),고령인구비율(시도/시/군/구),2023,2024-01-09,Gangnam-gu,강남구,%,101, 
행정구역별,108643,11240,A,T001,DT_1YL20631,65세이상인구＜br＞(A),고령인구비율(시도/시/군/구),2023,2024-01-09,Songpa-gu,송파구,명,101,
행정구역별,654166,11240,A,T002,DT_1YL20631,전체인구＜br＞(B),고령인구비율(시도/시/군/구),2023,2024-01-09,Songpa-gu,송파구,명,101,
행정구역별,16.6,11240,A,T10,DT_1YL20631,고령인구비율＜br＞(A÷B×100),고령인구비율(시도/시/군/구),2023,2024-01-09,Songpa-gu,송파구,%,101, 
행정구역별,82815,11250,A,T001,DT_1YL20631,65세이상인구＜br＞(A),고령인구비율(시도/시/군/구),2023,2024-01-09,Gangdong-gu,강동구,명,101,
행정구역별,459167,11250,A,T002,DT_1YL20631,전체인구＜br＞(B),고령인구비율(시도/시/군/구),2023,2024-01-09,Gangdong-gu,강동구,명,101,
행정구역별,18,11250,A,T10,DT_1YL20631,고령인구비율＜br＞(A÷B×100),고령인구비율(시도/시/군/구),2023,2024-01-09,Gangdong-gu,강동구,%,101, 
행정구역별,233878,1224,A,T001,DT_1YL20631,65세이상인구＜br＞(A),고령인구비율(시도/시/군/구),2023,2024-01-09,Gwangju,광주광역시,명,101,
행정구역별,1419237,1224,A,T002,DT_1YL20631,전체인구＜br＞(B),고령인구비율(시도/시/군/구),2023,2024-01-09,Gwangju,광주광역시,명,101,
행정구역별,16.5,1224,A,T10,DT_1YL20631,고령인구비율＜br＞(A÷B×100),고령인구비율(시도/시/군/구),2023,2024-01-09,Gwangju,광주광역시,%,101, 
행정구역별,24239,1224010,A,T001,DT_1YL20631,65세이상인구＜br＞(A),고령인구비율(시도/시/군/구),2023,2024-01-09,Dong-gu,동구,명,101,
행정구역별,107176,1224010,A,T002,DT_1YL20631,전체인구＜br＞(B),고령인구비율(시도/시/군/구),2023,2024-01-09,Dong-gu,동구,명,101,
행정구역별,22.6,1224010,A,T10,DT_1YL20631,고령인구비율＜br＞(A÷B×100),고령인구비율(시도/시/군/구),2023,2024-01-09,Dong-gu,동구,%,101, 
행정구역별,48395,1224020,A,T001,DT_1YL20631,65세이상인구＜br＞(A),고령인구비율(시도/시/군/구),2023,2024-01-09,Seo-gu,서구,명,101,
행정구역별,283991,1224020,A,T002,DT_1YL20631,전체인구＜br＞(B),고령인구비율(시도/시/군/구),2023,2024-01-09,Seo-gu,서구,명,101,
행정구역별,17,1224020,A,T10,DT_1YL20631,고령인구비율＜br＞(A÷B×100),고령인구비율(시도/시/군/구),2023,2024-01-09,Seo-gu,서구,%,101, 
행정구역별,42485,1224030,A,T001,DT_1YL20631,65세이상인구＜br＞(A),고령인구비율(시도/시/군/구),2023,2024-01-09,Nam-gu,남구,명,101,
행정구역별,209646,1224030,A,T002,DT_1YL20631,전체인구＜br＞(B),고령인구비율(시도/시/군/구),2023,2024-01-09,Nam-gu,남구,명,101,
행정구역별,20.3,1224030,A,T10,DT_1YL20631,고령인구비율＜br＞(A÷B×100),고령인구비율(시도/시/군/구),2023,2024-01-09,Nam-gu,남구,%,101, 
행정구역별,74406,1224040,A,T001,DT_1YL20631,65세이상인구＜br＞(A),고령인구비율(시도/시/군/구),2023,2024-01-09,Buk-gu,북구,명,101,
행정구역별,421683,1224040,A,T002,DT_1YL20631,전체인구＜br＞(B),고령인구비율(시도/시/군/구),2023,2024-01-09,Buk-gu,북구,명,101,
행정구역별,17.6,1224040,A,T10,DT_1YL20631,고령인구비율＜br＞(A÷B×100),고령인구비율(시도/시/군/구),2023,2024-01-09,Buk-gu,북구,%,101, 
행정구역별,44353,1224050,A,T001,DT_1YL20631,65세이상인구＜br＞(A),고령인구비율(시도/시/군/구),2023,2024-01-09,Gwangsan-gu,광산구,명,101,
행정구역별,396741,1224050,A,T002,DT_1YL20631,전체인구＜br＞(B),고령인구비율(시도/시/군/구),2023,2024-01-09,Gwangsan-gu,광산구,명,101,
행정구역별,11.2,1224050,A,T10,DT_1YL20631,고령인구비율＜br＞(A÷B×100),고령인구비율(시도/시/군/구),2023,2024-01-09,Gwangsan-gu,광산구,%,101, 
행정구역별,470874,1236,A,T001,DT_1YL20631,65세이상인구＜br＞(A),고령인구비율(시도/시/군/구),2023,2024-01-09,Jeollanam-do,전라남도,명,101,
행정구역별,1804217,1236,A,T002,DT_1YL20631,전체인구＜br＞(B),고령인구비율(시도/시/군/구),2023,2024-01-09,Jeollanam-do,전라남도,명,101,
행정구역별,26.1,1236,A,T10,DT_1YL20631,고령인구비율＜br＞(A÷B×100),고령인구비율(시도/시/군/구),2023,2024-01-09,Jeollanam-do,전라남도,%,101, 
행정구역별,42446,1236010,A,T001,DT_1YL20631,65세이상인구＜br＞(A),고령인구비율(시도/시/군/구),2023,2024-01-09,Mokpo-si,목포시,명,101,
행정구역별,214156,1236010,A,T002,DT_1YL20631,전체인구＜br＞(B),고령인구비율(시도/시/군/구),2023,2024-01-09,Mokpo-si,목포시,명,101,
행정구역별,19.8,1236010,A,T10,DT_1YL20631,고령인구비율＜br＞(A÷B×100),고령인구비율(시도/시/군/구),2023,2024-01-09,Mokpo-si,목포시,%,101, 
행정구역별,61135,1236020,A,T001,DT_1YL20631,65세이상인구＜br＞(A),고령인구비율(시도/시/군/구),2023,2024-01-09,Yeosu-si,여수시,명,101,
행정구역별,271696,1236020,A,T002,DT_1YL20631,전체인구＜br＞(B),고령인구비율(시도/시/군/구),2023,2024-01-09,Yeosu-si,여수시,명,101,
행정구역별,22.5,1236020,A,T10,DT_1YL20631,고령인구비율＜br＞(A÷B×100),고령인구비율(시도/시/군/구),2023,2024-01-09,Yeosu-si,여수시,%,101, 
행정구역별,50517,1236030,A,T001,DT_1YL20631,65세이상인구＜br＞(A),고령인구비율(시도/시/군/구),2023,2024-01-09,Suncheon-si,순천시,명,101,
행정구역별,278137,1236030,A,T002,DT_1YL20631,전체인구＜br＞(B),고령인구비율(시도/시/군/구),2023,2024-01-09,Suncheon-si,순천시,명,101,
행정구역별,18.2,1236030,A,T10,DT_1YL20631,고령인구비율＜br＞(A÷B×100),고령인구비율(시도/시/군/구),2023,2024-01-09,Suncheon-si,순천시,%,101, 
행정구역별,28254,1236040,A,T001,DT_1YL20631,65세이상인구＜br＞(A),고령인구비율(시도/시/군/구),2023,2024-01-09,Naju-si,나주시,명,101,
행정구역별,117377,1236040,A,T002,DT_1YL20631,전체인구＜br＞(B),고령인구비율(시도/시/군/구),2023,2024-01-09,Naju-si,나주시,명,101,
행정구역별,24.1,1236040,A,T10,DT_1YL20631,고령인구비율＜br＞(A÷B×100),고령인구비율(시도/시/군/구),2023,2024-01-09,Naju-si,나주시,%,101, 
행정구역별,23650,1236060,A,T001,DT_1YL20631,65세이상인구＜br＞(A),고령인구비율(시도/시/군/구),2023,2024-01-09,Gwangyang-si,광양시,명,101,
행정구역별,152666,1236060,A,T002,DT_1YL20631,전체인구＜br＞(B),고령인구비율(시도/시/군/구),2023,2024-01-09,Gwangyang-si,광양시,명,101,
행정구역별,15.5,1236060,A,T10,DT_1YL20631,고령인구비율＜br＞(A÷B×100),고령인구비율(시도/시/군/구),2023,2024-01-09,Gwangyang-si,광양시,%,101, 
행정구역별,15373,1236310,A,T001,DT_1YL20631,65세이상인구＜br＞(A),고령인구비율(시도/시/군/구),2023,2024-01-09,Damyang-gun,담양군,명,101,
행정구역별,45373,1236310,A,T002,DT_1YL20631,전체인구＜br＞(B),고령인구비율(시도/시/군/구),2023,2024-01-09,Damyang-gun,담양군,명,101,
행정구역별,33.9,1236310,A,T10,DT_1YL20631,고령인구비율＜br＞(A÷B×100),고령인구비율(시도/시/군/구),2023,2024-01-09,Damyang-gun,담양군,%,101, 
행정구역별,10576,1236320,A,T001,DT_1YL20631,65세이상인구＜br＞(A),고령인구비율(시도/시/군/구),2023,2024-01-09,Gokseong-gun,곡성군,명,101,
행정구역별,26905,1236320,A,T002,DT_1YL20631,전체인구＜br＞(B),고령인구비율(시도/시/군/구),2023,2024-01-09,Gokseong-gun,곡성군,명,101,
행정구역별,39.3,1236320,A,T10,DT_1YL20631,고령인구비율＜br＞(A÷B×100),고령인구비율(시도/시/군/구),2023,2024-01-09,Gokseong-gun,곡성군,%,101, 
행정구역별,9246,1236330,A,T001,DT_1YL20631,65세이상인구＜br＞(A),고령인구비율(시도/시/군/구),2023,2024-01-09,Gurye-gun,구례군,명,101,
행정구역별,24314,1236330,A,T002,DT_1YL20631,전체인구＜br＞(B),고령인구비율(시도/시/군/구),2023,2024-01-09,Gurye-gun,구례군,명,101,
행정구역별,38,1236330,A,T10,DT_1YL20631,고령인구비율＜br＞(A÷B×100),고령인구비율(시도/시/군/구),2023,2024-01-09,Gurye-gun,구례군,%,101, 
행정구역별,27061,1236350,A,T001,DT_1YL20631,65세이상인구＜br＞(A),고령인구비율(시도/시/군/구),2023,2024-01-09,Goheung-gun,고흥군,명,101,
행정구역별,61113,1236350,A,T002,DT_1YL20631,전체인구＜br＞(B),고령인구비율(시도/시/군/구),2023,2024-01-09,Goheung-gun,고흥군,명,101,
행정구역별,44.3,1236350,A,T10,DT_1YL20631,고령인구비율＜br＞(A÷B×100),고령인구비율(시도/시/군/구),2023,2024-01-09,Goheung-gun,고흥군,%,101, 
행정구역별,15952,1236360,A,T001,DT_1YL20631,65세이상인구＜br＞(A),고령인구비율(시도/시/군/구),2023,2024-01-09,Boseong-gun,보성군,명,101,
행정구역별,37686,1236360,A,T002,DT_1YL20631,전체인구＜br＞(B),고령인구비율(시도/시/군/구),2023,2024-01-09,Boseong-gun,보성군,명,101,
행정구역별,42.3,1236360,A,T10,DT_1YL20631,고령인구비율＜br＞(A÷B×100),고령인구비율(시도/시/군/구),2023,2024-01-09,Boseong-gun,보성군,%,101, 
행정구역별,18185,1236370,A,T001,DT_1YL20631,65세이상인구＜br＞(A),고령인구비율(시도/시/군/구),2023,2024-01-09,Hwasun-gun,화순군,명,101,
행정구역별,61254,1236370,A,T002,DT_1YL20631,전체인구＜br＞(B),고령인구비율(시도/시/군/구),2023,2024-01-09,Hwasun-gun,화순군,명,101,
행정구역별,29.7,1236370,A,T10,DT_1YL20631,고령인구비율＜br＞(A÷B×100),고령인구비율(시도/시/군/구),2023,2024-01-09,Hwasun-gun,화순군,%,101, 
행정구역별,13264,1236380,A,T001,DT_1YL20631,65세이상인구＜br＞(A),고령인구비율(시도/시/군/구),2023,2024-01-09,Jangheung-gun,장흥군,명,101,
행정구역별,35046,1236380,A,T002,DT_1YL20631,전체인구＜br＞(B),고령인구비율(시도/시/군/구),2023,2024-01-09,Jangheung-gun,장흥군,명,101,
행정구역별,37.8,1236380,A,T10,DT_1YL20631,고령인구비율＜br＞(A÷B×100),고령인구비율(시도/시/군/구),2023,2024-01-09,Jangheung-gun,장흥군,%,101, 
행정구역별,12505,1236390,A,T001,DT_1YL20631,65세이상인구＜br＞(A),고령인구비율(시도/시/군/구),2023,2024-01-09,Gangjin-gun,강진군,명,101,
행정구역별,32722,1236390,A,T002,DT_1YL20631,전체인구＜br＞(B),고령인구비율(시도/시/군/구),2023,2024-01-09,Gangjin-gun,강진군,명,101,
행정구역별,38.2,1236390,A,T10,DT_1YL20631,고령인구비율＜br＞(A÷B×100),고령인구비율(시도/시/군/구),2023,2024-01-09,Gangjin-gun,강진군,%,101, 
행정구역별,23293,1236400,A,T001,DT_1YL20631,65세이상인구＜br＞(A),고령인구비율(시도/시/군/구),2023,2024-01-09,Haenam-gun,해남군,명,101,
행정구역별,64575,1236400,A,T002,DT_1YL20631,전체인구＜br＞(B),고령인구비율(시도/시/군/구),2023,2024-01-09,Haenam-gun,해남군,명,101,
행정구역별,36.1,1236400,A,T10,DT_1YL20631,고령인구비율＜br＞(A÷B×100),고령인구비율(시도/시/군/구),2023,2024-01-09,Haenam-gun,해남군,%,101, 
행정구역별,15298,1236410,A,T001,DT_1YL20631,65세이상인구＜br＞(A),고령인구비율(시도/시/군/구),2023,2024-01-09,Yeongam-gun,영암군,명,101,
행정구역별,52350,1236410,A,T002,DT_1YL20631,전체인구＜br＞(B),고령인구비율(시도/시/군/구),2023,2024-01-09,Yeongam-gun,영암군,명,101,
행정구역별,29.2,1236410,A,T10,DT_1YL20631,고령인구비율＜br＞(A÷B×100),고령인구비율(시도/시/군/구),2023,2024-01-09,Yeongam-gun,영암군,%,101, 
행정구역별,19000,1236420,A,T001,DT_1YL20631,65세이상인구＜br＞(A),고령인구비율(시도/시/군/구),2023,2024-01-09,Muan-gun,무안군,명,101,
행정구역별,90296,1236420,A,T002,DT_1YL20631,전체인구＜br＞(B),고령인구비율(시도/시/군/구),2023,2024-01-09,Muan-gun,무안군,명,101,
행정구역별,21,1236420,A,T10,DT_1YL20631,고령인구비율＜br＞(A÷B×100),고령인구비율(시도/시/군/구),2023,2024-01-09,Muan-gun,무안군,%,101, 
행정구역별,12326,1236430,A,T001,DT_1YL20631,65세이상인구＜br＞(A),고령인구비율(시도/시/군/구),2023,2024-01-09,Hampyeong-gun,함평군,명,101,
행정구역별,30601,1236430,A,T002,DT_1YL20631,전체인구＜br＞(B),고령인구비율(시도/시/군/구),2023,2024-01-09,Hampyeong-gun,함평군,명,101,
행정구역별,40.3,1236430,A,T10,DT_1YL20631,고령인구비율＜br＞(A÷B×100),고령인구비율(시도/시/군/구),2023,2024-01-09,Hampyeong-gun,함평군,%,101, 
행정구역별,16281,1236440,A,T001,DT_1YL20631,65세이상인구＜br＞(A),고령인구비율(시도/시/군/구),2023,2024-01-09,Yeonggwang-gun,영광군,명,101,
행정구역별,51750,1236440,A,T002,DT_1YL20631,전체인구＜br＞(B),고령인구비율(시도/시/군/구),2023,2024-01-09,Yeonggwang-gun,영광군,명,101,
행정구역별,31.5,1236440,A,T10,DT_1YL20631,고령인구비율＜br＞(A÷B×100),고령인구비율(시도/시/군/구),2023,2024-01-09,Yeonggwang-gun,영광군,%,101, 
행정구역별,14143,1236450,A,T001,DT_1YL20631,65세이상인구＜br＞(A),고령인구비율(시도/시/군/구),2023,2024-01-09,Jangseong-gun,장성군,명,101,
행정구역별,42543,1236450,A,T002,DT_1YL20631,전체인구＜br＞(B),고령인구비율(시도/시/군/구),2023,2024-01-09,Jangseong-gun,장성군,명,101,
행정구역별,33.2,1236450,A,T10,DT_1YL20631,고령인구비율＜br＞(A÷B×100),고령인구비율(시도/시/군/구),2023,2024-01-09,Jangseong-gun,장성군,%,101, 
행정구역별,16776,1236460,A,T001,DT_1YL20631,65세이상인구＜br＞(A),고령인구비율(시도/시/군/구),2023,2024-01-09,Wando-gun,완도군,명,101,
행정구역별,46641,1236460,A,T002,DT_1YL20631,전체인구＜br＞(B),고령인구비율(시도/시/군/구),2023,2024-01-09,Wando-gun,완도군,명,101,
행정구역별,36,1236460,A,T10,DT_1YL20631,고령인구비율＜br＞(A÷B×100),고령인구비율(시도/시/군/구),2023,2024-01-09,Wando-gun,완도군,%,101, 
행정구역별,10679,1236470,A,T001,DT_1YL20631,65세이상인구＜br＞(A),고령인구비율(시도/시/군/구),2023,2024-01-09,Jindo-gun,진도군,명,101,
행정구역별,28979,1236470,A,T002,DT_1YL20631,전체인구＜br＞(B),고령인구비율(시도/시/군/구),2023,2024-01-09,Jindo-gun,진도군,명,101,
행정구역별,36.9,1236470,A,T10,DT_1YL20631,고령인구비율＜br＞(A÷B×100),고령인구비율(시도/시/군/구),2023,2024-01-09,Jindo-gun,진도군,%,101, 
행정구역별,14914,1236480,A,T001,DT_1YL20631,65세이상인구＜br＞(A),고령인구비율(시도/시/군/구),2023,2024-01-09,Sinan-gun,신안군,명,101,
행정구역별,38037,1236480,A,T002,DT_1YL20631,전체인구＜br＞(B),고령인구비율(시도/시/군/구),2023,2024-01-09,Sinan-gun,신안군,명,101,
행정구역별,39.2,1236480,A,T10,DT_1YL20631,고령인구비율＜br＞(A÷B×100),고령인구비율(시도/시/군/구),2023,2024-01-09,Sinan-gun,신안군,%,101, 
행정구역별,745199,21,A,T001,DT_1YL20631,65세이상인구＜br＞(A),고령인구비율(시도/시/군/구),2023,2024-01-09,Busan,부산광역시,명,101,
행정구역별,3293362,21,A,T002,DT_1YL20631,전체인구＜br＞(B),고령인구비율(시도/시/군/구),2023,2024-01-09,Busan,부산광역시,명,101,
행정구역별,22.6,21,A,T10,DT_1YL20631,고령인구비율＜br＞(A÷B×100),고령인구비율(시도/시/군/구),2023,2024-01-09,Busan,부산광역시,%,101, 
행정구역별,11866,21010,A,T001,DT_1YL20631,65세이상인구＜br＞(A),고령인구비율(시도/시/군/구),2023,2024-01-09,Jung-gu,중구,명,101,
행정구역별,38619,21010,A,T002,DT_1YL20631,전체인구＜br＞(B),고령인구비율(시도/시/군/구),2023,2024-01-09,Jung-gu,중구,명,101,
행정구역별,30.7,21010,A,T10,DT_1YL20631,고령인구비율＜br＞(A÷B×100),고령인구비율(시도/시/군/구),2023,2024-01-09,Jung-gu,중구,%,101, 
행정구역별,29273,21020,A,T001,DT_1YL20631,65세이상인구＜br＞(A),고령인구비율(시도/시/군/구),2023,2024-01-09,Seo-gu,서구,명,101,
행정구역별,104089,21020,A,T002,DT_1YL20631,전체인구＜br＞(B),고령인구비율(시도/시/군/구),2023,2024-01-09,Seo-gu,서구,명,101,
행정구역별,28.1,21020,A,T10,DT_1YL20631,고령인구비율＜br＞(A÷B×100),고령인구비율(시도/시/군/구),2023,2024-01-09,Seo-gu,서구,%,101, 
행정구역별,25093,21030,A,T001,DT_1YL20631,65세이상인구＜br＞(A),고령인구비율(시도/시/군/구),2023,2024-01-09,Dong-gu,동구,명,101,
행정구역별,87792,21030,A,T002,DT_1YL20631,전체인구＜br＞(B),고령인구비율(시도/시/군/구),2023,2024-01-09,Dong-gu,동구,명,101,
행정구역별,28.6,21030,A,T10,DT_1YL20631,고령인구비율＜br＞(A÷B×100),고령인구비율(시도/시/군/구),2023,2024-01-09,Dong-gu,동구,%,101, 
행정구역별,33675,21040,A,T001,DT_1YL20631,65세이상인구＜br＞(A),고령인구비율(시도/시/군/구),2023,2024-01-09,Yeongdo-gu,영도구,명,101,
행정구역별,106548,21040,A,T002,DT_1YL20631,전체인구＜br＞(B),고령인구비율(시도/시/군/구),2023,2024-01-09,Yeongdo-gu,영도구,명,101,
행정구역별,31.6,21040,A,T10,DT_1YL20631,고령인구비율＜br＞(A÷B×100),고령인구비율(시도/시/군/구),2023,2024-01-09,Yeongdo-gu,영도구,%,101, 
행정구역별,79321,21050,A,T001,DT_1YL20631,65세이상인구＜br＞(A),고령인구비율(시도/시/군/구),2023,2024-01-09,Busanjin-gu,부산진구,명,101,
행정구역별,359508,21050,A,T002,DT_1YL20631,전체인구＜br＞(B),고령인구비율(시도/시/군/구),2023,2024-01-09,Busanjin-gu,부산진구,명,101,
행정구역별,22.1,21050,A,T10,DT_1YL20631,고령인구비율＜br＞(A÷B×100),고령인구비율(시도/시/군/구),2023,2024-01-09,Busanjin-gu,부산진구,%,101, 
행정구역별,57512,21060,A,T001,DT_1YL20631,65세이상인구＜br＞(A),고령인구비율(시도/시/군/구),2023,2024-01-09,Dongnae-gu,동래구,명,101,
행정구역별,270815,21060,A,T002,DT_1YL20631,전체인구＜br＞(B),고령인구비율(시도/시/군/구),2023,2024-01-09,Dongnae-gu,동래구,명,101,
행정구역별,21.2,21060,A,T10,DT_1YL20631,고령인구비율＜br＞(A÷B×100),고령인구비율(시도/시/군/구),2023,2024-01-09,Dongnae-gu,동래구,%,101, 
행정구역별,58953,21070,A,T001,DT_1YL20631,65세이상인구＜br＞(A),고령인구비율(시도/시/군/구),2023,2024-01-09,Nam-gu,남구,명,101,
행정구역별,254185,21070,A,T002,DT_1YL20631,전체인구＜br＞(B),고령인구비율(시도/시/군/구),2023,2024-01-09,Nam-gu,남구,명,101,
행정구역별,23.2,21070,A,T10,DT_1YL20631,고령인구비율＜br＞(A÷B×100),고령인구비율(시도/시/군/구),2023,2024-01-09,Nam-gu,남구,%,101, 
행정구역별,59154,21080,A,T001,DT_1YL20631,65세이상인구＜br＞(A),고령인구비율(시도/시/군/구),2023,2024-01-09,Buk-gu,북구,명,101,
행정구역별,273596,21080,A,T002,DT_1YL20631,전체인구＜br＞(B),고령인구비율(시도/시/군/구),2023,2024-01-09,Buk-gu,북구,명,101,
행정구역별,21.6,21080,A,T10,DT_1YL20631,고령인구비율＜br＞(A÷B×100),고령인구비율(시도/시/군/구),2023,2024-01-09,Buk-gu,북구,%,101, 
행정구역별,79666,21090,A,T001,DT_1YL20631,65세이상인구＜br＞(A),고령인구비율(시도/시/군/구),2023,2024-01-09,Haeundae-gu,해운대구,명,101,
행정구역별,380448,21090,A,T002,DT_1YL20631,전체인구＜br＞(B),고령인구비율(시도/시/군/구),2023,2024-01-09,Haeundae-gu,해운대구,명,101,
행정구역별,20.9,21090,A,T10,DT_1YL20631,고령인구비율＜br＞(A÷B×100),고령인구비율(시도/시/군/구),2023,2024-01-09,Haeundae-gu,해운대구,%,101, 
행정구역별,69050,21100,A,T001,DT_1YL20631,65세이상인구＜br＞(A),고령인구비율(시도/시/군/구),2023,2024-01-09,Saha-gu,사하구,명,101,
행정구역별,297831,21100,A,T002,DT_1YL20631,전체인구＜br＞(B),고령인구비율(시도/시/군/구),2023,2024-01-09,Saha-gu,사하구,명,101,
행정구역별,23.2,21100,A,T10,DT_1YL20631,고령인구비율＜br＞(A÷B×100),고령인구비율(시도/시/군/구),2023,2024-01-09,Saha-gu,사하구,%,101, 
행정구역별,54066,21110,A,T001,DT_1YL20631,65세이상인구＜br＞(A),고령인구비율(시도/시/군/구),2023,2024-01-09,Geumjeong-gu,금정구,명,101,
행정구역별,215590,21110,A,T002,DT_1YL20631,전체인구＜br＞(B),고령인구비율(시도/시/군/구),2023,2024-01-09,Geumjeong-gu,금정구,명,101,
행정구역별,25.1,21110,A,T10,DT_1YL20631,고령인구비율＜br＞(A÷B×100),고령인구비율(시도/시/군/구),2023,2024-01-09,Geumjeong-gu,금정구,%,101, 
행정구역별,20180,21120,A,T001,DT_1YL20631,65세이상인구＜br＞(A),고령인구비율(시도/시/군/구),2023,2024-01-09,Gangseo-gu,강서구,명,101,
행정구역별,142396,21120,A,T002,DT_1YL20631,전체인구＜br＞(B),고령인구비율(시도/시/군/구),2023,2024-01-09,Gangseo-gu,강서구,명,101,
행정구역별,14.2,21120,A,T10,DT_1YL20631,고령인구비율＜br＞(A÷B×100),고령인구비율(시도/시/군/구),2023,2024-01-09,Gangseo-gu,강서구,%,101, 
행정구역별,46217,21130,A,T001,DT_1YL20631,65세이상인구＜br＞(A),고령인구비율(시도/시/군/구),2023,2024-01-09,Yeonje-gu,연제구,명,101,
행정구역별,205766,21130,A,T002,DT_1YL20631,전체인구＜br＞(B),고령인구비율(시도/시/군/구),2023,2024-01-09,Yeonje-gu,연제구,명,101,
행정구역별,22.5,21130,A,T10,DT_1YL20631,고령인구비율＜br＞(A÷B×100),고령인구비율(시도/시/군/구),2023,2024-01-09,Yeonje-gu,연제구,%,101, 
행정구역별,42528,21140,A,T001,DT_1YL20631,65세이상인구＜br＞(A),고령인구비율(시도/시/군/구),2023,2024-01-09,Suyeong-gu,수영구,명,101,
행정구역별,174518,21140,A,T002,DT_1YL20631,전체인구＜br＞(B),고령인구비율(시도/시/군/구),2023,2024-01-09,Suyeong-gu,수영구,명,101,
행정구역별,24.4,21140,A,T10,DT_1YL20631,고령인구비율＜br＞(A÷B×100),고령인구비율(시도/시/군/구),2023,2024-01-09,Suyeong-gu,수영구,%,101, 
행정구역별,45700,21150,A,T001,DT_1YL20631,65세이상인구＜br＞(A),고령인구비율(시도/시/군/구),2023,2024-01-09,Sasang-gu,사상구,명,101,
행정구역별,202932,21150,A,T002,DT_1YL20631,전체인구＜br＞(B),고령인구비율(시도/시/군/구),2023,2024-01-09,Sasang-gu,사상구,명,101,
행정구역별,22.5,21150,A,T10,DT_1YL20631,고령인구비율＜br＞(A÷B×100),고령인구비율(시도/시/군/구),2023,2024-01-09,Sasang-gu,사상구,%,101, 
행정구역별,32945,21310,A,T001,DT_1YL20631,65세이상인구＜br＞(A),고령인구비율(시도/시/군/구),2023,2024-01-09,Gijang-gun,기장군,명,101,
행정구역별,178729,21310,A,T002,DT_1YL20631,전체인구＜br＞(B),고령인구비율(시도/시/군/구),2023,2024-01-09,Gijang-gun,기장군,명,101,
행정구역별,18.4,21310,A,T10,DT_1YL20631,고령인구비율＜br＞(A÷B×100),고령인구비율(시도/시/군/구),2023,2024-01-09,Gijang-gun,기장군,%,101, 
행정구역별,466338,22,A,T001,DT_1YL20631,65세이상인구＜br＞(A),고령인구비율(시도/시/군/구),2023,2024-01-09,Daegu,대구광역시,명,101,
행정구역별,2374960,22,A,T002,DT_1YL20631,전체인구＜br＞(B),고령인구비율(시도/시/군/구),2023,2024-01-09,Daegu,대구광역시,명,101,
행정구역별,19.6,22,A,T10,DT_1YL20631,고령인구비율＜br＞(A÷B×100),고령인구비율(시도/시/군/구),2023,2024-01-09,Daegu,대구광역시,%,101, 
행정구역별,17113,22010,A,T001,DT_1YL20631,65세이상인구＜br＞(A),고령인구비율(시도/시/군/구),2023,2024-01-09,Jung-gu,중구,명,101,
행정구역별,89064,22010,A,T002,DT_1YL20631,전체인구＜br＞(B),고령인구비율(시도/시/군/구),2023,2024-01-09,Jung-gu,중구,명,101,
행정구역별,19.2,22010,A,T10,DT_1YL20631,고령인구비율＜br＞(A÷B×100),고령인구비율(시도/시/군/구),2023,2024-01-09,Jung-gu,중구,%,101, 
행정구역별,76756,22020,A,T001,DT_1YL20631,65세이상인구＜br＞(A),고령인구비율(시도/시/군/구),2023,2024-01-09,Dong-gu,동구,명,101,
행정구역별,342813,22020,A,T002,DT_1YL20631,전체인구＜br＞(B),고령인구비율(시도/시/군/구),2023,2024-01-09,Dong-gu,동구,명,101,
행정구역별,22.4,22020,A,T10,DT_1YL20631,고령인구비율＜br＞(A÷B×100),고령인구비율(시도/시/군/구),2023,2024-01-09,Dong-gu,동구,%,101, 
행정구역별,42936,22030,A,T001,DT_1YL20631,65세이상인구＜br＞(A),고령인구비율(시도/시/군/구),2023,2024-01-09,Seo-gu,서구,명,101,
행정구역별,164088,22030,A,T002,DT_1YL20631,전체인구＜br＞(B),고령인구비율(시도/시/군/구),2023,2024-01-09,Seo-gu,서구,명,101,
행정구역별,26.2,22030,A,T10,DT_1YL20631,고령인구비율＜br＞(A÷B×100),고령인구비율(시도/시/군/구),2023,2024-01-09,Seo-gu,서구,%,101, 
행정구역별,36561,22040,A,T001,DT_1YL20631,65세이상인구＜br＞(A),고령인구비율(시도/시/군/구),2023,2024-01-09,Nam-gu,남구,명,101,
행정구역별,139187,22040,A,T002,DT_1YL20631,전체인구＜br＞(B),고령인구비율(시도/시/군/구),2023,2024-01-09,Nam-gu,남구,명,101,
행정구역별,26.3,22040,A,T10,DT_1YL20631,고령인구비율＜br＞(A÷B×100),고령인구비율(시도/시/군/구),2023,2024-01-09,Nam-gu,남구,%,101, 
행정구역별,73675,22050,A,T001,DT_1YL20631,65세이상인구＜br＞(A),고령인구비율(시도/시/군/구),2023,2024-01-09,Buk-gu,북구,명,101,
행정구역별,419624,22050,A,T002,DT_1YL20631,전체인구＜br＞(B),고령인구비율(시도/시/군/구),2023,2024-01-09,Buk-gu,북구,명,101,
행정구역별,17.6,22050,A,T10,DT_1YL20631,고령인구비율＜br＞(A÷B×100),고령인구비율(시도/시/군/구),2023,2024-01-09,Buk-gu,북구,%,101, 
행정구역별,75007,22060,A,T001,DT_1YL20631,65세이상인구＜br＞(A),고령인구비율(시도/시/군/구),2023,2024-01-09,Suseong-gu,수성구,명,101,
행정구역별,407331,22060,A,T002,DT_1YL20631,전체인구＜br＞(B),고령인구비율(시도/시/군/구),2023,2024-01-09,Suseong-gu,수성구,명,101,
행정구역별,18.4,22060,A,T10,DT_1YL20631,고령인구비율＜br＞(A÷B×100),고령인구비율(시도/시/군/구),2023,2024-01-09,Suseong-gu,수성구,%,101, 
행정구역별,93762,22070,A,T001,DT_1YL20631,65세이상인구＜br＞(A),고령인구비율(시도/시/군/구),2023,2024-01-09,Dalseo-gu,달서구,명,101,
행정구역별,527781,22070,A,T002,DT_1YL20631,전체인구＜br＞(B),고령인구비율(시도/시/군/구),2023,2024-01-09,Dalseo-gu,달서구,명,101,
행정구역별,17.8,22070,A,T10,DT_1YL20631,고령인구비율＜br＞(A÷B×100),고령인구비율(시도/시/군/구),2023,2024-01-09,Dalseo-gu,달서구,%,101, 
행정구역별,40217,22310,A,T001,DT_1YL20631,65세이상인구＜br＞(A),고령인구비율(시도/시/군/구),2023,2024-01-09,Dalseong-gun,달성군,명,101,
행정구역별,262084,22310,A,T002,DT_1YL20631,전체인구＜br＞(B),고령인구비율(시도/시/군/구),2023,2024-01-09,Dalseong-gun,달성군,명,101,
행정구역별,15.3,22310,A,T10,DT_1YL20631,고령인구비율＜br＞(A÷B×100),고령인구비율(시도/시/군/구),2023,2024-01-09,Dalseong-gun,달성군,%,101, 
행정구역별,10311,22520,A,T001,DT_1YL20631,65세이상인구＜br＞(A),고령인구비율(시도/시/군/구),2023,2024-01-09,Gunwi-gun,군위군,명,101,
행정구역별,22988,22520,A,T002,DT_1YL20631,전체인구＜br＞(B),고령인구비율(시도/시/군/구),2023,2024-01-09,Gunwi-gun,군위군,명,101,
행정구역별,44.9,22520,A,T10,DT_1YL20631,고령인구비율＜br＞(A÷B×100),고령인구비율(시도/시/군/구),2023,2024-01-09,Gunwi-gun,군위군,%,101, 
행정구역별,497057,23,A,T001,DT_1YL20631,65세이상인구＜br＞(A),고령인구비율(시도/시/군/구),2023,2024-01-09,Incheon,인천광역시,명,101,
행정구역별,2997410,23,A,T002,DT_1YL20631,전체인구＜br＞(B),고령인구비율(시도/시/군/구),2023,2024-01-09,Incheon,인천광역시,명,101,
행정구역별,16.6,23,A,T10,DT_1YL20631,고령인구비율＜br＞(A÷B×100),고령인구비율(시도/시/군/구),2023,2024-01-09,Incheon,인천광역시,%,101, 
행정구역별,24912,23010,A,T001,DT_1YL20631,65세이상인구＜br＞(A),고령인구비율(시도/시/군/구),2023,2024-01-09,Jung-gu,중구,명,101,
행정구역별,158958,23010,A,T002,DT_1YL20631,전체인구＜br＞(B),고령인구비율(시도/시/군/구),2023,2024-01-09,Jung-gu,중구,명,101,
행정구역별,15.7,23010,A,T10,DT_1YL20631,고령인구비율＜br＞(A÷B×100),고령인구비율(시도/시/군/구),2023,2024-01-09,Jung-gu,중구,%,101, 
행정구역별,15240,23020,A,T001,DT_1YL20631,65세이상인구＜br＞(A),고령인구비율(시도/시/군/구),2023,2024-01-09,Dong-gu,동구,명,101,
행정구역별,59482,23020,A,T002,DT_1YL20631,전체인구＜br＞(B),고령인구비율(시도/시/군/구),2023,2024-01-09,Dong-gu,동구,명,101,
행정구역별,25.6,23020,A,T10,DT_1YL20631,고령인구비율＜br＞(A÷B×100),고령인구비율(시도/시/군/구),2023,2024-01-09,Dong-gu,동구,%,101, 
행정구역별,47731,23040,A,T001,DT_1YL20631,65세이상인구＜br＞(A),고령인구비율(시도/시/군/구),2023,2024-01-09,Yeonsu-gu,연수구,명,101,
행정구역별,392416,23040,A,T002,DT_1YL20631,전체인구＜br＞(B),고령인구비율(시도/시/군/구),2023,2024-01-09,Yeonsu-gu,연수구,명,101,
행정구역별,12.2,23040,A,T10,DT_1YL20631,고령인구비율＜br＞(A÷B×100),고령인구비율(시도/시/군/구),2023,2024-01-09,Yeonsu-gu,연수구,%,101, 
행정구역별,85478,23050,A,T001,DT_1YL20631,65세이상인구＜br＞(A),고령인구비율(시도/시/군/구),2023,2024-01-09,Namdong-gu,남동구,명,101,
행정구역별,492415,23050,A,T002,DT_1YL20631,전체인구＜br＞(B),고령인구비율(시도/시/군/구),2023,2024-01-09,Namdong-gu,남동구,명,101,
행정구역별,17.4,23050,A,T10,DT_1YL20631,고령인구비율＜br＞(A÷B×100),고령인구비율(시도/시/군/구),2023,2024-01-09,Namdong-gu,남동구,%,101, 
행정구역별,87260,23060,A,T001,DT_1YL20631,65세이상인구＜br＞(A),고령인구비율(시도/시/군/구),2023,2024-01-09,Bupyeong-gu,부평구,명,101,
행정구역별,494138,23060,A,T002,DT_1YL20631,전체인구＜br＞(B),고령인구비율(시도/시/군/구),2023,2024-01-09,Bupyeong-gu,부평구,명,101,
행정구역별,17.7,23060,A,T10,DT_1YL20631,고령인구비율＜br＞(A÷B×100),고령인구비율(시도/시/군/구),2023,2024-01-09,Bupyeong-gu,부평구,%,101, 
행정구역별,47042,23070,A,T001,DT_1YL20631,65세이상인구＜br＞(A),고령인구비율(시도/시/군/구),2023,2024-01-09,Gyeyang-gu,계양구,명,101,
행정구역별,280266,23070,A,T002,DT_1YL20631,전체인구＜br＞(B),고령인구비율(시도/시/군/구),2023,2024-01-09,Gyeyang-gu,계양구,명,101,
행정구역별,16.8,23070,A,T10,DT_1YL20631,고령인구비율＜br＞(A÷B×100),고령인구비율(시도/시/군/구),2023,2024-01-09,Gyeyang-gu,계양구,%,101, 
행정구역별,77384,23080,A,T001,DT_1YL20631,65세이상인구＜br＞(A),고령인구비율(시도/시/군/구),2023,2024-01-09,Seo-gu,서구,명,101,
행정구역별,624358,23080,A,T002,DT_1YL20631,전체인구＜br＞(B),고령인구비율(시도/시/군/구),2023,2024-01-09,Seo-gu,서구,명,101,
행정구역별,12.4,23080,A,T10,DT_1YL20631,고령인구비율＜br＞(A÷B×100),고령인구비율(시도/시/군/구),2023,2024-01-09,Seo-gu,서구,%,101, 
행정구역별,79880,23090,A,T001,DT_1YL20631,65세이상인구＜br＞(A),고령인구비율(시도/시/군/구),2023,2024-01-09,Michuhol-gu,미추홀구,명,101,
행정구역별,405995,23090,A,T002,DT_1YL20631,전체인구＜br＞(B),고령인구비율(시도/시/군/구),2023,2024-01-09,Michuhol-gu,미추홀구,명,101,
행정구역별,19.7,23090,A,T10,DT_1YL20631,고령인구비율＜br＞(A÷B×100),고령인구비율(시도/시/군/구),2023,2024-01-09,Michuhol-gu,미추홀구,%,101, 
행정구역별,25691,23310,A,T001,DT_1YL20631,65세이상인구＜br＞(A),고령인구비율(시도/시/군/구),2023,2024-01-09,Ganghwa-gun,강화군,명,101,
행정구역별,69005,23310,A,T002,DT_1YL20631,전체인구＜br＞(B),고령인구비율(시도/시/군/구),2023,2024-01-09,Ganghwa-gun,강화군,명,101,
행정구역별,37.2,23310,A,T10,DT_1YL20631,고령인구비율＜br＞(A÷B×100),고령인구비율(시도/시/군/구),2023,2024-01-09,Ganghwa-gun,강화군,%,101, 
행정구역별,6439,23320,A,T001,DT_1YL20631,65세이상인구＜br＞(A),고령인구비율(시도/시/군/구),2023,2024-01-09,Ongjin-gun,옹진군,명,101,
행정구역별,20377,23320,A,T002,DT_1YL20631,전체인구＜br＞(B),고령인구비율(시도/시/군/구),2023,2024-01-09,Ongjin-gun,옹진군,명,101,
행정구역별,31.6,23320,A,T10,DT_1YL20631,고령인구비율＜br＞(A÷B×100),고령인구비율(시도/시/군/구),2023,2024-01-09,Ongjin-gun,옹진군,%,101, 
행정구역별,244756,25,A,T001,DT_1YL20631,65세이상인구＜br＞(A),고령인구비율(시도/시/군/구),2023,2024-01-09,Daejeon,대전광역시,명,101,
행정구역별,1442216,25,A,T002,DT_1YL20631,전체인구＜br＞(B),고령인구비율(시도/시/군/구),2023,2024-01-09,Daejeon,대전광역시,명,101,
행정구역별,17,25,A,T10,DT_1YL20631,고령인구비율＜br＞(A÷B×100),고령인구비율(시도/시/군/구),2023,2024-01-09,Daejeon,대전광역시,%,101, 
행정구역별,47641,25010,A,T001,DT_1YL20631,65세이상인구＜br＞(A),고령인구비율(시도/시/군/구),2023,2024-01-09,Dong-gu,동구,명,101,
행정구역별,217628,25010,A,T002,DT_1YL20631,전체인구＜br＞(B),고령인구비율(시도/시/군/구),2023,2024-01-09,Dong-gu,동구,명,101,
행정구역별,21.9,25010,A,T10,DT_1YL20631,고령인구비율＜br＞(A÷B×100),고령인구비율(시도/시/군/구),2023,2024-01-09,Dong-gu,동구,%,101, 
행정구역별,50631,25020,A,T001,DT_1YL20631,65세이상인구＜br＞(A),고령인구비율(시도/시/군/구),2023,2024-01-09,Jung-gu,중구,명,101,
행정구역별,223256,25020,A,T002,DT_1YL20631,전체인구＜br＞(B),고령인구비율(시도/시/군/구),2023,2024-01-09,Jung-gu,중구,명,101,
행정구역별,22.7,25020,A,T10,DT_1YL20631,고령인구비율＜br＞(A÷B×100),고령인구비율(시도/시/군/구),2023,2024-01-09,Jung-gu,중구,%,101, 
행정구역별,71534,25030,A,T001,DT_1YL20631,65세이상인구＜br＞(A),고령인구비율(시도/시/군/구),2023,2024-01-09,Seo-gu,서구,명,101,
행정구역별,464634,25030,A,T002,DT_1YL20631,전체인구＜br＞(B),고령인구비율(시도/시/군/구),2023,2024-01-09,Seo-gu,서구,명,101,
행정구역별,15.4,25030,A,T10,DT_1YL20631,고령인구비율＜br＞(A÷B×100),고령인구비율(시도/시/군/구),2023,2024-01-09,Seo-gu,서구,%,101, 
행정구역별,41897,25040,A,T001,DT_1YL20631,65세이상인구＜br＞(A),고령인구비율(시도/시/군/구),2023,2024-01-09,Yuseong-gu,유성구,명,101,
행정구역별,366845,25040,A,T002,DT_1YL20631,전체인구＜br＞(B),고령인구비율(시도/시/군/구),2023,2024-01-09,Yuseong-gu,유성구,명,101,
행정구역별,11.4,25040,A,T10,DT_1YL20631,고령인구비율＜br＞(A÷B×100),고령인구비율(시도/시/군/구),2023,2024-01-09,Yuseong-gu,유성구,%,101, 
행정구역별,33053,25050,A,T001,DT_1YL20631,65세이상인구＜br＞(A),고령인구비율(시도/시/군/구),2023,2024-01-09,Daedeok-gu,대덕구,명,101,
행정구역별,169853,25050,A,T002,DT_1YL20631,전체인구＜br＞(B),고령인구비율(시도/시/군/구),2023,2024-01-09,Daedeok-gu,대덕구,명,101,
행정구역별,19.5,25050,A,T10,DT_1YL20631,고령인구비율＜br＞(A÷B×100),고령인구비율(시도/시/군/구),2023,2024-01-09,Daedeok-gu,대덕구,%,101, 
행정구역별,175709,26,A,T001,DT_1YL20631,65세이상인구＜br＞(A),고령인구비율(시도/시/군/구),2023,2024-01-09,Ulsan,울산광역시,명,101,
행정구역별,1103661,26,A,T002,DT_1YL20631,전체인구＜br＞(B),고령인구비율(시도/시/군/구),2023,2024-01-09,Ulsan,울산광역시,명,101,
행정구역별,15.9,26,A,T10,DT_1YL20631,고령인구비율＜br＞(A÷B×100),고령인구비율(시도/시/군/구),2023,2024-01-09,Ulsan,울산광역시,%,101, 
행정구역별,39470,26010,A,T001,DT_1YL20631,65세이상인구＜br＞(A),고령인구비율(시도/시/군/구),2023,2024-01-09,Jung-gu,중구,명,101,
행정구역별,208668,26010,A,T002,DT_1YL20631,전체인구＜br＞(B),고령인구비율(시도/시/군/구),2023,2024-01-09,Jung-gu,중구,명,101,
행정구역별,18.9,26010,A,T10,DT_1YL20631,고령인구비율＜br＞(A÷B×100),고령인구비율(시도/시/군/구),2023,2024-01-09,Jung-gu,중구,%,101, 
행정구역별,47347,26020,A,T001,DT_1YL20631,65세이상인구＜br＞(A),고령인구비율(시도/시/군/구),2023,2024-01-09,Nam-gu,남구,명,101,
행정구역별,307232,26020,A,T002,DT_1YL20631,전체인구＜br＞(B),고령인구비율(시도/시/군/구),2023,2024-01-09,Nam-gu,남구,명,101,
행정구역별,15.4,26020,A,T10,DT_1YL20631,고령인구비율＜br＞(A÷B×100),고령인구비율(시도/시/군/구),2023,2024-01-09,Nam-gu,남구,%,101, 
행정구역별,25291,26030,A,T001,DT_1YL20631,65세이상인구＜br＞(A),고령인구비율(시도/시/군/구),2023,2024-01-09,Dong-gu,동구,명,101,
행정구역별,152287,26030,A,T002,DT_1YL20631,전체인구＜br＞(B),고령인구비율(시도/시/군/구),2023,2024-01-09,Dong-gu,동구,명,101,
행정구역별,16.6,26030,A,T10,DT_1YL20631,고령인구비율＜br＞(A÷B×100),고령인구비율(시도/시/군/구),2023,2024-01-09,Dong-gu,동구,%,101, 
행정구역별,23347,26040,A,T001,DT_1YL20631,65세이상인구＜br＞(A),고령인구비율(시도/시/군/구),2023,2024-01-09,Buk-gu,북구,명,101,
행정구역별,216477,26040,A,T002,DT_1YL20631,전체인구＜br＞(B),고령인구비율(시도/시/군/구),2023,2024-01-09,Buk-gu,북구,명,101,
행정구역별,10.8,26040,A,T10,DT_1YL20631,고령인구비율＜br＞(A÷B×100),고령인구비율(시도/시/군/구),2023,2024-01-09,Buk-gu,북구,%,101, 
행정구역별,40254,26310,A,T001,DT_1YL20631,65세이상인구＜br＞(A),고령인구비율(시도/시/군/구),2023,2024-01-09,Ulju-gun,울주군,명,101,
행정구역별,218997,26310,A,T002,DT_1YL20631,전체인구＜br＞(B),고령인구비율(시도/시/군/구),2023,2024-01-09,Ulju-gun,울주군,명,101,
행정구역별,18.4,26310,A,T10,DT_1YL20631,고령인구비율＜br＞(A÷B×100),고령인구비율(시도/시/군/구),2023,2024-01-09,Ulju-gun,울주군,%,101, 
행정구역별,42560,29,A,T001,DT_1YL20631,65세이상인구＜br＞(A),고령인구비율(시도/시/군/구),2023,2024-01-09,Sejong,세종특별자치시,명,101,
행정구역별,386525,29,A,T002,DT_1YL20631,전체인구＜br＞(B),고령인구비율(시도/시/군/구),2023,2024-01-09,Sejong,세종특별자치시,명,101,
행정구역별,11,29,A,T10,DT_1YL20631,고령인구비율＜br＞(A÷B×100),고령인구비율(시도/시/군/구),2023,2024-01-09,Sejong,세종특별자치시,%,101, 
행정구역별,2122718,31,A,T001,DT_1YL20631,65세이상인구＜br＞(A),고령인구비율(시도/시/군/구),2023,2024-01-09,Gyeonggi-do,경기도,명,101,
행정구역별,13630821,31,A,T002,DT_1YL20631,전체인구＜br＞(B),고령인구비율(시도/시/군/구),2023,2024-01-09,Gyeonggi-do,경기도,명,101,
행정구역별,15.6,31,A,T10,DT_1YL20631,고령인구비율＜br＞(A÷B×100),고령인구비율(시도/시/군/구),2023,2024-01-09,Gyeonggi-do,경기도,%,101, 
행정구역별,157336,31010,A,T001,DT_1YL20631,65세이상인구＜br＞(A),고령인구비율(시도/시/군/구),2023,2024-01-09,Suwon-si,수원시,명,101,
행정구역별,1197257,31010,A,T002,DT_1YL20631,전체인구＜br＞(B),고령인구비율(시도/시/군/구),2023,2024-01-09,Suwon-si,수원시,명,101,
행정구역별,13.1,31010,A,T10,DT_1YL20631,고령인구비율＜br＞(A÷B×100),고령인구비율(시도/시/군/구),2023,2024-01-09,Suwon-si,수원시,%,101, 
행정구역별,152855,31020,A,T001,DT_1YL20631,65세이상인구＜br＞(A),고령인구비율(시도/시/군/구),2023,2024-01-09,Seongnam-si,성남시,명,101,
행정구역별,919747,31020,A,T002,DT_1YL20631,전체인구＜br＞(B),고령인구비율(시도/시/군/구),2023,2024-01-09,Seongnam-si,성남시,명,101,
행정구역별,16.6,31020,A,T10,DT_1YL20631,고령인구비율＜br＞(A÷B×100),고령인구비율(시도/시/군/구),2023,2024-01-09,Seongnam-si,성남시,%,101, 
행정구역별,82104,31030,A,T001,DT_1YL20631,65세이상인구＜br＞(A),고령인구비율(시도/시/군/구),2023,2024-01-09,Uijeongbu-si,의정부시,명,101,
행정구역별,464213,31030,A,T002,DT_1YL20631,전체인구＜br＞(B),고령인구비율(시도/시/군/구),2023,2024-01-09,Uijeongbu-si,의정부시,명,101,
행정구역별,17.7,31030,A,T10,DT_1YL20631,고령인구비율＜br＞(A÷B×100),고령인구비율(시도/시/군/구),2023,2024-01-09,Uijeongbu-si,의정부시,%,101, 
행정구역별,90026,31040,A,T001,DT_1YL20631,65세이상인구＜br＞(A),고령인구비율(시도/시/군/구),2023,2024-01-09,Anyang-si,안양시,명,101,
행정구역별,544660,31040,A,T002,DT_1YL20631,전체인구＜br＞(B),고령인구비율(시도/시/군/구),2023,2024-01-09,Anyang-si,안양시,명,101,
행정구역별,16.5,31040,A,T10,DT_1YL20631,고령인구비율＜br＞(A÷B×100),고령인구비율(시도/시/군/구),2023,2024-01-09,Anyang-si,안양시,%,101, 
행정구역별,134331,31050,A,T001,DT_1YL20631,65세이상인구＜br＞(A),고령인구비율(시도/시/군/구),2023,2024-01-09,Bucheon-si,부천시,명,101,
행정구역별,779968,31050,A,T002,DT_1YL20631,전체인구＜br＞(B),고령인구비율(시도/시/군/구),2023,2024-01-09,Bucheon-si,부천시,명,101,
행정구역별,17.2,31050,A,T10,DT_1YL20631,고령인구비율＜br＞(A÷B×100),고령인구비율(시도/시/군/구),2023,2024-01-09,Bucheon-si,부천시,%,101, 
행정구역별,46870,31060,A,T001,DT_1YL20631,65세이상인구＜br＞(A),고령인구비율(시도/시/군/구),2023,2024-01-09,Gwangmyeong-si,광명시,명,101,
행정구역별,280197,31060,A,T002,DT_1YL20631,전체인구＜br＞(B),고령인구비율(시도/시/군/구),2023,2024-01-09,Gwangmyeong-si,광명시,명,101,
행정구역별,16.7,31060,A,T10,DT_1YL20631,고령인구비율＜br＞(A÷B×100),고령인구비율(시도/시/군/구),2023,2024-01-09,Gwangmyeong-si,광명시,%,101, 
행정구역별,77785,31070,A,T001,DT_1YL20631,65세이상인구＜br＞(A),고령인구비율(시도/시/군/구),2023,2024-01-09,Pyeongtaek-si,평택시,명,101,
행정구역별,591022,31070,A,T002,DT_1YL20631,전체인구＜br＞(B),고령인구비율(시도/시/군/구),2023,2024-01-09,Pyeongtaek-si,평택시,명,101,
행정구역별,13.2,31070,A,T10,DT_1YL20631,고령인구비율＜br＞(A÷B×100),고령인구비율(시도/시/군/구),2023,2024-01-09,Pyeongtaek-si,평택시,%,101, 
행정구역별,21372,31080,A,T001,DT_1YL20631,65세이상인구＜br＞(A),고령인구비율(시도/시/군/구),2023,2024-01-09,Dongducheon-si,동두천시,명,101,
행정구역별,88626,31080,A,T002,DT_1YL20631,전체인구＜br＞(B),고령인구비율(시도/시/군/구),2023,2024-01-09,Dongducheon-si,동두천시,명,101,
행정구역별,24.1,31080,A,T10,DT_1YL20631,고령인구비율＜br＞(A÷B×100),고령인구비율(시도/시/군/구),2023,2024-01-09,Dongducheon-si,동두천시,%,101, 
행정구역별,87389,31090,A,T001,DT_1YL20631,65세이상인구＜br＞(A),고령인구비율(시도/시/군/구),2023,2024-01-09,Ansan-si,안산시,명,101,
행정구역별,629308,31090,A,T002,DT_1YL20631,전체인구＜br＞(B),고령인구비율(시도/시/군/구),2023,2024-01-09,Ansan-si,안산시,명,101,
행정구역별,13.9,31090,A,T10,DT_1YL20631,고령인구비율＜br＞(A÷B×100),고령인구비율(시도/시/군/구),2023,2024-01-09,Ansan-si,안산시,%,101, 
행정구역별,173057,31100,A,T001,DT_1YL20631,65세이상인구＜br＞(A),고령인구비율(시도/시/군/구),2023,2024-01-09,Goyang-si,고양시,명,101,
행정구역별,1074907,31100,A,T002,DT_1YL20631,전체인구＜br＞(B),고령인구비율(시도/시/군/구),2023,2024-01-09,Goyang-si,고양시,명,101,
행정구역별,16.1,31100,A,T10,DT_1YL20631,고령인구비율＜br＞(A÷B×100),고령인구비율(시도/시/군/구),2023,2024-01-09,Goyang-si,고양시,%,101, 
행정구역별,11771,31110,A,T001,DT_1YL20631,65세이상인구＜br＞(A),고령인구비율(시도/시/군/구),2023,2024-01-09,Gwacheon-si,과천시,명,101,
행정구역별,81000,31110,A,T002,DT_1YL20631,전체인구＜br＞(B),고령인구비율(시도/시/군/구),2023,2024-01-09,Gwacheon-si,과천시,명,101,
행정구역별,14.5,31110,A,T10,DT_1YL20631,고령인구비율＜br＞(A÷B×100),고령인구비율(시도/시/군/구),2023,2024-01-09,Gwacheon-si,과천시,%,101, 
행정구역별,31009,31120,A,T001,DT_1YL20631,65세이상인구＜br＞(A),고령인구비율(시도/시/군/구),2023,2024-01-09,Guri-si,구리시,명,101,
행정구역별,187093,31120,A,T002,DT_1YL20631,전체인구＜br＞(B),고령인구비율(시도/시/군/구),2023,2024-01-09,Guri-si,구리시,명,101,
행정구역별,16.6,31120,A,T10,DT_1YL20631,고령인구비율＜br＞(A÷B×100),고령인구비율(시도/시/군/구),2023,2024-01-09,Guri-si,구리시,%,101, 
행정구역별,121931,31130,A,T001,DT_1YL20631,65세이상인구＜br＞(A),고령인구비율(시도/시/군/구),2023,2024-01-09,Namyangju-si,남양주시,명,101,
행정구역별,732265,31130,A,T002,DT_1YL20631,전체인구＜br＞(B),고령인구비율(시도/시/군/구),2023,2024-01-09,Namyangju-si,남양주시,명,101,
행정구역별,16.7,31130,A,T10,DT_1YL20631,고령인구비율＜br＞(A÷B×100),고령인구비율(시도/시/군/구),2023,2024-01-09,Namyangju-si,남양주시,%,101, 
행정구역별,26964,31140,A,T001,DT_1YL20631,65세이상인구＜br＞(A),고령인구비율(시도/시/군/구),2023,2024-01-09,Osan-si,오산시,명,101,
행정구역별,229656,31140,A,T002,DT_1YL20631,전체인구＜br＞(B),고령인구비율(시도/시/군/구),2023,2024-01-09,Osan-si,오산시,명,101,
행정구역별,11.7,31140,A,T10,DT_1YL20631,고령인구비율＜br＞(A÷B×100),고령인구비율(시도/시/군/구),2023,2024-01-09,Osan-si,오산시,%,101, 
행정구역별,59745,31150,A,T001,DT_1YL20631,65세이상인구＜br＞(A),고령인구비율(시도/시/군/구),2023,2024-01-09,Siheung-si,시흥시,명,101,
행정구역별,519715,31150,A,T002,DT_1YL20631,전체인구＜br＞(B),고령인구비율(시도/시/군/구),2023,2024-01-09,Siheung-si,시흥시,명,101,
행정구역별,11.5,31150,A,T10,DT_1YL20631,고령인구비율＜br＞(A÷B×100),고령인구비율(시도/시/군/구),2023,2024-01-09,Siheung-si,시흥시,%,101, 
행정구역별,43569,31160,A,T001,DT_1YL20631,65세이상인구＜br＞(A),고령인구비율(시도/시/군/구),2023,2024-01-09,Gunpo-si,군포시,명,101,
행정구역별,261229,31160,A,T002,DT_1YL20631,전체인구＜br＞(B),고령인구비율(시도/시/군/구),2023,2024-01-09,Gunpo-si,군포시,명,101,
행정구역별,16.7,31160,A,T10,DT_1YL20631,고령인구비율＜br＞(A÷B×100),고령인구비율(시도/시/군/구),2023,2024-01-09,Gunpo-si,군포시,%,101, 
행정구역별,26477,31170,A,T001,DT_1YL20631,65세이상인구＜br＞(A),고령인구비율(시도/시/군/구),2023,2024-01-09,Uiwang-si,의왕시,명,101,
행정구역별,158870,31170,A,T002,DT_1YL20631,전체인구＜br＞(B),고령인구비율(시도/시/군/구),2023,2024-01-09,Uiwang-si,의왕시,명,101,
행정구역별,16.7,31170,A,T10,DT_1YL20631,고령인구비율＜br＞(A÷B×100),고령인구비율(시도/시/군/구),2023,2024-01-09,Uiwang-si,의왕시,%,101, 
행정구역별,47583,31180,A,T001,DT_1YL20631,65세이상인구＜br＞(A),고령인구비율(시도/시/군/구),2023,2024-01-09,Hanam-si,하남시,명,101,
행정구역별,329861,31180,A,T002,DT_1YL20631,전체인구＜br＞(B),고령인구비율(시도/시/군/구),2023,2024-01-09,Hanam-si,하남시,명,101,
행정구역별,14.4,31180,A,T10,DT_1YL20631,고령인구비율＜br＞(A÷B×100),고령인구비율(시도/시/군/구),2023,2024-01-09,Hanam-si,하남시,%,101, 
행정구역별,165767,31190,A,T001,DT_1YL20631,65세이상인구＜br＞(A),고령인구비율(시도/시/군/구),2023,2024-01-09,Yongin-si,용인시,명,101,
행정구역별,1075566,31190,A,T002,DT_1YL20631,전체인구＜br＞(B),고령인구비율(시도/시/군/구),2023,2024-01-09,Yongin-si,용인시,명,101,
행정구역별,15.4,31190,A,T10,DT_1YL20631,고령인구비율＜br＞(A÷B×100),고령인구비율(시도/시/군/구),2023,2024-01-09,Yongin-si,용인시,%,101, 
행정구역별,78257,31200,A,T001,DT_1YL20631,65세이상인구＜br＞(A),고령인구비율(시도/시/군/구),2023,2024-01-09,Paju-si,파주시,명,101,
행정구역별,497753,31200,A,T002,DT_1YL20631,전체인구＜br＞(B),고령인구비율(시도/시/군/구),2023,2024-01-09,Paju-si,파주시,명,101,
행정구역별,15.7,31200,A,T10,DT_1YL20631,고령인구비율＜br＞(A÷B×100),고령인구비율(시도/시/군/구),2023,2024-01-09,Paju-si,파주시,%,101, 
행정구역별,36905,31210,A,T001,DT_1YL20631,65세이상인구＜br＞(A),고령인구비율(시도/시/군/구),2023,2024-01-09,Icheon-si,이천시,명,101,
행정구역별,222098,31210,A,T002,DT_1YL20631,전체인구＜br＞(B),고령인구비율(시도/시/군/구),2023,2024-01-09,Icheon-si,이천시,명,101,
행정구역별,16.6,31210,A,T10,DT_1YL20631,고령인구비율＜br＞(A÷B×100),고령인구비율(시도/시/군/구),2023,2024-01-09,Icheon-si,이천시,%,101, 
행정구역별,38191,31220,A,T001,DT_1YL20631,65세이상인구＜br＞(A),고령인구비율(시도/시/군/구),2023,2024-01-09,Anseong-si,안성시,명,101,
행정구역별,189034,31220,A,T002,DT_1YL20631,전체인구＜br＞(B),고령인구비율(시도/시/군/구),2023,2024-01-09,Anseong-si,안성시,명,101,
행정구역별,20.2,31220,A,T10,DT_1YL20631,고령인구비율＜br＞(A÷B×100),고령인구비율(시도/시/군/구),2023,2024-01-09,Anseong-si,안성시,%,101, 
행정구역별,71702,31230,A,T001,DT_1YL20631,65세이상인구＜br＞(A),고령인구비율(시도/시/군/구),2023,2024-01-09,Gimpo-si,김포시,명,101,
행정구역별,486172,31230,A,T002,DT_1YL20631,전체인구＜br＞(B),고령인구비율(시도/시/군/구),2023,2024-01-09,Gimpo-si,김포시,명,101,
행정구역별,14.7,31230,A,T10,DT_1YL20631,고령인구비율＜br＞(A÷B×100),고령인구비율(시도/시/군/구),2023,2024-01-09,Gimpo-si,김포시,%,101, 
행정구역별,97343,31240,A,T001,DT_1YL20631,65세이상인구＜br＞(A),고령인구비율(시도/시/군/구),2023,2024-01-09,Hwaseong-si,화성시,명,101,
행정구역별,944342,31240,A,T002,DT_1YL20631,전체인구＜br＞(B),고령인구비율(시도/시/군/구),2023,2024-01-09,Hwaseong-si,화성시,명,101,
행정구역별,10.3,31240,A,T10,DT_1YL20631,고령인구비율＜br＞(A÷B×100),고령인구비율(시도/시/군/구),2023,2024-01-09,Hwaseong-si,화성시,%,101, 
행정구역별,64032,31250,A,T001,DT_1YL20631,65세이상인구＜br＞(A),고령인구비율(시도/시/군/구),2023,2024-01-09,Gwangju-si,광주시,명,101,
행정구역별,391377,31250,A,T002,DT_1YL20631,전체인구＜br＞(B),고령인구비율(시도/시/군/구),2023,2024-01-09,Gwangju-si,광주시,명,101,
행정구역별,16.4,31250,A,T10,DT_1YL20631,고령인구비율＜br＞(A÷B×100),고령인구비율(시도/시/군/구),2023,2024-01-09,Gwangju-si,광주시,%,101, 
행정구역별,46170,31260,A,T001,DT_1YL20631,65세이상인구＜br＞(A),고령인구비율(시도/시/군/구),2023,2024-01-09,Yangju-si,양주시,명,101,
행정구역별,268026,31260,A,T002,DT_1YL20631,전체인구＜br＞(B),고령인구비율(시도/시/군/구),2023,2024-01-09,Yangju-si,양주시,명,101,
행정구역별,17.2,31260,A,T10,DT_1YL20631,고령인구비율＜br＞(A÷B×100),고령인구비율(시도/시/군/구),2023,2024-01-09,Yangju-si,양주시,%,101, 
행정구역별,34863,31270,A,T001,DT_1YL20631,65세이상인구＜br＞(A),고령인구비율(시도/시/군/구),2023,2024-01-09,Pocheon-si,포천시,명,101,
행정구역별,143323,31270,A,T002,DT_1YL20631,전체인구＜br＞(B),고령인구비율(시도/시/군/구),2023,2024-01-09,Pocheon-si,포천시,명,101,
행정구역별,24.3,31270,A,T10,DT_1YL20631,고령인구비율＜br＞(A÷B×100),고령인구비율(시도/시/군/구),2023,2024-01-09,Pocheon-si,포천시,%,101, 
행정구역별,28895,31280,A,T001,DT_1YL20631,65세이상인구＜br＞(A),고령인구비율(시도/시/군/구),2023,2024-01-09,Yeoju-si,여주시,명,101,
행정구역별,114412,31280,A,T002,DT_1YL20631,전체인구＜br＞(B),고령인구비율(시도/시/군/구),2023,2024-01-09,Yeoju-si,여주시,명,101,
행정구역별,25.3,31280,A,T10,DT_1YL20631,고령인구비율＜br＞(A÷B×100),고령인구비율(시도/시/군/구),2023,2024-01-09,Yeoju-si,여주시,%,101, 
행정구역별,12882,31350,A,T001,DT_1YL20631,65세이상인구＜br＞(A),고령인구비율(시도/시/군/구),2023,2024-01-09,Yeoncheon-gun,연천군,명,101,
행정구역별,41584,31350,A,T002,DT_1YL20631,전체인구＜br＞(B),고령인구비율(시도/시/군/구),2023,2024-01-09,Yeoncheon-gun,연천군,명,101,
행정구역별,31,31350,A,T10,DT_1YL20631,고령인구비율＜br＞(A÷B×100),고령인구비율(시도/시/군/구),2023,2024-01-09,Yeoncheon-gun,연천군,%,101, 
행정구역별,18713,31370,A,T001,DT_1YL20631,65세이상인구＜br＞(A),고령인구비율(시도/시/군/구),2023,2024-01-09,Gapyeong-gun,가평군,명,101,
행정구역별,62302,31370,A,T002,DT_1YL20631,전체인구＜br＞(B),고령인구비율(시도/시/군/구),2023,2024-01-09,Gapyeong-gun,가평군,명,101,
행정구역별,30,31370,A,T10,DT_1YL20631,고령인구비율＜br＞(A÷B×100),고령인구비율(시도/시/군/구),2023,2024-01-09,Gapyeong-gun,가평군,%,101, 
행정구역별,36824,31380,A,T001,DT_1YL20631,65세이상인구＜br＞(A),고령인구비율(시도/시/군/구),2023,2024-01-09,Yangpyeong-gun,양평군,명,101,
행정구역별,125238,31380,A,T002,DT_1YL20631,전체인구＜br＞(B),고령인구비율(시도/시/군/구),2023,2024-01-09,Yangpyeong-gun,양평군,명,101,
행정구역별,29.4,31380,A,T10,DT_1YL20631,고령인구비율＜br＞(A÷B×100),고령인구비율(시도/시/군/구),2023,2024-01-09,Yangpyeong-gun,양평군,%,101, 
행정구역별,366555,32,A,T001,DT_1YL20631,65세이상인구＜br＞(A),고령인구비율(시도/시/군/구),2023,2024-01-09,Gangwon-do,강원특별자치도,명,101,
행정구역별,1527807,32,A,T002,DT_1YL20631,전체인구＜br＞(B),고령인구비율(시도/시/군/구),2023,2024-01-09,Gangwon-do,강원특별자치도,명,101,
행정구역별,24,32,A,T10,DT_1YL20631,고령인구비율＜br＞(A÷B×100),고령인구비율(시도/시/군/구),2023,2024-01-09,Gangwon-do,강원특별자치도,%,101, 
행정구역별,58611,32010,A,T001,DT_1YL20631,65세이상인구＜br＞(A),고령인구비율(시도/시/군/구),2023,2024-01-09,Chuncheon-si,춘천시,명,101,
행정구역별,286426,32010,A,T002,DT_1YL20631,전체인구＜br＞(B),고령인구비율(시도/시/군/구),2023,2024-01-09,Chuncheon-si,춘천시,명,101,
행정구역별,20.5,32010,A,T10,DT_1YL20631,고령인구비율＜br＞(A÷B×100),고령인구비율(시도/시/군/구),2023,2024-01-09,Chuncheon-si,춘천시,%,101, 
행정구역별,64487,32020,A,T001,DT_1YL20631,65세이상인구＜br＞(A),고령인구비율(시도/시/군/구),2023,2024-01-09,Wonju-si,원주시,명,101,
행정구역별,361503,32020,A,T002,DT_1YL20631,전체인구＜br＞(B),고령인구비율(시도/시/군/구),2023,2024-01-09,Wonju-si,원주시,명,101,
행정구역별,17.8,32020,A,T10,DT_1YL20631,고령인구비율＜br＞(A÷B×100),고령인구비율(시도/시/군/구),2023,2024-01-09,Wonju-si,원주시,%,101, 
행정구역별,51700,32030,A,T001,DT_1YL20631,65세이상인구＜br＞(A),고령인구비율(시도/시/군/구),2023,2024-01-09,Gangneung-si,강릉시,명,101,
행정구역별,209439,32030,A,T002,DT_1YL20631,전체인구＜br＞(B),고령인구비율(시도/시/군/구),2023,2024-01-09,Gangneung-si,강릉시,명,101,
행정구역별,24.7,32030,A,T10,DT_1YL20631,고령인구비율＜br＞(A÷B×100),고령인구비율(시도/시/군/구),2023,2024-01-09,Gangneung-si,강릉시,%,101, 
행정구역별,20861,32040,A,T001,DT_1YL20631,65세이상인구＜br＞(A),고령인구비율(시도/시/군/구),2023,2024-01-09,Donghae-si,동해시,명,101,
행정구역별,88625,32040,A,T002,DT_1YL20631,전체인구＜br＞(B),고령인구비율(시도/시/군/구),2023,2024-01-09,Donghae-si,동해시,명,101,
행정구역별,23.5,32040,A,T10,DT_1YL20631,고령인구비율＜br＞(A÷B×100),고령인구비율(시도/시/군/구),2023,2024-01-09,Donghae-si,동해시,%,101, 
행정구역별,11300,32050,A,T001,DT_1YL20631,65세이상인구＜br＞(A),고령인구비율(시도/시/군/구),2023,2024-01-09,Taebaek-si,태백시,명,101,
행정구역별,38702,32050,A,T002,DT_1YL20631,전체인구＜br＞(B),고령인구비율(시도/시/군/구),2023,2024-01-09,Taebaek-si,태백시,명,101,
행정구역별,29.2,32050,A,T10,DT_1YL20631,고령인구비율＜br＞(A÷B×100),고령인구비율(시도/시/군/구),2023,2024-01-09,Taebaek-si,태백시,%,101, 
행정구역별,18496,32060,A,T001,DT_1YL20631,65세이상인구＜br＞(A),고령인구비율(시도/시/군/구),2023,2024-01-09,Sokcho-si,속초시,명,101,
행정구역별,82054,32060,A,T002,DT_1YL20631,전체인구＜br＞(B),고령인구비율(시도/시/군/구),2023,2024-01-09,Sokcho-si,속초시,명,101,
행정구역별,22.5,32060,A,T10,DT_1YL20631,고령인구비율＜br＞(A÷B×100),고령인구비율(시도/시/군/구),2023,2024-01-09,Sokcho-si,속초시,%,101, 
행정구역별,18014,32070,A,T001,DT_1YL20631,65세이상인구＜br＞(A),고령인구비율(시도/시/군/구),2023,2024-01-09,Samcheok-si,삼척시,명,101,
행정구역별,62651,32070,A,T002,DT_1YL20631,전체인구＜br＞(B),고령인구비율(시도/시/군/구),2023,2024-01-09,Samcheok-si,삼척시,명,101,
행정구역별,28.8,32070,A,T10,DT_1YL20631,고령인구비율＜br＞(A÷B×100),고령인구비율(시도/시/군/구),2023,2024-01-09,Samcheok-si,삼척시,%,101, 
행정구역별,21287,32310,A,T001,DT_1YL20631,65세이상인구＜br＞(A),고령인구비율(시도/시/군/구),2023,2024-01-09,Hongcheon-gun,홍천군,명,101,
행정구역별,67309,32310,A,T002,DT_1YL20631,전체인구＜br＞(B),고령인구비율(시도/시/군/구),2023,2024-01-09,Hongcheon-gun,홍천군,명,101,
행정구역별,31.6,32310,A,T10,DT_1YL20631,고령인구비율＜br＞(A÷B×100),고령인구비율(시도/시/군/구),2023,2024-01-09,Hongcheon-gun,홍천군,%,101, 
행정구역별,16038,32320,A,T001,DT_1YL20631,65세이상인구＜br＞(A),고령인구비율(시도/시/군/구),2023,2024-01-09,Hoengseong-gun,횡성군,명,101,
행정구역별,46359,32320,A,T002,DT_1YL20631,전체인구＜br＞(B),고령인구비율(시도/시/군/구),2023,2024-01-09,Hoengseong-gun,횡성군,명,101,
행정구역별,34.6,32320,A,T10,DT_1YL20631,고령인구비율＜br＞(A÷B×100),고령인구비율(시도/시/군/구),2023,2024-01-09,Hoengseong-gun,횡성군,%,101, 
행정구역별,12705,32330,A,T001,DT_1YL20631,65세이상인구＜br＞(A),고령인구비율(시도/시/군/구),2023,2024-01-09,Yeongwol-gun,영월군,명,101,
행정구역별,37332,32330,A,T002,DT_1YL20631,전체인구＜br＞(B),고령인구비율(시도/시/군/구),2023,2024-01-09,Yeongwol-gun,영월군,명,101,
행정구역별,34,32330,A,T10,DT_1YL20631,고령인구비율＜br＞(A÷B×100),고령인구비율(시도/시/군/구),2023,2024-01-09,Yeongwol-gun,영월군,%,101, 
행정구역별,13501,32340,A,T001,DT_1YL20631,65세이상인구＜br＞(A),고령인구비율(시도/시/군/구),2023,2024-01-09,Pyeongchang-gun,평창군,명,101,
행정구역별,40659,32340,A,T002,DT_1YL20631,전체인구＜br＞(B),고령인구비율(시도/시/군/구),2023,2024-01-09,Pyeongchang-gun,평창군,명,101,
행정구역별,33.2,32340,A,T10,DT_1YL20631,고령인구비율＜br＞(A÷B×100),고령인구비율(시도/시/군/구),2023,2024-01-09,Pyeongchang-gun,평창군,%,101, 
행정구역별,11250,32350,A,T001,DT_1YL20631,65세이상인구＜br＞(A),고령인구비율(시도/시/군/구),2023,2024-01-09,Jeongseon-gun,정선군,명,101,
행정구역별,34202,32350,A,T002,DT_1YL20631,전체인구＜br＞(B),고령인구비율(시도/시/군/구),2023,2024-01-09,Jeongseon-gun,정선군,명,101,
행정구역별,32.9,32350,A,T10,DT_1YL20631,고령인구비율＜br＞(A÷B×100),고령인구비율(시도/시/군/구),2023,2024-01-09,Jeongseon-gun,정선군,%,101, 
행정구역별,11093,32360,A,T001,DT_1YL20631,65세이상인구＜br＞(A),고령인구비율(시도/시/군/구),2023,2024-01-09,Cheorwon-gun,철원군,명,101,
행정구역별,41448,32360,A,T002,DT_1YL20631,전체인구＜br＞(B),고령인구비율(시도/시/군/구),2023,2024-01-09,Cheorwon-gun,철원군,명,101,
행정구역별,26.8,32360,A,T10,DT_1YL20631,고령인구비율＜br＞(A÷B×100),고령인구비율(시도/시/군/구),2023,2024-01-09,Cheorwon-gun,철원군,%,101, 
행정구역별,6136,32370,A,T001,DT_1YL20631,65세이상인구＜br＞(A),고령인구비율(시도/시/군/구),2023,2024-01-09,Hwacheon-gun,화천군,명,101,
행정구역별,23007,32370,A,T002,DT_1YL20631,전체인구＜br＞(B),고령인구비율(시도/시/군/구),2023,2024-01-09,Hwacheon-gun,화천군,명,101,
행정구역별,26.7,32370,A,T10,DT_1YL20631,고령인구비율＜br＞(A÷B×100),고령인구비율(시도/시/군/구),2023,2024-01-09,Hwacheon-gun,화천군,%,101, 
행정구역별,5278,32380,A,T001,DT_1YL20631,65세이상인구＜br＞(A),고령인구비율(시도/시/군/구),2023,2024-01-09,Yanggu-gun,양구군,명,101,
행정구역별,21056,32380,A,T002,DT_1YL20631,전체인구＜br＞(B),고령인구비율(시도/시/군/구),2023,2024-01-09,Yanggu-gun,양구군,명,101,
행정구역별,25.1,32380,A,T10,DT_1YL20631,고령인구비율＜br＞(A÷B×100),고령인구비율(시도/시/군/구),2023,2024-01-09,Yanggu-gun,양구군,%,101, 
행정구역별,7627,32390,A,T001,DT_1YL20631,65세이상인구＜br＞(A),고령인구비율(시도/시/군/구),2023,2024-01-09,Inje-gun,인제군,명,101,
행정구역별,32020,32390,A,T002,DT_1YL20631,전체인구＜br＞(B),고령인구비율(시도/시/군/구),2023,2024-01-09,Inje-gun,인제군,명,101,
행정구역별,23.8,32390,A,T10,DT_1YL20631,고령인구비율＜br＞(A÷B×100),고령인구비율(시도/시/군/구),2023,2024-01-09,Inje-gun,인제군,%,101, 
행정구역별,8773,32400,A,T001,DT_1YL20631,65세이상인구＜br＞(A),고령인구비율(시도/시/군/구),2023,2024-01-09,Goseong-gun,고성군,명,101,
행정구역별,27305,32400,A,T002,DT_1YL20631,전체인구＜br＞(B),고령인구비율(시도/시/군/구),2023,2024-01-09,Goseong-gun,고성군,명,101,
행정구역별,32.1,32400,A,T10,DT_1YL20631,고령인구비율＜br＞(A÷B×100),고령인구비율(시도/시/군/구),2023,2024-01-09,Goseong-gun,고성군,%,101, 
행정구역별,9398,32410,A,T001,DT_1YL20631,65세이상인구＜br＞(A),고령인구비율(시도/시/군/구),2023,2024-01-09,Yangyang-gun,양양군,명,101,
행정구역별,27710,32410,A,T002,DT_1YL20631,전체인구＜br＞(B),고령인구비율(시도/시/군/구),2023,2024-01-09,Yangyang-gun,양양군,명,101,
행정구역별,33.9,32410,A,T10,DT_1YL20631,고령인구비율＜br＞(A÷B×100),고령인구비율(시도/시/군/구),2023,2024-01-09,Yangyang-gun,양양군,%,101, 
행정구역별,332237,33,A,T001,DT_1YL20631,65세이상인구＜br＞(A),고령인구비율(시도/시/군/구),2023,2024-01-09,Chungcheongbuk-do,충청북도,명,101,
행정구역별,1593469,33,A,T002,DT_1YL20631,전체인구＜br＞(B),고령인구비율(시도/시/군/구),2023,2024-01-09,Chungcheongbuk-do,충청북도,명,101,
행정구역별,20.8,33,A,T10,DT_1YL20631,고령인구비율＜br＞(A÷B×100),고령인구비율(시도/시/군/구),2023,2024-01-09,Chungcheongbuk-do,충청북도,%,101, 
행정구역별,48022,33020,A,T001,DT_1YL20631,65세이상인구＜br＞(A),고령인구비율(시도/시/군/구),2023,2024-01-09,Chungju-si,충주시,명,101,
행정구역별,207778,33020,A,T002,DT_1YL20631,전체인구＜br＞(B),고령인구비율(시도/시/군/구),2023,2024-01-09,Chungju-si,충주시,명,101,
행정구역별,23.1,33020,A,T10,DT_1YL20631,고령인구비율＜br＞(A÷B×100),고령인구비율(시도/시/군/구),2023,2024-01-09,Chungju-si,충주시,%,101, 
행정구역별,33722,33030,A,T001,DT_1YL20631,65세이상인구＜br＞(A),고령인구비율(시도/시/군/구),2023,2024-01-09,Jecheon-si,제천시,명,101,
행정구역별,130194,33030,A,T002,DT_1YL20631,전체인구＜br＞(B),고령인구비율(시도/시/군/구),2023,2024-01-09,Jecheon-si,제천시,명,101,
행정구역별,25.9,33030,A,T10,DT_1YL20631,고령인구비율＜br＞(A÷B×100),고령인구비율(시도/시/군/구),2023,2024-01-09,Jecheon-si,제천시,%,101, 
행정구역별,134501,33040,A,T001,DT_1YL20631,65세이상인구＜br＞(A),고령인구비율(시도/시/군/구),2023,2024-01-09,Cheongju-si,청주시,명,101,
행정구역별,852189,33040,A,T002,DT_1YL20631,전체인구＜br＞(B),고령인구비율(시도/시/군/구),2023,2024-01-09,Cheongju-si,청주시,명,101,
행정구역별,15.8,33040,A,T10,DT_1YL20631,고령인구비율＜br＞(A÷B×100),고령인구비율(시도/시/군/구),2023,2024-01-09,Cheongju-si,청주시,%,101, 
행정구역별,12177,33320,A,T001,DT_1YL20631,65세이상인구＜br＞(A),고령인구비율(시도/시/군/구),2023,2024-01-09,Boeun-gun,보은군,명,101,
행정구역별,31010,33320,A,T002,DT_1YL20631,전체인구＜br＞(B),고령인구비율(시도/시/군/구),2023,2024-01-09,Boeun-gun,보은군,명,101,
행정구역별,39.3,33320,A,T10,DT_1YL20631,고령인구비율＜br＞(A÷B×100),고령인구비율(시도/시/군/구),2023,2024-01-09,Boeun-gun,보은군,%,101, 
행정구역별,16665,33330,A,T001,DT_1YL20631,65세이상인구＜br＞(A),고령인구비율(시도/시/군/구),2023,2024-01-09,Okcheon-gun,옥천군,명,101,
행정구역별,48891,33330,A,T002,DT_1YL20631,전체인구＜br＞(B),고령인구비율(시도/시/군/구),2023,2024-01-09,Okcheon-gun,옥천군,명,101,
행정구역별,34.1,33330,A,T10,DT_1YL20631,고령인구비율＜br＞(A÷B×100),고령인구비율(시도/시/군/구),2023,2024-01-09,Okcheon-gun,옥천군,%,101, 
행정구역별,16161,33340,A,T001,DT_1YL20631,65세이상인구＜br＞(A),고령인구비율(시도/시/군/구),2023,2024-01-09,Yeongdong-gun,영동군,명,101,
행정구역별,44195,33340,A,T002,DT_1YL20631,전체인구＜br＞(B),고령인구비율(시도/시/군/구),2023,2024-01-09,Yeongdong-gun,영동군,명,101,
행정구역별,36.6,33340,A,T10,DT_1YL20631,고령인구비율＜br＞(A÷B×100),고령인구비율(시도/시/군/구),2023,2024-01-09,Yeongdong-gun,영동군,%,101, 
행정구역별,15933,33350,A,T001,DT_1YL20631,65세이상인구＜br＞(A),고령인구비율(시도/시/군/구),2023,2024-01-09,Jincheon-gun,진천군,명,101,
행정구역별,86254,33350,A,T002,DT_1YL20631,전체인구＜br＞(B),고령인구비율(시도/시/군/구),2023,2024-01-09,Jincheon-gun,진천군,명,101,
행정구역별,18.5,33350,A,T10,DT_1YL20631,고령인구비율＜br＞(A÷B×100),고령인구비율(시도/시/군/구),2023,2024-01-09,Jincheon-gun,진천군,%,101, 
행정구역별,14476,33360,A,T001,DT_1YL20631,65세이상인구＜br＞(A),고령인구비율(시도/시/군/구),2023,2024-01-09,Goesan-gun,괴산군,명,101,
행정구역별,36590,33360,A,T002,DT_1YL20631,전체인구＜br＞(B),고령인구비율(시도/시/군/구),2023,2024-01-09,Goesan-gun,괴산군,명,101,
행정구역별,39.6,33360,A,T10,DT_1YL20631,고령인구비율＜br＞(A÷B×100),고령인구비율(시도/시/군/구),2023,2024-01-09,Goesan-gun,괴산군,%,101, 
행정구역별,22823,33370,A,T001,DT_1YL20631,65세이상인구＜br＞(A),고령인구비율(시도/시/군/구),2023,2024-01-09,Eumseong-gun,음성군,명,101,
행정구역별,91183,33370,A,T002,DT_1YL20631,전체인구＜br＞(B),고령인구비율(시도/시/군/구),2023,2024-01-09,Eumseong-gun,음성군,명,101,
행정구역별,25,33370,A,T10,DT_1YL20631,고령인구비율＜br＞(A÷B×100),고령인구비율(시도/시/군/구),2023,2024-01-09,Eumseong-gun,음성군,%,101, 
행정구역별,10063,33380,A,T001,DT_1YL20631,65세이상인구＜br＞(A),고령인구비율(시도/시/군/구),2023,2024-01-09,Danyang-gun,단양군,명,101,
행정구역별,27701,33380,A,T002,DT_1YL20631,전체인구＜br＞(B),고령인구비율(시도/시/군/구),2023,2024-01-09,Danyang-gun,단양군,명,101,
행정구역별,36.3,33380,A,T10,DT_1YL20631,고령인구비율＜br＞(A÷B×100),고령인구비율(시도/시/군/구),2023,2024-01-09,Danyang-gun,단양군,%,101, 
행정구역별,7694,33390,A,T001,DT_1YL20631,65세이상인구＜br＞(A),고령인구비율(시도/시/군/구),2023,2024-01-09,Jeungpyeong-gun,증평군,명,101,
행정구역별,37484,33390,A,T002,DT_1YL20631,전체인구＜br＞(B),고령인구비율(시도/시/군/구),2023,2024-01-09,Jeungpyeong-gun,증평군,명,101,
행정구역별,20.5,33390,A,T10,DT_1YL20631,고령인구비율＜br＞(A÷B×100),고령인구비율(시도/시/군/구),2023,2024-01-09,Jeungpyeong-gun,증평군,%,101, 
행정구역별,454534,34,A,T001,DT_1YL20631,65세이상인구＜br＞(A),고령인구비율(시도/시/군/구),2023,2024-01-09,Chungcheongnam-do,충청남도,명,101,
행정구역별,2130119,34,A,T002,DT_1YL20631,전체인구＜br＞(B),고령인구비율(시도/시/군/구),2023,2024-01-09,Chungcheongnam-do,충청남도,명,101,
행정구역별,21.3,34,A,T10,DT_1YL20631,고령인구비율＜br＞(A÷B×100),고령인구비율(시도/시/군/구),2023,2024-01-09,Chungcheongnam-do,충청남도,%,101, 
행정구역별,85875,34010,A,T001,DT_1YL20631,65세이상인구＜br＞(A),고령인구비율(시도/시/군/구),2023,2024-01-09,Cheonan-si,천안시,명,101,
행정구역별,655959,34010,A,T002,DT_1YL20631,전체인구＜br＞(B),고령인구비율(시도/시/군/구),2023,2024-01-09,Cheonan-si,천안시,명,101,
행정구역별,13.1,34010,A,T10,DT_1YL20631,고령인구비율＜br＞(A÷B×100),고령인구비율(시도/시/군/구),2023,2024-01-09,Cheonan-si,천안시,%,101, 
행정구역별,30500,34020,A,T001,DT_1YL20631,65세이상인구＜br＞(A),고령인구비율(시도/시/군/구),2023,2024-01-09,Gongju-si,공주시,명,101,
행정구역별,102104,34020,A,T002,DT_1YL20631,전체인구＜br＞(B),고령인구비율(시도/시/군/구),2023,2024-01-09,Gongju-si,공주시,명,101,
행정구역별,29.9,34020,A,T10,DT_1YL20631,고령인구비율＜br＞(A÷B×100),고령인구비율(시도/시/군/구),2023,2024-01-09,Gongju-si,공주시,%,101, 
행정구역별,28525,34030,A,T001,DT_1YL20631,65세이상인구＜br＞(A),고령인구비율(시도/시/군/구),2023,2024-01-09,Boryeong-si,보령시,명,101,
행정구역별,95772,34030,A,T002,DT_1YL20631,전체인구＜br＞(B),고령인구비율(시도/시/군/구),2023,2024-01-09,Boryeong-si,보령시,명,101,
행정구역별,29.8,34030,A,T10,DT_1YL20631,고령인구비율＜br＞(A÷B×100),고령인구비율(시도/시/군/구),2023,2024-01-09,Boryeong-si,보령시,%,101, 
행정구역별,49677,34040,A,T001,DT_1YL20631,65세이상인구＜br＞(A),고령인구비율(시도/시/군/구),2023,2024-01-09,Asan-si,아산시,명,101,
행정구역별,345796,34040,A,T002,DT_1YL20631,전체인구＜br＞(B),고령인구비율(시도/시/군/구),2023,2024-01-09,Asan-si,아산시,명,101,
행정구역별,14.4,34040,A,T10,DT_1YL20631,고령인구비율＜br＞(A÷B×100),고령인구비율(시도/시/군/구),2023,2024-01-09,Asan-si,아산시,%,101, 
행정구역별,36822,34050,A,T001,DT_1YL20631,65세이상인구＜br＞(A),고령인구비율(시도/시/군/구),2023,2024-01-09,Seosan-si,서산시,명,101,
행정구역별,176011,34050,A,T002,DT_1YL20631,전체인구＜br＞(B),고령인구비율(시도/시/군/구),2023,2024-01-09,Seosan-si,서산시,명,101,
행정구역별,20.9,34050,A,T10,DT_1YL20631,고령인구비율＜br＞(A÷B×100),고령인구비율(시도/시/군/구),2023,2024-01-09,Seosan-si,서산시,%,101, 
행정구역별,33458,34060,A,T001,DT_1YL20631,65세이상인구＜br＞(A),고령인구비율(시도/시/군/구),2023,2024-01-09,Nonsan-si,논산시,명,101,
행정구역별,110423,34060,A,T002,DT_1YL20631,전체인구＜br＞(B),고령인구비율(시도/시/군/구),2023,2024-01-09,Nonsan-si,논산시,명,101,
행정구역별,30.3,34060,A,T10,DT_1YL20631,고령인구비율＜br＞(A÷B×100),고령인구비율(시도/시/군/구),2023,2024-01-09,Nonsan-si,논산시,%,101, 
행정구역별,6552,34070,A,T001,DT_1YL20631,65세이상인구＜br＞(A),고령인구비율(시도/시/군/구),2023,2024-01-09,Gyeryong-si,계룡시,명,101,
행정구역별,46667,34070,A,T002,DT_1YL20631,전체인구＜br＞(B),고령인구비율(시도/시/군/구),2023,2024-01-09,Gyeryong-si,계룡시,명,101,
행정구역별,14,34070,A,T10,DT_1YL20631,고령인구비율＜br＞(A÷B×100),고령인구비율(시도/시/군/구),2023,2024-01-09,Gyeryong-si,계룡시,%,101, 
행정구역별,35271,34080,A,T001,DT_1YL20631,65세이상인구＜br＞(A),고령인구비율(시도/시/군/구),2023,2024-01-09,Dangjin-si,당진시,명,101,
행정구역별,170302,34080,A,T002,DT_1YL20631,전체인구＜br＞(B),고령인구비율(시도/시/군/구),2023,2024-01-09,Dangjin-si,당진시,명,101,
행정구역별,20.7,34080,A,T10,DT_1YL20631,고령인구비율＜br＞(A÷B×100),고령인구비율(시도/시/군/구),2023,2024-01-09,Dangjin-si,당진시,%,101, 
행정구역별,17579,34310,A,T001,DT_1YL20631,65세이상인구＜br＞(A),고령인구비율(시도/시/군/구),2023,2024-01-09,Geumsan-gun,금산군,명,101,
행정구역별,50093,34310,A,T002,DT_1YL20631,전체인구＜br＞(B),고령인구비율(시도/시/군/구),2023,2024-01-09,Geumsan-gun,금산군,명,101,
행정구역별,35.1,34310,A,T10,DT_1YL20631,고령인구비율＜br＞(A÷B×100),고령인구비율(시도/시/군/구),2023,2024-01-09,Geumsan-gun,금산군,%,101, 
행정구역별,24032,34330,A,T001,DT_1YL20631,65세이상인구＜br＞(A),고령인구비율(시도/시/군/구),2023,2024-01-09,Buyeo-gun,부여군,명,101,
행정구역별,61046,34330,A,T002,DT_1YL20631,전체인구＜br＞(B),고령인구비율(시도/시/군/구),2023,2024-01-09,Buyeo-gun,부여군,명,101,
행정구역별,39.4,34330,A,T10,DT_1YL20631,고령인구비율＜br＞(A÷B×100),고령인구비율(시도/시/군/구),2023,2024-01-09,Buyeo-gun,부여군,%,101, 
행정구역별,19942,34340,A,T001,DT_1YL20631,65세이상인구＜br＞(A),고령인구비율(시도/시/군/구),2023,2024-01-09,Seocheon-gun,서천군,명,101,
행정구역별,49116,34340,A,T002,DT_1YL20631,전체인구＜br＞(B),고령인구비율(시도/시/군/구),2023,2024-01-09,Seocheon-gun,서천군,명,101,
행정구역별,40.6,34340,A,T10,DT_1YL20631,고령인구비율＜br＞(A÷B×100),고령인구비율(시도/시/군/구),2023,2024-01-09,Seocheon-gun,서천군,%,101, 
행정구역별,11795,34350,A,T001,DT_1YL20631,65세이상인구＜br＞(A),고령인구비율(시도/시/군/구),2023,2024-01-09,Cheongyang-gun,청양군,명,101,
행정구역별,30168,34350,A,T002,DT_1YL20631,전체인구＜br＞(B),고령인구비율(시도/시/군/구),2023,2024-01-09,Cheongyang-gun,청양군,명,101,
행정구역별,39.1,34350,A,T10,DT_1YL20631,고령인구비율＜br＞(A÷B×100),고령인구비율(시도/시/군/구),2023,2024-01-09,Cheongyang-gun,청양군,%,101, 
행정구역별,25994,34360,A,T001,DT_1YL20631,65세이상인구＜br＞(A),고령인구비율(시도/시/군/구),2023,2024-01-09,Hongseong-gun,홍성군,명,101,
행정구역별,97524,34360,A,T002,DT_1YL20631,전체인구＜br＞(B),고령인구비율(시도/시/군/구),2023,2024-01-09,Hongseong-gun,홍성군,명,101,
행정구역별,26.7,34360,A,T10,DT_1YL20631,고령인구비율＜br＞(A÷B×100),고령인구비율(시도/시/군/구),2023,2024-01-09,Hongseong-gun,홍성군,%,101, 
행정구역별,26776,34370,A,T001,DT_1YL20631,65세이상인구＜br＞(A),고령인구비율(시도/시/군/구),2023,2024-01-09,Yesan-gun,예산군,명,101,
행정구역별,78354,34370,A,T002,DT_1YL20631,전체인구＜br＞(B),고령인구비율(시도/시/군/구),2023,2024-01-09,Yesan-gun,예산군,명,101,
행정구역별,34.2,34370,A,T10,DT_1YL20631,고령인구비율＜br＞(A÷B×100),고령인구비율(시도/시/군/구),2023,2024-01-09,Yesan-gun,예산군,%,101, 
행정구역별,21736,34380,A,T001,DT_1YL20631,65세이상인구＜br＞(A),고령인구비율(시도/시/군/구),2023,2024-01-09,Taean-gun,태안군,명,101,
행정구역별,60784,34380,A,T002,DT_1YL20631,전체인구＜br＞(B),고령인구비율(시도/시/군/구),2023,2024-01-09,Taean-gun,태안군,명,101,
행정구역별,35.8,34380,A,T10,DT_1YL20631,고령인구비율＜br＞(A÷B×100),고령인구비율(시도/시/군/구),2023,2024-01-09,Taean-gun,태안군,%,101, 
행정구역별,423128,35,A,T001,DT_1YL20631,65세이상인구＜br＞(A),고령인구비율(시도/시/군/구),2023,2024-01-09,Jeollabuk-do,전북특별자치도,명,101,
행정구역별,1754757,35,A,T002,DT_1YL20631,전체인구＜br＞(B),고령인구비율(시도/시/군/구),2023,2024-01-09,Jeollabuk-do,전북특별자치도,명,101,
행정구역별,24.1,35,A,T10,DT_1YL20631,고령인구비율＜br＞(A÷B×100),고령인구비율(시도/시/군/구),2023,2024-01-09,Jeollabuk-do,전북특별자치도,%,101, 
행정구역별,111617,35010,A,T001,DT_1YL20631,65세이상인구＜br＞(A),고령인구비율(시도/시/군/구),2023,2024-01-09,Jeonju-si,전주시,명,101,
행정구역별,642727,35010,A,T002,DT_1YL20631,전체인구＜br＞(B),고령인구비율(시도/시/군/구),2023,2024-01-09,Jeonju-si,전주시,명,101,
행정구역별,17.4,35010,A,T10,DT_1YL20631,고령인구비율＜br＞(A÷B×100),고령인구비율(시도/시/군/구),2023,2024-01-09,Jeonju-si,전주시,%,101, 
행정구역별,57042,35020,A,T001,DT_1YL20631,65세이상인구＜br＞(A),고령인구비율(시도/시/군/구),2023,2024-01-09,Gunsan-si,군산시,명,101,
행정구역별,259980,35020,A,T002,DT_1YL20631,전체인구＜br＞(B),고령인구비율(시도/시/군/구),2023,2024-01-09,Gunsan-si,군산시,명,101,
행정구역별,21.9,35020,A,T10,DT_1YL20631,고령인구비율＜br＞(A÷B×100),고령인구비율(시도/시/군/구),2023,2024-01-09,Gunsan-si,군산시,%,101, 
행정구역별,62046,35030,A,T001,DT_1YL20631,65세이상인구＜br＞(A),고령인구비율(시도/시/군/구),2023,2024-01-09,Iksan-si,익산시,명,101,
행정구역별,270036,35030,A,T002,DT_1YL20631,전체인구＜br＞(B),고령인구비율(시도/시/군/구),2023,2024-01-09,Iksan-si,익산시,명,101,
행정구역별,23,35030,A,T10,DT_1YL20631,고령인구비율＜br＞(A÷B×100),고령인구비율(시도/시/군/구),2023,2024-01-09,Iksan-si,익산시,%,101, 
행정구역별,31905,35040,A,T001,DT_1YL20631,65세이상인구＜br＞(A),고령인구비율(시도/시/군/구),2023,2024-01-09,Jeongeup-si,정읍시,명,101,
행정구역별,103620,35040,A,T002,DT_1YL20631,전체인구＜br＞(B),고령인구비율(시도/시/군/구),2023,2024-01-09,Jeongeup-si,정읍시,명,101,
행정구역별,30.8,35040,A,T10,DT_1YL20631,고령인구비율＜br＞(A÷B×100),고령인구비율(시도/시/군/구),2023,2024-01-09,Jeongeup-si,정읍시,%,101, 
행정구역별,24126,35050,A,T001,DT_1YL20631,65세이상인구＜br＞(A),고령인구비율(시도/시/군/구),2023,2024-01-09,Namwon-si,남원시,명,101,
행정구역별,76781,35050,A,T002,DT_1YL20631,전체인구＜br＞(B),고령인구비율(시도/시/군/구),2023,2024-01-09,Namwon-si,남원시,명,101,
행정구역별,31.4,35050,A,T10,DT_1YL20631,고령인구비율＜br＞(A÷B×100),고령인구비율(시도/시/군/구),2023,2024-01-09,Namwon-si,남원시,%,101, 
행정구역별,27950,35060,A,T001,DT_1YL20631,65세이상인구＜br＞(A),고령인구비율(시도/시/군/구),2023,2024-01-09,Gimje-si,김제시,명,101,
행정구역별,81430,35060,A,T002,DT_1YL20631,전체인구＜br＞(B),고령인구비율(시도/시/군/구),2023,2024-01-09,Gimje-si,김제시,명,101,
행정구역별,34.3,35060,A,T10,DT_1YL20631,고령인구비율＜br＞(A÷B×100),고령인구비율(시도/시/군/구),2023,2024-01-09,Gimje-si,김제시,%,101, 
행정구역별,24192,35310,A,T001,DT_1YL20631,65세이상인구＜br＞(A),고령인구비율(시도/시/군/구),2023,2024-01-09,Wanju-gun,완주군,명,101,
행정구역별,97827,35310,A,T002,DT_1YL20631,전체인구＜br＞(B),고령인구비율(시도/시/군/구),2023,2024-01-09,Wanju-gun,완주군,명,101,
행정구역별,24.7,35310,A,T10,DT_1YL20631,고령인구비율＜br＞(A÷B×100),고령인구비율(시도/시/군/구),2023,2024-01-09,Wanju-gun,완주군,%,101, 
행정구역별,9433,35320,A,T001,DT_1YL20631,65세이상인구＜br＞(A),고령인구비율(시도/시/군/구),2023,2024-01-09,Jinan-gun,진안군,명,101,
행정구역별,24465,35320,A,T002,DT_1YL20631,전체인구＜br＞(B),고령인구비율(시도/시/군/구),2023,2024-01-09,Jinan-gun,진안군,명,101,
행정구역별,38.6,35320,A,T10,DT_1YL20631,고령인구비율＜br＞(A÷B×100),고령인구비율(시도/시/군/구),2023,2024-01-09,Jinan-gun,진안군,%,101, 
행정구역별,8554,35330,A,T001,DT_1YL20631,65세이상인구＜br＞(A),고령인구비율(시도/시/군/구),2023,2024-01-09,Muju-gun,무주군,명,101,
행정구역별,23251,35330,A,T002,DT_1YL20631,전체인구＜br＞(B),고령인구비율(시도/시/군/구),2023,2024-01-09,Muju-gun,무주군,명,101,
행정구역별,36.8,35330,A,T10,DT_1YL20631,고령인구비율＜br＞(A÷B×100),고령인구비율(시도/시/군/구),2023,2024-01-09,Muju-gun,무주군,%,101, 
행정구역별,8030,35340,A,T001,DT_1YL20631,65세이상인구＜br＞(A),고령인구비율(시도/시/군/구),2023,2024-01-09,Jangsu-gun,장수군,명,101,
행정구역별,20983,35340,A,T002,DT_1YL20631,전체인구＜br＞(B),고령인구비율(시도/시/군/구),2023,2024-01-09,Jangsu-gun,장수군,명,101,
행정구역별,38.3,35340,A,T10,DT_1YL20631,고령인구비율＜br＞(A÷B×100),고령인구비율(시도/시/군/구),2023,2024-01-09,Jangsu-gun,장수군,%,101, 
행정구역별,10357,35350,A,T001,DT_1YL20631,65세이상인구＜br＞(A),고령인구비율(시도/시/군/구),2023,2024-01-09,Imsil-gun,임실군,명,101,
행정구역별,25956,35350,A,T002,DT_1YL20631,전체인구＜br＞(B),고령인구비율(시도/시/군/구),2023,2024-01-09,Imsil-gun,임실군,명,101,
행정구역별,39.9,35350,A,T10,DT_1YL20631,고령인구비율＜br＞(A÷B×100),고령인구비율(시도/시/군/구),2023,2024-01-09,Imsil-gun,임실군,%,101, 
행정구역별,9779,35360,A,T001,DT_1YL20631,65세이상인구＜br＞(A),고령인구비율(시도/시/군/구),2023,2024-01-09,Sunchang-gun,순창군,명,101,
행정구역별,26764,35360,A,T002,DT_1YL20631,전체인구＜br＞(B),고령인구비율(시도/시/군/구),2023,2024-01-09,Sunchang-gun,순창군,명,101,
행정구역별,36.5,35360,A,T10,DT_1YL20631,고령인구비율＜br＞(A÷B×100),고령인구비율(시도/시/군/구),2023,2024-01-09,Sunchang-gun,순창군,%,101, 
행정구역별,19839,35370,A,T001,DT_1YL20631,65세이상인구＜br＞(A),고령인구비율(시도/시/군/구),2023,2024-01-09,Gochang-gun,고창군,명,101,
행정구역별,51750,35370,A,T002,DT_1YL20631,전체인구＜br＞(B),고령인구비율(시도/시/군/구),2023,2024-01-09,Gochang-gun,고창군,명,101,
행정구역별,38.3,35370,A,T10,DT_1YL20631,고령인구비율＜br＞(A÷B×100),고령인구비율(시도/시/군/구),2023,2024-01-09,Gochang-gun,고창군,%,101, 
행정구역별,18258,35380,A,T001,DT_1YL20631,65세이상인구＜br＞(A),고령인구비율(시도/시/군/구),2023,2024-01-09,Buan-gun,부안군,명,101,
행정구역별,49187,35380,A,T002,DT_1YL20631,전체인구＜br＞(B),고령인구비율(시도/시/군/구),2023,2024-01-09,Buan-gun,부안군,명,101,
행정구역별,37.1,35380,A,T10,DT_1YL20631,고령인구비율＜br＞(A÷B×100),고령인구비율(시도/시/군/구),2023,2024-01-09,Buan-gun,부안군,%,101, 
행정구역별,630486,37,A,T001,DT_1YL20631,65세이상인구＜br＞(A),고령인구비율(시도/시/군/구),2023,2024-01-09,Gyeongsangbuk-do,경상북도,명,101,
행정구역별,2554324,37,A,T002,DT_1YL20631,전체인구＜br＞(B),고령인구비율(시도/시/군/구),2023,2024-01-09,Gyeongsangbuk-do,경상북도,명,101,
행정구역별,24.7,37,A,T10,DT_1YL20631,고령인구비율＜br＞(A÷B×100),고령인구비율(시도/시/군/구),2023,2024-01-09,Gyeongsangbuk-do,경상북도,%,101, 
행정구역별,104052,37010,A,T001,DT_1YL20631,65세이상인구＜br＞(A),고령인구비율(시도/시/군/구),2023,2024-01-09,Pohang-si,포항시,명,101,
행정구역별,493033,37010,A,T002,DT_1YL20631,전체인구＜br＞(B),고령인구비율(시도/시/군/구),2023,2024-01-09,Pohang-si,포항시,명,101,
행정구역별,21.1,37010,A,T10,DT_1YL20631,고령인구비율＜br＞(A÷B×100),고령인구비율(시도/시/군/구),2023,2024-01-09,Pohang-si,포항시,%,101, 
행정구역별,64296,37020,A,T001,DT_1YL20631,65세이상인구＜br＞(A),고령인구비율(시도/시/군/구),2023,2024-01-09,Gyeongju-si,경주시,명,101,
행정구역별,247489,37020,A,T002,DT_1YL20631,전체인구＜br＞(B),고령인구비율(시도/시/군/구),2023,2024-01-09,Gyeongju-si,경주시,명,101,
행정구역별,26,37020,A,T10,DT_1YL20631,고령인구비율＜br＞(A÷B×100),고령인구비율(시도/시/군/구),2023,2024-01-09,Gyeongju-si,경주시,%,101, 
행정구역별,35830,37030,A,T001,DT_1YL20631,65세이상인구＜br＞(A),고령인구비율(시도/시/군/구),2023,2024-01-09,Gimcheon-si,김천시,명,101,
행정구역별,137515,37030,A,T002,DT_1YL20631,전체인구＜br＞(B),고령인구비율(시도/시/군/구),2023,2024-01-09,Gimcheon-si,김천시,명,101,
행정구역별,26.1,37030,A,T10,DT_1YL20631,고령인구비율＜br＞(A÷B×100),고령인구비율(시도/시/군/구),2023,2024-01-09,Gimcheon-si,김천시,%,101, 
행정구역별,42408,37040,A,T001,DT_1YL20631,65세이상인구＜br＞(A),고령인구비율(시도/시/군/구),2023,2024-01-09,Andong-si,안동시,명,101,
행정구역별,152935,37040,A,T002,DT_1YL20631,전체인구＜br＞(B),고령인구비율(시도/시/군/구),2023,2024-01-09,Andong-si,안동시,명,101,
행정구역별,27.7,37040,A,T10,DT_1YL20631,고령인구비율＜br＞(A÷B×100),고령인구비율(시도/시/군/구),2023,2024-01-09,Andong-si,안동시,%,101, 
행정구역별,48298,37050,A,T001,DT_1YL20631,65세이상인구＜br＞(A),고령인구비율(시도/시/군/구),2023,2024-01-09,Gumi-si,구미시,명,101,
행정구역별,405506,37050,A,T002,DT_1YL20631,전체인구＜br＞(B),고령인구비율(시도/시/군/구),2023,2024-01-09,Gumi-si,구미시,명,101,
행정구역별,11.9,37050,A,T10,DT_1YL20631,고령인구비율＜br＞(A÷B×100),고령인구비율(시도/시/군/구),2023,2024-01-09,Gumi-si,구미시,%,101, 
행정구역별,30454,37060,A,T001,DT_1YL20631,65세이상인구＜br＞(A),고령인구비율(시도/시/군/구),2023,2024-01-09,Yeongju-si,영주시,명,101,
행정구역별,100199,37060,A,T002,DT_1YL20631,전체인구＜br＞(B),고령인구비율(시도/시/군/구),2023,2024-01-09,Yeongju-si,영주시,명,101,
행정구역별,30.4,37060,A,T10,DT_1YL20631,고령인구비율＜br＞(A÷B×100),고령인구비율(시도/시/군/구),2023,2024-01-09,Yeongju-si,영주시,%,101, 
행정구역별,31782,37070,A,T001,DT_1YL20631,65세이상인구＜br＞(A),고령인구비율(시도/시/군/구),2023,2024-01-09,Yeongcheon-si,영천시,명,101,
행정구역별,100212,37070,A,T002,DT_1YL20631,전체인구＜br＞(B),고령인구비율(시도/시/군/구),2023,2024-01-09,Yeongcheon-si,영천시,명,101,
행정구역별,31.7,37070,A,T10,DT_1YL20631,고령인구비율＜br＞(A÷B×100),고령인구비율(시도/시/군/구),2023,2024-01-09,Yeongcheon-si,영천시,%,101, 
행정구역별,32749,37080,A,T001,DT_1YL20631,65세이상인구＜br＞(A),고령인구비율(시도/시/군/구),2023,2024-01-09,Sangju-si,상주시,명,101,
행정구역별,93858,37080,A,T002,DT_1YL20631,전체인구＜br＞(B),고령인구비율(시도/시/군/구),2023,2024-01-09,Sangju-si,상주시,명,101,
행정구역별,34.9,37080,A,T10,DT_1YL20631,고령인구비율＜br＞(A÷B×100),고령인구비율(시도/시/군/구),2023,2024-01-09,Sangju-si,상주시,%,101, 
행정구역별,23386,37090,A,T001,DT_1YL20631,65세이상인구＜br＞(A),고령인구비율(시도/시/군/구),2023,2024-01-09,Mungyeong-si,문경시,명,101,
행정구역별,68755,37090,A,T002,DT_1YL20631,전체인구＜br＞(B),고령인구비율(시도/시/군/구),2023,2024-01-09,Mungyeong-si,문경시,명,101,
행정구역별,34,37090,A,T10,DT_1YL20631,고령인구비율＜br＞(A÷B×100),고령인구비율(시도/시/군/구),2023,2024-01-09,Mungyeong-si,문경시,%,101, 
행정구역별,51977,37100,A,T001,DT_1YL20631,65세이상인구＜br＞(A),고령인구비율(시도/시/군/구),2023,2024-01-09,Gyeongsan-si,경산시,명,101,
행정구역별,266205,37100,A,T002,DT_1YL20631,전체인구＜br＞(B),고령인구비율(시도/시/군/구),2023,2024-01-09,Gyeongsan-si,경산시,명,101,
행정구역별,19.5,37100,A,T10,DT_1YL20631,고령인구비율＜br＞(A÷B×100),고령인구비율(시도/시/군/구),2023,2024-01-09,Gyeongsan-si,경산시,%,101, 
행정구역별,22723,37320,A,T001,DT_1YL20631,65세이상인구＜br＞(A),고령인구비율(시도/시/군/구),2023,2024-01-09,Uiseong-gun,의성군,명,101,
행정구역별,50086,37320,A,T002,DT_1YL20631,전체인구＜br＞(B),고령인구비율(시도/시/군/구),2023,2024-01-09,Uiseong-gun,의성군,명,101,
행정구역별,45.4,37320,A,T10,DT_1YL20631,고령인구비율＜br＞(A÷B×100),고령인구비율(시도/시/군/구),2023,2024-01-09,Uiseong-gun,의성군,%,101, 
행정구역별,10043,37330,A,T001,DT_1YL20631,65세이상인구＜br＞(A),고령인구비율(시도/시/군/구),2023,2024-01-09,Cheongsong-gun,청송군,명,101,
행정구역별,24019,37330,A,T002,DT_1YL20631,전체인구＜br＞(B),고령인구비율(시도/시/군/구),2023,2024-01-09,Cheongsong-gun,청송군,명,101,
행정구역별,41.8,37330,A,T10,DT_1YL20631,고령인구비율＜br＞(A÷B×100),고령인구비율(시도/시/군/구),2023,2024-01-09,Cheongsong-gun,청송군,%,101, 
행정구역별,6486,37340,A,T001,DT_1YL20631,65세이상인구＜br＞(A),고령인구비율(시도/시/군/구),2023,2024-01-09,Yeongyang-gun,영양군,명,101,
행정구역별,15661,37340,A,T002,DT_1YL20631,전체인구＜br＞(B),고령인구비율(시도/시/군/구),2023,2024-01-09,Yeongyang-gun,영양군,명,101,
행정구역별,41.4,37340,A,T10,DT_1YL20631,고령인구비율＜br＞(A÷B×100),고령인구비율(시도/시/군/구),2023,2024-01-09,Yeongyang-gun,영양군,%,101, 
행정구역별,14211,37350,A,T001,DT_1YL20631,65세이상인구＜br＞(A),고령인구비율(시도/시/군/구),2023,2024-01-09,Yeongdeok-gun,영덕군,명,101,
행정구역별,34055,37350,A,T002,DT_1YL20631,전체인구＜br＞(B),고령인구비율(시도/시/군/구),2023,2024-01-09,Yeongdeok-gun,영덕군,명,101,
행정구역별,41.7,37350,A,T10,DT_1YL20631,고령인구비율＜br＞(A÷B×100),고령인구비율(시도/시/군/구),2023,2024-01-09,Yeongdeok-gun,영덕군,%,101, 
행정구역별,17342,37360,A,T001,DT_1YL20631,65세이상인구＜br＞(A),고령인구비율(시도/시/군/구),2023,2024-01-09,Cheongdo-gun,청도군,명,101,
행정구역별,41316,37360,A,T002,DT_1YL20631,전체인구＜br＞(B),고령인구비율(시도/시/군/구),2023,2024-01-09,Cheongdo-gun,청도군,명,101,
행정구역별,42,37360,A,T10,DT_1YL20631,고령인구비율＜br＞(A÷B×100),고령인구비율(시도/시/군/구),2023,2024-01-09,Cheongdo-gun,청도군,%,101, 
행정구역별,10862,37370,A,T001,DT_1YL20631,65세이상인구＜br＞(A),고령인구비율(시도/시/군/구),2023,2024-01-09,Goryeong-gun,고령군,명,101,
행정구역별,30139,37370,A,T002,DT_1YL20631,전체인구＜br＞(B),고령인구비율(시도/시/군/구),2023,2024-01-09,Goryeong-gun,고령군,명,101,
행정구역별,36,37370,A,T10,DT_1YL20631,고령인구비율＜br＞(A÷B×100),고령인구비율(시도/시/군/구),2023,2024-01-09,Goryeong-gun,고령군,%,101, 
행정구역별,15405,37380,A,T001,DT_1YL20631,65세이상인구＜br＞(A),고령인구비율(시도/시/군/구),2023,2024-01-09,Seongju-gun,성주군,명,101,
행정구역별,42086,37380,A,T002,DT_1YL20631,전체인구＜br＞(B),고령인구비율(시도/시/군/구),2023,2024-01-09,Seongju-gun,성주군,명,101,
행정구역별,36.6,37380,A,T10,DT_1YL20631,고령인구비율＜br＞(A÷B×100),고령인구비율(시도/시/군/구),2023,2024-01-09,Seongju-gun,성주군,%,101, 
행정구역별,20840,37390,A,T001,DT_1YL20631,65세이상인구＜br＞(A),고령인구비율(시도/시/군/구),2023,2024-01-09,Chilgok-gun,칠곡군,명,101,
행정구역별,110581,37390,A,T002,DT_1YL20631,전체인구＜br＞(B),고령인구비율(시도/시/군/구),2023,2024-01-09,Chilgok-gun,칠곡군,명,101,
행정구역별,18.8,37390,A,T10,DT_1YL20631,고령인구비율＜br＞(A÷B×100),고령인구비율(시도/시/군/구),2023,2024-01-09,Chilgok-gun,칠곡군,%,101, 
행정구역별,17898,37400,A,T001,DT_1YL20631,65세이상인구＜br＞(A),고령인구비율(시도/시/군/구),2023,2024-01-09,Yecheon-gun,예천군,명,101,
행정구역별,55325,37400,A,T002,DT_1YL20631,전체인구＜br＞(B),고령인구비율(시도/시/군/구),2023,2024-01-09,Yecheon-gun,예천군,명,101,
행정구역별,32.4,37400,A,T10,DT_1YL20631,고령인구비율＜br＞(A÷B×100),고령인구비율(시도/시/군/구),2023,2024-01-09,Yecheon-gun,예천군,%,101, 
행정구역별,12232,37410,A,T001,DT_1YL20631,65세이상인구＜br＞(A),고령인구비율(시도/시/군/구),2023,2024-01-09,Bonghwa-gun,봉화군,명,101,
행정구역별,29603,37410,A,T002,DT_1YL20631,전체인구＜br＞(B),고령인구비율(시도/시/군/구),2023,2024-01-09,Bonghwa-gun,봉화군,명,101,
행정구역별,41.3,37410,A,T10,DT_1YL20631,고령인구비율＜br＞(A÷B×100),고령인구비율(시도/시/군/구),2023,2024-01-09,Bonghwa-gun,봉화군,%,101, 
행정구역별,14583,37420,A,T001,DT_1YL20631,65세이상인구＜br＞(A),고령인구비율(시도/시/군/구),2023,2024-01-09,Uljin-gun,울진군,명,101,
행정구역별,46669,37420,A,T002,DT_1YL20631,전체인구＜br＞(B),고령인구비율(시도/시/군/구),2023,2024-01-09,Uljin-gun,울진군,명,101,
행정구역별,31.2,37420,A,T10,DT_1YL20631,고령인구비율＜br＞(A÷B×100),고령인구비율(시도/시/군/구),2023,2024-01-09,Uljin-gun,울진군,%,101, 
행정구역별,2629,37430,A,T001,DT_1YL20631,65세이상인구＜br＞(A),고령인구비율(시도/시/군/구),2023,2024-01-09,Ulleung-gun,울릉군,명,101,
행정구역별,9077,37430,A,T002,DT_1YL20631,전체인구＜br＞(B),고령인구비율(시도/시/군/구),2023,2024-01-09,Ulleung-gun,울릉군,명,101,
행정구역별,29,37430,A,T10,DT_1YL20631,고령인구비율＜br＞(A÷B×100),고령인구비율(시도/시/군/구),2023,2024-01-09,Ulleung-gun,울릉군,%,101, 
행정구역별,669646,38,A,T001,DT_1YL20631,65세이상인구＜br＞(A),고령인구비율(시도/시/군/구),2023,2024-01-09,Gyeongsangnam-do,경상남도,명,101,
행정구역별,3251158,38,A,T002,DT_1YL20631,전체인구＜br＞(B),고령인구비율(시도/시/군/구),2023,2024-01-09,Gyeongsangnam-do,경상남도,명,101,
행정구역별,20.6,38,A,T10,DT_1YL20631,고령인구비율＜br＞(A÷B×100),고령인구비율(시도/시/군/구),2023,2024-01-09,Gyeongsangnam-do,경상남도,%,101, 
행정구역별,67312,38030,A,T001,DT_1YL20631,65세이상인구＜br＞(A),고령인구비율(시도/시/군/구),2023,2024-01-09,Jinju-si,진주시,명,101,
행정구역별,341074,38030,A,T002,DT_1YL20631,전체인구＜br＞(B),고령인구비율(시도/시/군/구),2023,2024-01-09,Jinju-si,진주시,명,101,
행정구역별,19.7,38030,A,T10,DT_1YL20631,고령인구비율＜br＞(A÷B×100),고령인구비율(시도/시/군/구),2023,2024-01-09,Jinju-si,진주시,%,101, 
행정구역별,28780,38050,A,T001,DT_1YL20631,65세이상인구＜br＞(A),고령인구비율(시도/시/군/구),2023,2024-01-09,Tongyeong-si,통영시,명,101,
행정구역별,120551,38050,A,T002,DT_1YL20631,전체인구＜br＞(B),고령인구비율(시도/시/군/구),2023,2024-01-09,Tongyeong-si,통영시,명,101,
행정구역별,23.9,38050,A,T10,DT_1YL20631,고령인구비율＜br＞(A÷B×100),고령인구비율(시도/시/군/구),2023,2024-01-09,Tongyeong-si,통영시,%,101, 
행정구역별,27114,38060,A,T001,DT_1YL20631,65세이상인구＜br＞(A),고령인구비율(시도/시/군/구),2023,2024-01-09,Sacheon-si,사천시,명,101,
행정구역별,109030,38060,A,T002,DT_1YL20631,전체인구＜br＞(B),고령인구비율(시도/시/군/구),2023,2024-01-09,Sacheon-si,사천시,명,101,
행정구역별,24.9,38060,A,T10,DT_1YL20631,고령인구비율＜br＞(A÷B×100),고령인구비율(시도/시/군/구),2023,2024-01-09,Sacheon-si,사천시,%,101, 
행정구역별,74830,38070,A,T001,DT_1YL20631,65세이상인구＜br＞(A),고령인구비율(시도/시/군/구),2023,2024-01-09,Gimhae-si,김해시,명,101,
행정구역별,533659,38070,A,T002,DT_1YL20631,전체인구＜br＞(B),고령인구비율(시도/시/군/구),2023,2024-01-09,Gimhae-si,김해시,명,101,
행정구역별,14,38070,A,T10,DT_1YL20631,고령인구비율＜br＞(A÷B×100),고령인구비율(시도/시/군/구),2023,2024-01-09,Gimhae-si,김해시,%,101, 
행정구역별,33742,38080,A,T001,DT_1YL20631,65세이상인구＜br＞(A),고령인구비율(시도/시/군/구),2023,2024-01-09,Miryang-si,밀양시,명,101,
행정구역별,102084,38080,A,T002,DT_1YL20631,전체인구＜br＞(B),고령인구비율(시도/시/군/구),2023,2024-01-09,Miryang-si,밀양시,명,101,
행정구역별,33.1,38080,A,T10,DT_1YL20631,고령인구비율＜br＞(A÷B×100),고령인구비율(시도/시/군/구),2023,2024-01-09,Miryang-si,밀양시,%,101, 
행정구역별,33622,38090,A,T001,DT_1YL20631,65세이상인구＜br＞(A),고령인구비율(시도/시/군/구),2023,2024-01-09,Geoje-si,거제시,명,101,
행정구역별,234038,38090,A,T002,DT_1YL20631,전체인구＜br＞(B),고령인구비율(시도/시/군/구),2023,2024-01-09,Geoje-si,거제시,명,101,
행정구역별,14.4,38090,A,T10,DT_1YL20631,고령인구비율＜br＞(A÷B×100),고령인구비율(시도/시/군/구),2023,2024-01-09,Geoje-si,거제시,%,101, 
행정구역별,59643,38100,A,T001,DT_1YL20631,65세이상인구＜br＞(A),고령인구비율(시도/시/군/구),2023,2024-01-09,Yangsan-si,양산시,명,101,
행정구역별,355122,38100,A,T002,DT_1YL20631,전체인구＜br＞(B),고령인구비율(시도/시/군/구),2023,2024-01-09,Yangsan-si,양산시,명,101,
행정구역별,16.8,38100,A,T10,DT_1YL20631,고령인구비율＜br＞(A÷B×100),고령인구비율(시도/시/군/구),2023,2024-01-09,Yangsan-si,양산시,%,101, 
행정구역별,180319,38110,A,T001,DT_1YL20631,65세이상인구＜br＞(A),고령인구비율(시도/시/군/구),2023,2024-01-09,Changwon-si,창원시,명,101,
행정구역별,1009038,38110,A,T002,DT_1YL20631,전체인구＜br＞(B),고령인구비율(시도/시/군/구),2023,2024-01-09,Changwon-si,창원시,명,101,
행정구역별,17.9,38110,A,T10,DT_1YL20631,고령인구비율＜br＞(A÷B×100),고령인구비율(시도/시/군/구),2023,2024-01-09,Changwon-si,창원시,%,101, 
행정구역별,10479,38310,A,T001,DT_1YL20631,65세이상인구＜br＞(A),고령인구비율(시도/시/군/구),2023,2024-01-09,Uiryeong-gun,의령군,명,101,
행정구역별,25475,38310,A,T002,DT_1YL20631,전체인구＜br＞(B),고령인구비율(시도/시/군/구),2023,2024-01-09,Uiryeong-gun,의령군,명,101,
행정구역별,41.1,38310,A,T10,DT_1YL20631,고령인구비율＜br＞(A÷B×100),고령인구비율(시도/시/군/구),2023,2024-01-09,Uiryeong-gun,의령군,%,101, 
행정구역별,17961,38320,A,T001,DT_1YL20631,65세이상인구＜br＞(A),고령인구비율(시도/시/군/구),2023,2024-01-09,Haman-gun,함안군,명,101,
행정구역별,60203,38320,A,T002,DT_1YL20631,전체인구＜br＞(B),고령인구비율(시도/시/군/구),2023,2024-01-09,Haman-gun,함안군,명,101,
행정구역별,29.8,38320,A,T10,DT_1YL20631,고령인구비율＜br＞(A÷B×100),고령인구비율(시도/시/군/구),2023,2024-01-09,Haman-gun,함안군,%,101, 
행정구역별,20640,38330,A,T001,DT_1YL20631,65세이상인구＜br＞(A),고령인구비율(시도/시/군/구),2023,2024-01-09,Changnyeong-gun,창녕군,명,101,
행정구역별,57083,38330,A,T002,DT_1YL20631,전체인구＜br＞(B),고령인구비율(시도/시/군/구),2023,2024-01-09,Changnyeong-gun,창녕군,명,101,
행정구역별,36.2,38330,A,T10,DT_1YL20631,고령인구비율＜br＞(A÷B×100),고령인구비율(시도/시/군/구),2023,2024-01-09,Changnyeong-gun,창녕군,%,101, 
행정구역별,17491,38340,A,T001,DT_1YL20631,65세이상인구＜br＞(A),고령인구비율(시도/시/군/구),2023,2024-01-09,Goseong-gun,고성군,명,101,
행정구역별,49468,38340,A,T002,DT_1YL20631,전체인구＜br＞(B),고령인구비율(시도/시/군/구),2023,2024-01-09,Goseong-gun,고성군,명,101,
행정구역별,35.4,38340,A,T10,DT_1YL20631,고령인구비율＜br＞(A÷B×100),고령인구비율(시도/시/군/구),2023,2024-01-09,Goseong-gun,고성군,%,101, 
행정구역별,16889,38350,A,T001,DT_1YL20631,65세이상인구＜br＞(A),고령인구비율(시도/시/군/구),2023,2024-01-09,Namhae-gun,남해군,명,101,
행정구역별,40780,38350,A,T002,DT_1YL20631,전체인구＜br＞(B),고령인구비율(시도/시/군/구),2023,2024-01-09,Namhae-gun,남해군,명,101,
행정구역별,41.4,38350,A,T10,DT_1YL20631,고령인구비율＜br＞(A÷B×100),고령인구비율(시도/시/군/구),2023,2024-01-09,Namhae-gun,남해군,%,101, 
행정구역별,16518,38360,A,T001,DT_1YL20631,65세이상인구＜br＞(A),고령인구비율(시도/시/군/구),2023,2024-01-09,Hadong-gun,하동군,명,101,
행정구역별,41606,38360,A,T002,DT_1YL20631,전체인구＜br＞(B),고령인구비율(시도/시/군/구),2023,2024-01-09,Hadong-gun,하동군,명,101,
행정구역별,39.7,38360,A,T10,DT_1YL20631,고령인구비율＜br＞(A÷B×100),고령인구비율(시도/시/군/구),2023,2024-01-09,Hadong-gun,하동군,%,101, 
행정구역별,13847,38370,A,T001,DT_1YL20631,65세이상인구＜br＞(A),고령인구비율(시도/시/군/구),2023,2024-01-09,Sancheong-gun,산청군,명,101,
행정구역별,33752,38370,A,T002,DT_1YL20631,전체인구＜br＞(B),고령인구비율(시도/시/군/구),2023,2024-01-09,Sancheong-gun,산청군,명,101,
행정구역별,41,38370,A,T10,DT_1YL20631,고령인구비율＜br＞(A÷B×100),고령인구비율(시도/시/군/구),2023,2024-01-09,Sancheong-gun,산청군,%,101, 
행정구역별,14001,38380,A,T001,DT_1YL20631,65세이상인구＜br＞(A),고령인구비율(시도/시/군/구),2023,2024-01-09,Hamyang-gun,함양군,명,101,
행정구역별,36945,38380,A,T002,DT_1YL20631,전체인구＜br＞(B),고령인구비율(시도/시/군/구),2023,2024-01-09,Hamyang-gun,함양군,명,101,
행정구역별,37.9,38380,A,T10,DT_1YL20631,고령인구비율＜br＞(A÷B×100),고령인구비율(시도/시/군/구),2023,2024-01-09,Hamyang-gun,함양군,%,101, 
행정구역별,18536,38390,A,T001,DT_1YL20631,65세이상인구＜br＞(A),고령인구비율(시도/시/군/구),2023,2024-01-09,Geochang-gun,거창군,명,101,
행정구역별,60047,38390,A,T002,DT_1YL20631,전체인구＜br＞(B),고령인구비율(시도/시/군/구),2023,2024-01-09,Geochang-gun,거창군,명,101,
행정구역별,30.9,38390,A,T10,DT_1YL20631,고령인구비율＜br＞(A÷B×100),고령인구비율(시도/시/군/구),2023,2024-01-09,Geochang-gun,거창군,%,101, 
행정구역별,17922,38400,A,T001,DT_1YL20631,65세이상인구＜br＞(A),고령인구비율(시도/시/군/구),2023,2024-01-09,Hapcheon-gun,합천군,명,101,
행정구역별,41203,38400,A,T002,DT_1YL20631,전체인구＜br＞(B),고령인구비율(시도/시/군/구),2023,2024-01-09,Hapcheon-gun,합천군,명,101,
행정구역별,43.5,38400,A,T10,DT_1YL20631,고령인구비율＜br＞(A÷B×100),고령인구비율(시도/시/군/구),2023,2024-01-09,Hapcheon-gun,합천군,%,101, 
행정구역별,121156,39,A,T001,DT_1YL20631,65세이상인구＜br＞(A),고령인구비율(시도/시/군/구),2023,2024-01-09,Jeju,제주특별자치도,명,101,
행정구역별,675252,39,A,T002,DT_1YL20631,전체인구＜br＞(B),고령인구비율(시도/시/군/구),2023,2024-01-09,Jeju,제주특별자치도,명,101,
행정구역별,17.9,39,A,T10,DT_1YL20631,고령인구비율＜br＞(A÷B×100),고령인구비율(시도/시/군/구),2023,2024-01-09,Jeju,제주특별자치도,%,101, 
행정구역별,81115,39010,A,T001,DT_1YL20631,65세이상인구＜br＞(A),고령인구비율(시도/시/군/구),2023,2024-01-09,Jeju-si,제주시,명,101,
행정구역별,491654,39010,A,T002,DT_1YL20631,전체인구＜br＞(B),고령인구비율(시도/시/군/구),2023,2024-01-09,Jeju-si,제주시,명,101,
행정구역별,16.5,39010,A,T10,DT_1YL20631,고령인구비율＜br＞(A÷B×100),고령인구비율(시도/시/군/구),2023,2024-01-09,Jeju-si,제주시,%,101, 
행정구역별,40041,39020,A,T001,DT_1YL20631,65세이상인구＜br＞(A),고령인구비율(시도/시/군/구),2023,2024-01-09,Seogwipo-si,서귀포시,명,101,
행정구역별,183598,39020,A,T002,DT_1YL20631,전체인구＜br＞(B),고령인구비율(시도/시/군/구),2023,2024-01-09,Seogwipo-si,서귀포시,명,101,
행정구역별,21.8,39020,A,T10,DT_1YL20631,고령인구비율＜br＞(A÷B×100),고령인구비율(시도/시/군/구),2023,2024-01-09,Seogwipo-si,서귀포시,%,101, 
