C1_OBJ_NM,DT,C1,PRD_SE,UNIT_NM_ENG,ITM_ID,TBL_ID,ITM_NM,TBL_NM,PRD_DE,LST_CHN_DE,C1_NM_ENG,C1_NM,UNIT_NM,ORG_ID,C1_OBJ_NM_ENG
시군구별,2633262,00,A,Persons,T001,DT_1YL202003E,등록장애인수,등록장애인수(시도/시/군/구),2023,,Whole Country,전국,명,101,By Administrative District
시군구별,387448,11,A,Persons,T001,DT_1YL202003E,등록장애인수,등록장애인수(시도/시/군/구),2023,,Seoul,서울특별시,명,101,By Administrative District
시군구별,5682,11010,A,Persons,T001,DT_1YL202003E,등록장애인수,등록장애인수(시도/시/군/구),2023,,Jongno-gu,종로구,명,101,By Administrative District
시군구별,5434,11020,A,Persons,T001,DT_1YL202003E,등록장애인수,등록장애인수(시도/시/군/구),2023,,Jung-gu,중구,명,101,By Administrative District
시군구별,7292,11030,A,Persons,T001,DT_1YL202003E,등록장애인수,등록장애인수(시도/시/군/구),2023,,Yongsan-gu,용산구,명,101,By Administrative District
시군구별,10889,11040,A,Persons,T001,DT_1YL202003E,등록장애인수,등록장애인수(시도/시/군/구),2023,,Seong-Dong,성동구,명,101,By Administrative District
시군구별,12096,11050,A,Persons,T001,DT_1YL202003E,등록장애인수,등록장애인수(시도/시/군/구),2023,,Gwangjin-gu,광진구,명,101,By Administrative District
시군구별,15349,11060,A,Persons,T001,DT_1YL202003E,등록장애인수,등록장애인수(시도/시/군/구),2023,,Dongdaemun-gu,동대문구,명,101,By Administrative District
시군구별,20177,11070,A,Persons,T001,DT_1YL202003E,등록장애인수,등록장애인수(시도/시/군/구),2023,,Jungnang-gu,중랑구,명,101,By Administrative District
시군구별,17028,11080,A,Persons,T001,DT_1YL202003E,등록장애인수,등록장애인수(시도/시/군/구),2023,,Seongbuk-gu,성북구,명,101,By Administrative District
시군구별,16937,11090,A,Persons,T001,DT_1YL202003E,등록장애인수,등록장애인수(시도/시/군/구),2023,,Gangbuk-gu,강북구,명,101,By Administrative District
시군구별,15087,11100,A,Persons,T001,DT_1YL202003E,등록장애인수,등록장애인수(시도/시/군/구),2023,,Dobong-gu,도봉구,명,101,By Administrative District
시군구별,26118,11110,A,Persons,T001,DT_1YL202003E,등록장애인수,등록장애인수(시도/시/군/구),2023,,Nowon-gu,노원구,명,101,By Administrative District
시군구별,21393,11120,A,Persons,T001,DT_1YL202003E,등록장애인수,등록장애인수(시도/시/군/구),2023,,Eunpyeong-gu,은평구,명,101,By Administrative District
시군구별,11975,11130,A,Persons,T001,DT_1YL202003E,등록장애인수,등록장애인수(시도/시/군/구),2023,,Seodaemun-gu,서대문구,명,101,By Administrative District
시군구별,12647,11140,A,Persons,T001,DT_1YL202003E,등록장애인수,등록장애인수(시도/시/군/구),2023,,Mapo-gu,마포구,명,101,By Administrative District
시군구별,17544,11150,A,Persons,T001,DT_1YL202003E,등록장애인수,등록장애인수(시도/시/군/구),2023,,Yangcheon-gu,양천구,명,101,By Administrative District
시군구별,28168,11160,A,Persons,T001,DT_1YL202003E,등록장애인수,등록장애인수(시도/시/군/구),2023,,Gangseo-gu,강서구,명,101,By Administrative District
시군구별,18817,11170,A,Persons,T001,DT_1YL202003E,등록장애인수,등록장애인수(시도/시/군/구),2023,,Guro-gu,구로구,명,101,By Administrative District
시군구별,11782,11180,A,Persons,T001,DT_1YL202003E,등록장애인수,등록장애인수(시도/시/군/구),2023,,Geumcheon-gu,금천구,명,101,By Administrative District
시군구별,14605,11190,A,Persons,T001,DT_1YL202003E,등록장애인수,등록장애인수(시도/시/군/구),2023,,Yeongdeungpo-gu,영등포구,명,101,By Administrative District
시군구별,14103,11200,A,Persons,T001,DT_1YL202003E,등록장애인수,등록장애인수(시도/시/군/구),2023,,Dongjak-gu,동작구,명,101,By Administrative District
시군구별,19984,11210,A,Persons,T001,DT_1YL202003E,등록장애인수,등록장애인수(시도/시/군/구),2023,,Gwanak-gu,관악구,명,101,By Administrative District
시군구별,10125,11220,A,Persons,T001,DT_1YL202003E,등록장애인수,등록장애인수(시도/시/군/구),2023,,Seocho-gu,서초구,명,101,By Administrative District
시군구별,15354,11230,A,Persons,T001,DT_1YL202003E,등록장애인수,등록장애인수(시도/시/군/구),2023,,Gangnam-gu,강남구,명,101,By Administrative District
시군구별,20281,11240,A,Persons,T001,DT_1YL202003E,등록장애인수,등록장애인수(시도/시/군/구),2023,,Songpa-gu,송파구,명,101,By Administrative District
시군구별,18581,11250,A,Persons,T001,DT_1YL202003E,등록장애인수,등록장애인수(시도/시/군/구),2023,,Gang-Dong,강동구,명,101,By Administrative District
시군구별,175062,21,A,Persons,T001,DT_1YL202003E,등록장애인수,등록장애인수(시도/시/군/구),2023,,Busan,부산광역시,명,101,By Administrative District
시군구별,2515,21010,A,Persons,T001,DT_1YL202003E,등록장애인수,등록장애인수(시도/시/군/구),2023,,Jung-gu,중구,명,101,By Administrative District
시군구별,6593,21020,A,Persons,T001,DT_1YL202003E,등록장애인수,등록장애인수(시도/시/군/구),2023,,Seo-gu,서구,명,101,By Administrative District
시군구별,6058,21030,A,Persons,T001,DT_1YL202003E,등록장애인수,등록장애인수(시도/시/군/구),2023,,Dong-gu,동구,명,101,By Administrative District
시군구별,8669,21040,A,Persons,T001,DT_1YL202003E,등록장애인수,등록장애인수(시도/시/군/구),2023,,Yeongdo-gu,영도구,명,101,By Administrative District
시군구별,18654,21050,A,Persons,T001,DT_1YL202003E,등록장애인수,등록장애인수(시도/시/군/구),2023,,Busanjin-gu,부산진구,명,101,By Administrative District
시군구별,11797,21060,A,Persons,T001,DT_1YL202003E,등록장애인수,등록장애인수(시도/시/군/구),2023,,Dongnae-gu,동래구,명,101,By Administrative District
시군구별,12698,21070,A,Persons,T001,DT_1YL202003E,등록장애인수,등록장애인수(시도/시/군/구),2023,,Nam-gu,남구,명,101,By Administrative District
시군구별,16088,21080,A,Persons,T001,DT_1YL202003E,등록장애인수,등록장애인수(시도/시/군/구),2023,,Buk-gu,북구,명,101,By Administrative District
시군구별,17424,21090,A,Persons,T001,DT_1YL202003E,등록장애인수,등록장애인수(시도/시/군/구),2023,,Haeundae-gu,해운대구,명,101,By Administrative District
시군구별,17944,21100,A,Persons,T001,DT_1YL202003E,등록장애인수,등록장애인수(시도/시/군/구),2023,,Saha-gu,사하구,명,101,By Administrative District
시군구별,11414,21110,A,Persons,T001,DT_1YL202003E,등록장애인수,등록장애인수(시도/시/군/구),2023,,Geumjeong-gu,금정구,명,101,By Administrative District
시군구별,5220,21120,A,Persons,T001,DT_1YL202003E,등록장애인수,등록장애인수(시도/시/군/구),2023,,Gangseo-gu,강서구,명,101,By Administrative District
시군구별,9855,21130,A,Persons,T001,DT_1YL202003E,등록장애인수,등록장애인수(시도/시/군/구),2023,,Yeonje-gu,연제구,명,101,By Administrative District
시군구별,8203,21140,A,Persons,T001,DT_1YL202003E,등록장애인수,등록장애인수(시도/시/군/구),2023,,Suyeong-gu,수영구,명,101,By Administrative District
시군구별,13286,21150,A,Persons,T001,DT_1YL202003E,등록장애인수,등록장애인수(시도/시/군/구),2023,,Sasang-gu,사상구,명,101,By Administrative District
시군구별,8644,21310,A,Persons,T001,DT_1YL202003E,등록장애인수,등록장애인수(시도/시/군/구),2023,,Gijang-gun,기장군,명,101,By Administrative District
시군구별,130288,22,A,Persons,T001,DT_1YL202003E,등록장애인수,등록장애인수(시도/시/군/구),2023,,Daegu,대구광역시,명,101,By Administrative District
시군구별,4191,22010,A,Persons,T001,DT_1YL202003E,등록장애인수,등록장애인수(시도/시/군/구),2023,,Jung-gu,중구,명,101,By Administrative District
시군구별,20693,22020,A,Persons,T001,DT_1YL202003E,등록장애인수,등록장애인수(시도/시/군/구),2023,,Dong-gu,동구,명,101,By Administrative District
시군구별,11918,22030,A,Persons,T001,DT_1YL202003E,등록장애인수,등록장애인수(시도/시/군/구),2023,,Seo-gu,서구,명,101,By Administrative District
시군구별,9420,22040,A,Persons,T001,DT_1YL202003E,등록장애인수,등록장애인수(시도/시/군/구),2023,,Nam-gu,남구,명,101,By Administrative District
시군구별,22264,22050,A,Persons,T001,DT_1YL202003E,등록장애인수,등록장애인수(시도/시/군/구),2023,,Buk-gu,북구,명,101,By Administrative District
시군구별,17965,22060,A,Persons,T001,DT_1YL202003E,등록장애인수,등록장애인수(시도/시/군/구),2023,,Suseong-gu,수성구,명,101,By Administrative District
시군구별,28259,22070,A,Persons,T001,DT_1YL202003E,등록장애인수,등록장애인수(시도/시/군/구),2023,,Dalseo-gu,달서구,명,101,By Administrative District
시군구별,12997,22310,A,Persons,T001,DT_1YL202003E,등록장애인수,등록장애인수(시도/시/군/구),2023,,Dalseong-gun,달성군,명,101,By Administrative District
시군구별,2581,22320,A,Persons,T001,DT_1YL202003E,등록장애인수,등록장애인수(시도/시/군/구),2023,,Daegu Gunwi-gun,군위군,명,101,By Administrative District
시군구별,151782,23,A,Persons,T001,DT_1YL202003E,등록장애인수,등록장애인수(시도/시/군/구),2023,,Incheon,인천광역시,명,101,By Administrative District
시군구별,6995,23010,A,Persons,T001,DT_1YL202003E,등록장애인수,등록장애인수(시도/시/군/구),2023,,Jung-gu,중구,명,101,By Administrative District
시군구별,4727,23020,A,Persons,T001,DT_1YL202003E,등록장애인수,등록장애인수(시도/시/군/구),2023,,Dong-gu,동구,명,101,By Administrative District
시군구별,23765,23030,A,Persons,T001,DT_1YL202003E,등록장애인수,등록장애인수(시도/시/군/구),2023,,Michuhol-gu,미추홀구,명,101,By Administrative District
시군구별,14097,23040,A,Persons,T001,DT_1YL202003E,등록장애인수,등록장애인수(시도/시/군/구),2023,,Yeonsu-gu,연수구,명,101,By Administrative District
시군구별,26676,23050,A,Persons,T001,DT_1YL202003E,등록장애인수,등록장애인수(시도/시/군/구),2023,,Nam-Dong,남동구,명,101,By Administrative District
시군구별,27365,23060,A,Persons,T001,DT_1YL202003E,등록장애인수,등록장애인수(시도/시/군/구),2023,,Bupyeong-gu,부평구,명,101,By Administrative District
시군구별,14731,23070,A,Persons,T001,DT_1YL202003E,등록장애인수,등록장애인수(시도/시/군/구),2023,,Gyeyang-gu,계양구,명,101,By Administrative District
시군구별,25978,23080,A,Persons,T001,DT_1YL202003E,등록장애인수,등록장애인수(시도/시/군/구),2023,,Seo-gu,서구,명,101,By Administrative District
시군구별,5848,23310,A,Persons,T001,DT_1YL202003E,등록장애인수,등록장애인수(시도/시/군/구),2023,,Ganghwa-gun,강화군,명,101,By Administrative District
시군구별,1600,23320,A,Persons,T001,DT_1YL202003E,등록장애인수,등록장애인수(시도/시/군/구),2023,,Ongjin-gun,옹진군,명,101,By Administrative District
시군구별,69202,24,A,Persons,T001,DT_1YL202003E,등록장애인수,등록장애인수(시도/시/군/구),2023,,Gwangju,광주광역시,명,101,By Administrative District
시군구별,5642,24010,A,Persons,T001,DT_1YL202003E,등록장애인수,등록장애인수(시도/시/군/구),2023,,Dong-gu,동구,명,101,By Administrative District
시군구별,13531,24020,A,Persons,T001,DT_1YL202003E,등록장애인수,등록장애인수(시도/시/군/구),2023,,Seo-gu,서구,명,101,By Administrative District
시군구별,11084,24030,A,Persons,T001,DT_1YL202003E,등록장애인수,등록장애인수(시도/시/군/구),2023,,Nam-gu,남구,명,101,By Administrative District
시군구별,21484,24040,A,Persons,T001,DT_1YL202003E,등록장애인수,등록장애인수(시도/시/군/구),2023,,Buk-gu,북구,명,101,By Administrative District
시군구별,17461,24050,A,Persons,T001,DT_1YL202003E,등록장애인수,등록장애인수(시도/시/군/구),2023,,Gwangsan-gu,광산구,명,101,By Administrative District
시군구별,71342,25,A,Persons,T001,DT_1YL202003E,등록장애인수,등록장애인수(시도/시/군/구),2023,,Daejeon,대전광역시,명,101,By Administrative District
시군구별,14190,25010,A,Persons,T001,DT_1YL202003E,등록장애인수,등록장애인수(시도/시/군/구),2023,,Dong-gu,동구,명,101,By Administrative District
시군구별,13622,25020,A,Persons,T001,DT_1YL202003E,등록장애인수,등록장애인수(시도/시/군/구),2023,,Jung-gu,중구,명,101,By Administrative District
시군구별,20438,25030,A,Persons,T001,DT_1YL202003E,등록장애인수,등록장애인수(시도/시/군/구),2023,,Seo-gu,서구,명,101,By Administrative District
시군구별,12387,25040,A,Persons,T001,DT_1YL202003E,등록장애인수,등록장애인수(시도/시/군/구),2023,,Yuseong-gu,유성구,명,101,By Administrative District
시군구별,10705,25050,A,Persons,T001,DT_1YL202003E,등록장애인수,등록장애인수(시도/시/군/구),2023,,Daedeok-gu,대덕구,명,101,By Administrative District
시군구별,51210,26,A,Persons,T001,DT_1YL202003E,등록장애인수,등록장애인수(시도/시/군/구),2023,,Ulsan,울산광역시,명,101,By Administrative District
시군구별,10626,26010,A,Persons,T001,DT_1YL202003E,등록장애인수,등록장애인수(시도/시/군/구),2023,,Jung-gu,중구,명,101,By Administrative District
시군구별,12845,26020,A,Persons,T001,DT_1YL202003E,등록장애인수,등록장애인수(시도/시/군/구),2023,,Nam-gu,남구,명,101,By Administrative District
시군구별,7315,26030,A,Persons,T001,DT_1YL202003E,등록장애인수,등록장애인수(시도/시/군/구),2023,,Dong-gu,동구,명,101,By Administrative District
시군구별,8720,26040,A,Persons,T001,DT_1YL202003E,등록장애인수,등록장애인수(시도/시/군/구),2023,,Buk-gu,북구,명,101,By Administrative District
시군구별,11704,26310,A,Persons,T001,DT_1YL202003E,등록장애인수,등록장애인수(시도/시/군/구),2023,,Ulju-gun,울주군,명,101,By Administrative District
시군구별,12908,27,A,Persons,T001,DT_1YL202003E,등록장애인수,등록장애인수(시도/시/군/구),2023,,Sejong,세종특별자치시,명,101,By Administrative District
시군구별,583750,31,A,Persons,T001,DT_1YL202003E,등록장애인수,등록장애인수(시도/시/군/구),2023,,Gyeonggi-Do,경기도,명,101,By Administrative District
시군구별,11147,31010,A,Persons,T001,DT_1YL202003E,등록장애인수,등록장애인수(시도/시/군/구),2023,,Suwon-si,수원시장안구,명,101,By Administrative District
시군구별,11197,31020,A,Persons,T001,DT_1YL202003E,등록장애인수,등록장애인수(시도/시/군/구),2023,,Seongnam-si,성남시수정구,명,101,By Administrative District
시군구별,22403,31030,A,Persons,T001,DT_1YL202003E,등록장애인수,등록장애인수(시도/시/군/구),2023,,Uijeongbu-si,의정부시,명,101,By Administrative District
시군구별,11078,31040,A,Persons,T001,DT_1YL202003E,등록장애인수,등록장애인수(시도/시/군/구),2023,,Anyang-si,안양시만안구,명,101,By Administrative District
시군구별,37303,31050,A,Persons,T001,DT_1YL202003E,등록장애인수,등록장애인수(시도/시/군/구),2023,,Bucheon-si,부천시,명,101,By Administrative District
시군구별,12289,31060,A,Persons,T001,DT_1YL202003E,등록장애인수,등록장애인수(시도/시/군/구),2023,,Gwangmyeong-si,광명시,명,101,By Administrative District
시군구별,25870,31070,A,Persons,T001,DT_1YL202003E,등록장애인수,등록장애인수(시도/시/군/구),2023,,Pyeongtaek-si,평택시,명,101,By Administrative District
시군구별,6285,31080,A,Persons,T001,DT_1YL202003E,등록장애인수,등록장애인수(시도/시/군/구),2023,,Dongducheon-si,동두천시,명,101,By Administrative District
시군구별,17415,31090,A,Persons,T001,DT_1YL202003E,등록장애인수,등록장애인수(시도/시/군/구),2023,,Ansan-si,안산시상록구,명,101,By Administrative District
시군구별,20585,31100,A,Persons,T001,DT_1YL202003E,등록장애인수,등록장애인수(시도/시/군/구),2023,,Goyang-si,고양시덕양구,명,101,By Administrative District
시군구별,2280,31110,A,Persons,T001,DT_1YL202003E,등록장애인수,등록장애인수(시도/시/군/구),2023,,Gwacheon-si,과천시,명,101,By Administrative District
시군구별,8522,31120,A,Persons,T001,DT_1YL202003E,등록장애인수,등록장애인수(시도/시/군/구),2023,,Guri-si,구리시,명,101,By Administrative District
시군구별,33036,31130,A,Persons,T001,DT_1YL202003E,등록장애인수,등록장애인수(시도/시/군/구),2023,,Namyangju-si,남양주시,명,101,By Administrative District
시군구별,9014,31140,A,Persons,T001,DT_1YL202003E,등록장애인수,등록장애인수(시도/시/군/구),2023,,Osan-si,오산시,명,101,By Administrative District
시군구별,22327,31150,A,Persons,T001,DT_1YL202003E,등록장애인수,등록장애인수(시도/시/군/구),2023,,Siheung-si,시흥시,명,101,By Administrative District
시군구별,11654,31160,A,Persons,T001,DT_1YL202003E,등록장애인수,등록장애인수(시도/시/군/구),2023,,Gunpo-si,군포시,명,101,By Administrative District
시군구별,6512,31170,A,Persons,T001,DT_1YL202003E,등록장애인수,등록장애인수(시도/시/군/구),2023,,Uiwang-si,의왕시,명,101,By Administrative District
시군구별,11957,31180,A,Persons,T001,DT_1YL202003E,등록장애인수,등록장애인수(시도/시/군/구),2023,,Hanam-si,하남시,명,101,By Administrative District
시군구별,13348,31190,A,Persons,T001,DT_1YL202003E,등록장애인수,등록장애인수(시도/시/군/구),2023,,Yongin-si,용인시처인구,명,101,By Administrative District
시군구별,22516,31200,A,Persons,T001,DT_1YL202003E,등록장애인수,등록장애인수(시도/시/군/구),2023,,Paju-si,파주시,명,101,By Administrative District
시군구별,10849,31210,A,Persons,T001,DT_1YL202003E,등록장애인수,등록장애인수(시도/시/군/구),2023,,Icheon-si,이천시,명,101,By Administrative District
시군구별,11154,31220,A,Persons,T001,DT_1YL202003E,등록장애인수,등록장애인수(시도/시/군/구),2023,,Anseong-si,안성시,명,101,By Administrative District
시군구별,18676,31230,A,Persons,T001,DT_1YL202003E,등록장애인수,등록장애인수(시도/시/군/구),2023,,Gimpo-si,김포시,명,101,By Administrative District
시군구별,31748,31240,A,Persons,T001,DT_1YL202003E,등록장애인수,등록장애인수(시도/시/군/구),2023,,Hwaseong-si,화성시,명,101,By Administrative District
시군구별,17452,31250,A,Persons,T001,DT_1YL202003E,등록장애인수,등록장애인수(시도/시/군/구),2023,,Gwangju-si,광주시,명,101,By Administrative District
시군구별,13641,31260,A,Persons,T001,DT_1YL202003E,등록장애인수,등록장애인수(시도/시/군/구),2023,,Yangju-si,양주시,명,101,By Administrative District
시군구별,10195,31270,A,Persons,T001,DT_1YL202003E,등록장애인수,등록장애인수(시도/시/군/구),2023,,Pocheon-si,포천시,명,101,By Administrative District
시군구별,7500,31280,A,Persons,T001,DT_1YL202003E,등록장애인수,등록장애인수(시도/시/군/구),2023,,Yeoju-si,여주시,명,101,By Administrative District
시군구별,3412,31350,A,Persons,T001,DT_1YL202003E,등록장애인수,등록장애인수(시도/시/군/구),2023,,Yeoncheon-gun,연천군,명,101,By Administrative District
시군구별,5064,31370,A,Persons,T001,DT_1YL202003E,등록장애인수,등록장애인수(시도/시/군/구),2023,,Gapyeong-gun,가평군,명,101,By Administrative District
시군구별,8200,31380,A,Persons,T001,DT_1YL202003E,등록장애인수,등록장애인수(시도/시/군/구),2023,,Yangpyeong-gun,양평군,명,101,By Administrative District
시군구별,100321,32,A,Persons,T001,DT_1YL202003E,등록장애인수,등록장애인수(시도/시/군/구),2023,,Gangwon-Do,강원특별자치도,명,101,By Administrative District
시군구별,15463,32010,A,Persons,T001,DT_1YL202003E,등록장애인수,등록장애인수(시도/시/군/구),2023,,Chuncheon-si,춘천시,명,101,By Administrative District
시군구별,19512,32020,A,Persons,T001,DT_1YL202003E,등록장애인수,등록장애인수(시도/시/군/구),2023,,Wonju-si,원주시,명,101,By Administrative District
시군구별,13348,32030,A,Persons,T001,DT_1YL202003E,등록장애인수,등록장애인수(시도/시/군/구),2023,,Gangneung-si,강릉시,명,101,By Administrative District
시군구별,6646,32040,A,Persons,T001,DT_1YL202003E,등록장애인수,등록장애인수(시도/시/군/구),2023,,Donghae-si,동해시,명,101,By Administrative District
시군구별,4020,32050,A,Persons,T001,DT_1YL202003E,등록장애인수,등록장애인수(시도/시/군/구),2023,,Taebaek-si,태백시,명,101,By Administrative District
시군구별,4870,32060,A,Persons,T001,DT_1YL202003E,등록장애인수,등록장애인수(시도/시/군/구),2023,,Sokcho-si,속초시,명,101,By Administrative District
시군구별,5330,32070,A,Persons,T001,DT_1YL202003E,등록장애인수,등록장애인수(시도/시/군/구),2023,,Samcheok-si,삼척시,명,101,By Administrative District
시군구별,5074,32310,A,Persons,T001,DT_1YL202003E,등록장애인수,등록장애인수(시도/시/군/구),2023,,Hongcheon-gun,홍천군,명,101,By Administrative District
시군구별,3736,32320,A,Persons,T001,DT_1YL202003E,등록장애인수,등록장애인수(시도/시/군/구),2023,,Hoengseong-gun,횡성군,명,101,By Administrative District
시군구별,3403,32330,A,Persons,T001,DT_1YL202003E,등록장애인수,등록장애인수(시도/시/군/구),2023,,Yeongwol-gun,영월군,명,101,By Administrative District
시군구별,3107,32340,A,Persons,T001,DT_1YL202003E,등록장애인수,등록장애인수(시도/시/군/구),2023,,Pyeongchang-gun,평창군,명,101,By Administrative District
시군구별,3226,32350,A,Persons,T001,DT_1YL202003E,등록장애인수,등록장애인수(시도/시/군/구),2023,,Jeongseon-gun,정선군,명,101,By Administrative District
시군구별,2983,32360,A,Persons,T001,DT_1YL202003E,등록장애인수,등록장애인수(시도/시/군/구),2023,,Cheorwon-gun,철원군,명,101,By Administrative District
시군구별,1697,32370,A,Persons,T001,DT_1YL202003E,등록장애인수,등록장애인수(시도/시/군/구),2023,,Hwacheon-gun,화천군,명,101,By Administrative District
시군구별,1433,32380,A,Persons,T001,DT_1YL202003E,등록장애인수,등록장애인수(시도/시/군/구),2023,,Yanggu-gun,양구군,명,101,By Administrative District
시군구별,1959,32390,A,Persons,T001,DT_1YL202003E,등록장애인수,등록장애인수(시도/시/군/구),2023,,Inje-gun,인제군,명,101,By Administrative District
시군구별,2230,32400,A,Persons,T001,DT_1YL202003E,등록장애인수,등록장애인수(시도/시/군/구),2023,,Goseong-gun,고성군,명,101,By Administrative District
시군구별,2284,32410,A,Persons,T001,DT_1YL202003E,등록장애인수,등록장애인수(시도/시/군/구),2023,,Yangyang-gun,양양군,명,101,By Administrative District
시군구별,96884,33,A,Persons,T001,DT_1YL202003E,등록장애인수,등록장애인수(시도/시/군/구),2023,,Chungcheongbuk-Do,충청북도,명,101,By Administrative District
시군구별,10636,33010,A,Persons,T001,DT_1YL202003E,등록장애인수,등록장애인수(시도/시/군/구),2023,,Cheongju-si,청주시상당구,명,101,By Administrative District
시군구별,13349,33020,A,Persons,T001,DT_1YL202003E,등록장애인수,등록장애인수(시도/시/군/구),2023,,Chungju-si,충주시,명,101,By Administrative District
시군구별,10225,33030,A,Persons,T001,DT_1YL202003E,등록장애인수,등록장애인수(시도/시/군/구),2023,,Jecheon-si,제천시,명,101,By Administrative District
시군구별,3097,33320,A,Persons,T001,DT_1YL202003E,등록장애인수,등록장애인수(시도/시/군/구),2023,,Boeun-gun,보은군,명,101,By Administrative District
시군구별,4986,33330,A,Persons,T001,DT_1YL202003E,등록장애인수,등록장애인수(시도/시/군/구),2023,,Okcheon-gun,옥천군,명,101,By Administrative District
시군구별,4224,33340,A,Persons,T001,DT_1YL202003E,등록장애인수,등록장애인수(시도/시/군/구),2023,,Yeongdong-gun,영동군,명,101,By Administrative District
시군구별,4555,33350,A,Persons,T001,DT_1YL202003E,등록장애인수,등록장애인수(시도/시/군/구),2023,,Jincheon-gun,진천군,명,101,By Administrative District
시군구별,3619,33360,A,Persons,T001,DT_1YL202003E,등록장애인수,등록장애인수(시도/시/군/구),2023,,Goesan-gun,괴산군,명,101,By Administrative District
시군구별,7285,33370,A,Persons,T001,DT_1YL202003E,등록장애인수,등록장애인수(시도/시/군/구),2023,,Eumseong-gun,음성군,명,101,By Administrative District
시군구별,2683,33380,A,Persons,T001,DT_1YL202003E,등록장애인수,등록장애인수(시도/시/군/구),2023,,Danyang-gun,단양군,명,101,By Administrative District
시군구별,2432,33390,A,Persons,T001,DT_1YL202003E,등록장애인수,등록장애인수(시도/시/군/구),2023,,Jeungpyeong-gun,증평군,명,101,By Administrative District
시군구별,133686,34,A,Persons,T001,DT_1YL202003E,등록장애인수,등록장애인수(시도/시/군/구),2023,,Chungcheongnam-Do,충청남도,명,101,By Administrative District
시군구별,12797,34010,A,Persons,T001,DT_1YL202003E,등록장애인수,등록장애인수(시도/시/군/구),2023,,Cheonan-si,천안시 동남구,명,101,By Administrative District
시군구별,8559,34020,A,Persons,T001,DT_1YL202003E,등록장애인수,등록장애인수(시도/시/군/구),2023,,Gongju-si,공주시,명,101,By Administrative District
시군구별,8623,34030,A,Persons,T001,DT_1YL202003E,등록장애인수,등록장애인수(시도/시/군/구),2023,,Boryeong-si,보령시,명,101,By Administrative District
시군구별,16368,34040,A,Persons,T001,DT_1YL202003E,등록장애인수,등록장애인수(시도/시/군/구),2023,,Asan-si,아산시,명,101,By Administrative District
시군구별,10426,34050,A,Persons,T001,DT_1YL202003E,등록장애인수,등록장애인수(시도/시/군/구),2023,,Seosan-si,서산시,명,101,By Administrative District
시군구별,10085,34060,A,Persons,T001,DT_1YL202003E,등록장애인수,등록장애인수(시도/시/군/구),2023,,Nonsan-si,논산시,명,101,By Administrative District
시군구별,1747,34090,A,Persons,T001,DT_1YL202003E,등록장애인수,등록장애인수(시도/시/군/구),2023,,Gyerong-si,계룡시,명,101,By Administrative District
시군구별,4606,34310,A,Persons,T001,DT_1YL202003E,등록장애인수,등록장애인수(시도/시/군/구),2023,,Geumsan-gun,금산군,명,101,By Administrative District
시군구별,6793,34330,A,Persons,T001,DT_1YL202003E,등록장애인수,등록장애인수(시도/시/군/구),2023,,Buyeo-gun,부여군,명,101,By Administrative District
시군구별,5432,34340,A,Persons,T001,DT_1YL202003E,등록장애인수,등록장애인수(시도/시/군/구),2023,,Seocheon-gun,서천군,명,101,By Administrative District
시군구별,3153,34350,A,Persons,T001,DT_1YL202003E,등록장애인수,등록장애인수(시도/시/군/구),2023,,Cheongyang-gun,청양군,명,101,By Administrative District
시군구별,7297,34360,A,Persons,T001,DT_1YL202003E,등록장애인수,등록장애인수(시도/시/군/구),2023,,Hongseong-gun,홍성군,명,101,By Administrative District
시군구별,7458,34370,A,Persons,T001,DT_1YL202003E,등록장애인수,등록장애인수(시도/시/군/구),2023,,Yesan-gun,예산군,명,101,By Administrative District
시군구별,5272,34380,A,Persons,T001,DT_1YL202003E,등록장애인수,등록장애인수(시도/시/군/구),2023,,Taean-gun,태안군,명,101,By Administrative District
시군구별,10637,34390,A,Persons,T001,DT_1YL202003E,등록장애인수,등록장애인수(시도/시/군/구),2023,,Dangjin-si,당진시,명,101,By Administrative District
시군구별,129964,35,A,Persons,T001,DT_1YL202003E,등록장애인수,등록장애인수(시도/시/군/구),2023,,Jeollabuk-Do,전북특별자치도,명,101,By Administrative District
시군구별,18579,35010,A,Persons,T001,DT_1YL202003E,등록장애인수,등록장애인수(시도/시/군/구),2023,,Jeonju-si,전주시완산구,명,101,By Administrative District
시군구별,17477,35020,A,Persons,T001,DT_1YL202003E,등록장애인수,등록장애인수(시도/시/군/구),2023,,Gunsan-si,군산시,명,101,By Administrative District
시군구별,20261,35030,A,Persons,T001,DT_1YL202003E,등록장애인수,등록장애인수(시도/시/군/구),2023,,Iksan-si,익산시,명,101,By Administrative District
시군구별,9833,35040,A,Persons,T001,DT_1YL202003E,등록장애인수,등록장애인수(시도/시/군/구),2023,,Jeongeup-si,정읍시,명,101,By Administrative District
시군구별,7451,35050,A,Persons,T001,DT_1YL202003E,등록장애인수,등록장애인수(시도/시/군/구),2023,,Namwon-si,남원시,명,101,By Administrative District
시군구별,9140,35060,A,Persons,T001,DT_1YL202003E,등록장애인수,등록장애인수(시도/시/군/구),2023,,Gimje-si,김제시,명,101,By Administrative District
시군구별,8201,35310,A,Persons,T001,DT_1YL202003E,등록장애인수,등록장애인수(시도/시/군/구),2023,,Wanju-gun,완주군,명,101,By Administrative District
시군구별,2739,35320,A,Persons,T001,DT_1YL202003E,등록장애인수,등록장애인수(시도/시/군/구),2023,,Jinan-gun,진안군,명,101,By Administrative District
시군구별,2381,35330,A,Persons,T001,DT_1YL202003E,등록장애인수,등록장애인수(시도/시/군/구),2023,,Muju-gun,무주군,명,101,By Administrative District
시군구별,2296,35340,A,Persons,T001,DT_1YL202003E,등록장애인수,등록장애인수(시도/시/군/구),2023,,Jangsu-gun,장수군,명,101,By Administrative District
시군구별,3058,35350,A,Persons,T001,DT_1YL202003E,등록장애인수,등록장애인수(시도/시/군/구),2023,,Imsil-gun,임실군,명,101,By Administrative District
시군구별,2808,35360,A,Persons,T001,DT_1YL202003E,등록장애인수,등록장애인수(시도/시/군/구),2023,,Sunchang-gun,순창군,명,101,By Administrative District
시군구별,5415,35370,A,Persons,T001,DT_1YL202003E,등록장애인수,등록장애인수(시도/시/군/구),2023,,Gochang-gun,고창군,명,101,By Administrative District
시군구별,4958,35380,A,Persons,T001,DT_1YL202003E,등록장애인수,등록장애인수(시도/시/군/구),2023,,Buan-gun,부안군,명,101,By Administrative District
시군구별,136269,36,A,Persons,T001,DT_1YL202003E,등록장애인수,등록장애인수(시도/시/군/구),2023,,Jeollanam-Do,전라남도,명,101,By Administrative District
시군구별,13598,36010,A,Persons,T001,DT_1YL202003E,등록장애인수,등록장애인수(시도/시/군/구),2023,,Mokpo-si,목포시,명,101,By Administrative District
시군구별,17478,36020,A,Persons,T001,DT_1YL202003E,등록장애인수,등록장애인수(시도/시/군/구),2023,,Yeosu-si,여수시,명,101,By Administrative District
시군구별,15604,36030,A,Persons,T001,DT_1YL202003E,등록장애인수,등록장애인수(시도/시/군/구),2023,,Suncheon-si,순천시,명,101,By Administrative District
시군구별,8379,36040,A,Persons,T001,DT_1YL202003E,등록장애인수,등록장애인수(시도/시/군/구),2023,,Naju-si,나주시,명,101,By Administrative District
시군구별,7786,36060,A,Persons,T001,DT_1YL202003E,등록장애인수,등록장애인수(시도/시/군/구),2023,,Gwangyang-si,광양시,명,101,By Administrative District
시군구별,3940,36310,A,Persons,T001,DT_1YL202003E,등록장애인수,등록장애인수(시도/시/군/구),2023,,Damyang-gun,담양군,명,101,By Administrative District
시군구별,3092,36320,A,Persons,T001,DT_1YL202003E,등록장애인수,등록장애인수(시도/시/군/구),2023,,Gokseong-gun,곡성군,명,101,By Administrative District
시군구별,2564,36330,A,Persons,T001,DT_1YL202003E,등록장애인수,등록장애인수(시도/시/군/구),2023,,Gurye-gun,구례군,명,101,By Administrative District
시군구별,7042,36350,A,Persons,T001,DT_1YL202003E,등록장애인수,등록장애인수(시도/시/군/구),2023,,Goheung-gun,고흥군,명,101,By Administrative District
시군구별,4202,36360,A,Persons,T001,DT_1YL202003E,등록장애인수,등록장애인수(시도/시/군/구),2023,,Boseong-gun,보성군,명,101,By Administrative District
시군구별,5101,36370,A,Persons,T001,DT_1YL202003E,등록장애인수,등록장애인수(시도/시/군/구),2023,,Hwasun-gun,화순군,명,101,By Administrative District
시군구별,3607,36380,A,Persons,T001,DT_1YL202003E,등록장애인수,등록장애인수(시도/시/군/구),2023,,Jangheung-gun,장흥군,명,101,By Administrative District
시군구별,3130,36390,A,Persons,T001,DT_1YL202003E,등록장애인수,등록장애인수(시도/시/군/구),2023,,Gangjin-gun,강진군,명,101,By Administrative District
시군구별,6188,36400,A,Persons,T001,DT_1YL202003E,등록장애인수,등록장애인수(시도/시/군/구),2023,,Haenam-gun,해남군,명,101,By Administrative District
시군구별,4558,36410,A,Persons,T001,DT_1YL202003E,등록장애인수,등록장애인수(시도/시/군/구),2023,,Yeongam-gun,영암군,명,101,By Administrative District
시군구별,6134,36420,A,Persons,T001,DT_1YL202003E,등록장애인수,등록장애인수(시도/시/군/구),2023,,Muan-gun,무안군,명,101,By Administrative District
시군구별,3636,36430,A,Persons,T001,DT_1YL202003E,등록장애인수,등록장애인수(시도/시/군/구),2023,,Hampyeong-gun,함평군,명,101,By Administrative District
시군구별,4885,36440,A,Persons,T001,DT_1YL202003E,등록장애인수,등록장애인수(시도/시/군/구),2023,,Yeonggwang-gun,영광군,명,101,By Administrative District
시군구별,3866,36450,A,Persons,T001,DT_1YL202003E,등록장애인수,등록장애인수(시도/시/군/구),2023,,Jangseong-gun,장성군,명,101,By Administrative District
시군구별,4400,36460,A,Persons,T001,DT_1YL202003E,등록장애인수,등록장애인수(시도/시/군/구),2023,,Wando-gun,완도군,명,101,By Administrative District
시군구별,3044,36470,A,Persons,T001,DT_1YL202003E,등록장애인수,등록장애인수(시도/시/군/구),2023,,Jindo-gun,진도군,명,101,By Administrative District
시군구별,4035,36480,A,Persons,T001,DT_1YL202003E,등록장애인수,등록장애인수(시도/시/군/구),2023,,Sinan-gun,신안군,명,101,By Administrative District
시군구별,177997,37,A,Persons,T001,DT_1YL202003E,등록장애인수,등록장애인수(시도/시/군/구),2023,,Gyeongsangbuk-Do,경상북도,명,101,By Administrative District
시군구별,12589,37010,A,Persons,T001,DT_1YL202003E,등록장애인수,등록장애인수(시도/시/군/구),2023,,Pohang-si,포항시남구,명,101,By Administrative District
시군구별,16360,37020,A,Persons,T001,DT_1YL202003E,등록장애인수,등록장애인수(시도/시/군/구),2023,,Gyeongju-si,경주시,명,101,By Administrative District
시군구별,10594,37030,A,Persons,T001,DT_1YL202003E,등록장애인수,등록장애인수(시도/시/군/구),2023,,Gimcheon-si,김천시,명,101,By Administrative District
시군구별,13295,37040,A,Persons,T001,DT_1YL202003E,등록장애인수,등록장애인수(시도/시/군/구),2023,,An-Dong,안동시,명,101,By Administrative District
시군구별,17083,37050,A,Persons,T001,DT_1YL202003E,등록장애인수,등록장애인수(시도/시/군/구),2023,,Gumi-si,구미시,명,101,By Administrative District
시군구별,8214,37060,A,Persons,T001,DT_1YL202003E,등록장애인수,등록장애인수(시도/시/군/구),2023,,Yeongju-si,영주시,명,101,By Administrative District
시군구별,8440,37070,A,Persons,T001,DT_1YL202003E,등록장애인수,등록장애인수(시도/시/군/구),2023,,Yeongcheon-si,영천시,명,101,By Administrative District
시군구별,9462,37080,A,Persons,T001,DT_1YL202003E,등록장애인수,등록장애인수(시도/시/군/구),2023,,Sangju-si,상주시,명,101,By Administrative District
시군구별,6524,37090,A,Persons,T001,DT_1YL202003E,등록장애인수,등록장애인수(시도/시/군/구),2023,,Mungyeong-si,문경시,명,101,By Administrative District
시군구별,15147,37100,A,Persons,T001,DT_1YL202003E,등록장애인수,등록장애인수(시도/시/군/구),2023,,Gyeongsan-si,경산시,명,101,By Administrative District
시군구별,6013,37320,A,Persons,T001,DT_1YL202003E,등록장애인수,등록장애인수(시도/시/군/구),2023,,Uiseong-gun,의성군,명,101,By Administrative District
시군구별,2781,37330,A,Persons,T001,DT_1YL202003E,등록장애인수,등록장애인수(시도/시/군/구),2023,,Cheongsong-gun,청송군,명,101,By Administrative District
시군구별,1892,37340,A,Persons,T001,DT_1YL202003E,등록장애인수,등록장애인수(시도/시/군/구),2023,,Yeongyang-gun,영양군,명,101,By Administrative District
시군구별,3629,37350,A,Persons,T001,DT_1YL202003E,등록장애인수,등록장애인수(시도/시/군/구),2023,,Yeongdeok-gun,영덕군,명,101,By Administrative District
시군구별,4299,37360,A,Persons,T001,DT_1YL202003E,등록장애인수,등록장애인수(시도/시/군/구),2023,,Cheongdo-gun,청도군,명,101,By Administrative District
시군구별,3229,37370,A,Persons,T001,DT_1YL202003E,등록장애인수,등록장애인수(시도/시/군/구),2023,,Goryeong-gun,고령군,명,101,By Administrative District
시군구별,3977,37380,A,Persons,T001,DT_1YL202003E,등록장애인수,등록장애인수(시도/시/군/구),2023,,Seongju-gun,성주군,명,101,By Administrative District
시군구별,6683,37390,A,Persons,T001,DT_1YL202003E,등록장애인수,등록장애인수(시도/시/군/구),2023,,Chilgok-gun,칠곡군,명,101,By Administrative District
시군구별,5233,37400,A,Persons,T001,DT_1YL202003E,등록장애인수,등록장애인수(시도/시/군/구),2023,,Yecheon-gun,예천군,명,101,By Administrative District
시군구별,3215,37410,A,Persons,T001,DT_1YL202003E,등록장애인수,등록장애인수(시도/시/군/구),2023,,Bonghwa-gun,봉화군,명,101,By Administrative District
시군구별,3970,37420,A,Persons,T001,DT_1YL202003E,등록장애인수,등록장애인수(시도/시/군/구),2023,,Uljin-gun,울진군,명,101,By Administrative District
시군구별,535,37430,A,Persons,T001,DT_1YL202003E,등록장애인수,등록장애인수(시도/시/군/구),2023,,Ulleung-gun,울릉군,명,101,By Administrative District
시군구별,188250,38,A,Persons,T001,DT_1YL202003E,등록장애인수,등록장애인수(시도/시/군/구),2023,,Gyeongsangnam-Do,경상남도,명,101,By Administrative District
시군구별,10704,38010,A,Persons,T001,DT_1YL202003E,등록장애인수,등록장애인수(시도/시/군/구),2023,,Changwon-si,창원시의창구,명,101,By Administrative District
시군구별,17980,38030,A,Persons,T001,DT_1YL202003E,등록장애인수,등록장애인수(시도/시/군/구),2023,,Jinju-si,진주시,명,101,By Administrative District
시군구별,7518,38050,A,Persons,T001,DT_1YL202003E,등록장애인수,등록장애인수(시도/시/군/구),2023,,Tongyeong-si,통영시,명,101,By Administrative District
시군구별,7317,38060,A,Persons,T001,DT_1YL202003E,등록장애인수,등록장애인수(시도/시/군/구),2023,,Sacheon-si,사천시,명,101,By Administrative District
시군구별,25137,38070,A,Persons,T001,DT_1YL202003E,등록장애인수,등록장애인수(시도/시/군/구),2023,,Gimhae-si,김해시,명,101,By Administrative District
시군구별,8848,38080,A,Persons,T001,DT_1YL202003E,등록장애인수,등록장애인수(시도/시/군/구),2023,,Miryang-si,밀양시,명,101,By Administrative District
시군구별,11438,38090,A,Persons,T001,DT_1YL202003E,등록장애인수,등록장애인수(시도/시/군/구),2023,,Geoje-si,거제시,명,101,By Administrative District
시군구별,17149,38100,A,Persons,T001,DT_1YL202003E,등록장애인수,등록장애인수(시도/시/군/구),2023,,Yangsan-si,양산시,명,101,By Administrative District
시군구별,2826,38310,A,Persons,T001,DT_1YL202003E,등록장애인수,등록장애인수(시도/시/군/구),2023,,Uiryeong-gun,의령군,명,101,By Administrative District
시군구별,4973,38320,A,Persons,T001,DT_1YL202003E,등록장애인수,등록장애인수(시도/시/군/구),2023,,Haman-gun,함안군,명,101,By Administrative District
시군구별,5333,38330,A,Persons,T001,DT_1YL202003E,등록장애인수,등록장애인수(시도/시/군/구),2023,,Changnyeong-gun,창녕군,명,101,By Administrative District
시군구별,4547,38340,A,Persons,T001,DT_1YL202003E,등록장애인수,등록장애인수(시도/시/군/구),2023,,Goseong-gun,고성군,명,101,By Administrative District
시군구별,4079,38350,A,Persons,T001,DT_1YL202003E,등록장애인수,등록장애인수(시도/시/군/구),2023,,Namhae-gun,남해군,명,101,By Administrative District
시군구별,4278,38360,A,Persons,T001,DT_1YL202003E,등록장애인수,등록장애인수(시도/시/군/구),2023,,Ha-Dong,하동군,명,101,By Administrative District
시군구별,3356,38370,A,Persons,T001,DT_1YL202003E,등록장애인수,등록장애인수(시도/시/군/구),2023,,Sancheong-gun,산청군,명,101,By Administrative District
시군구별,3648,38380,A,Persons,T001,DT_1YL202003E,등록장애인수,등록장애인수(시도/시/군/구),2023,,Hamyang-gun,함양군,명,101,By Administrative District
시군구별,5018,38390,A,Persons,T001,DT_1YL202003E,등록장애인수,등록장애인수(시도/시/군/구),2023,,Geochang-gun,거창군,명,101,By Administrative District
시군구별,4584,38400,A,Persons,T001,DT_1YL202003E,등록장애인수,등록장애인수(시도/시/군/구),2023,,Hapcheon-gun,합천군,명,101,By Administrative District
시군구별,36899,39,A,Persons,T001,DT_1YL202003E,등록장애인수,등록장애인수(시도/시/군/구),2023,,Jeju-Do,제주도,명,101,By Administrative District
시군구별,25502,39010,A,Persons,T001,DT_1YL202003E,등록장애인수,등록장애인수(시도/시/군/구),2023,,Jeju-si,제주시,명,101,By Administrative District
시군구별,11397,39020,A,Persons,T001,DT_1YL202003E,등록장애인수,등록장애인수(시도/시/군/구),2023,,Seogwipo-si,서귀포시,명,101,By Administrative District
시군구별,13713,4,A,Persons,T001,DT_1YL202003E,등록장애인수,등록장애인수(시도/시/군/구),2023,,,성남시분당구,명,101,By Administrative District
시군구별,15165,40,A,Persons,T001,DT_1YL202003E,등록장애인수,등록장애인수(시도/시/군/구),2023,,,수원시권선구,명,101,By Administrative District
시군구별,8958,41,A,Persons,T001,DT_1YL202003E,등록장애인수,등록장애인수(시도/시/군/구),2023,,,수원시팔달구,명,101,By Administrative District
시군구별,9017,42,A,Persons,T001,DT_1YL202003E,등록장애인수,등록장애인수(시도/시/군/구),2023,,,수원시영통구,명,101,By Administrative District
시군구별,10871,43,A,Persons,T001,DT_1YL202003E,등록장애인수,등록장애인수(시도/시/군/구),2023,,,성남시중원구,명,101,By Administrative District
시군구별,10252,44,A,Persons,T001,DT_1YL202003E,등록장애인수,등록장애인수(시도/시/군/구),2023,,,안양시동안구,명,101,By Administrative District
시군구별,15589,45,A,Persons,T001,DT_1YL202003E,등록장애인수,등록장애인수(시도/시/군/구),2023,,,안산시단원구,명,101,By Administrative District
시군구별,11001,46,A,Persons,T001,DT_1YL202003E,등록장애인수,등록장애인수(시도/시/군/구),2023,,,고양시일산동구,명,101,By Administrative District
시군구별,10563,47,A,Persons,T001,DT_1YL202003E,등록장애인수,등록장애인수(시도/시/군/구),2023,,,고양시일산서구,명,101,By Administrative District
시군구별,14859,48,A,Persons,T001,DT_1YL202003E,등록장애인수,등록장애인수(시도/시/군/구),2023,,,용인시기흥구,명,101,By Administrative District
시군구별,9133,49,A,Persons,T001,DT_1YL202003E,등록장애인수,등록장애인수(시도/시/군/구),2023,,,용인시수지구,명,101,By Administrative District
시군구별,9957,50,A,Persons,T001,DT_1YL202003E,등록장애인수,등록장애인수(시도/시/군/구),2023,,,청주시서원구,명,101,By Administrative District
시군구별,10963,51,A,Persons,T001,DT_1YL202003E,등록장애인수,등록장애인수(시도/시/군/구),2023,,,청주시흥덕구,명,101,By Administrative District
시군구별,8873,52,A,Persons,T001,DT_1YL202003E,등록장애인수,등록장애인수(시도/시/군/구),2023,,,청주시청원구,명,101,By Administrative District
시군구별,14433,53,A,Persons,T001,DT_1YL202003E,등록장애인수,등록장애인수(시도/시/군/구),2023,,,천안시 서북구,명,101,By Administrative District
시군구별,15367,54,A,Persons,T001,DT_1YL202003E,등록장애인수,등록장애인수(시도/시/군/구),2023,,,전주시덕진구,명,101,By Administrative District
시군구별,14833,55,A,Persons,T001,DT_1YL202003E,등록장애인수,등록장애인수(시도/시/군/구),2023,,,포항시북구,명,101,By Administrative District
시군구별,8777,56,A,Persons,T001,DT_1YL202003E,등록장애인수,등록장애인수(시도/시/군/구),2023,,,창원시성산구,명,101,By Administrative District
시군구별,11085,57,A,Persons,T001,DT_1YL202003E,등록장애인수,등록장애인수(시도/시/군/구),2023,,,창원시마산합포구,명,101,By Administrative District
시군구별,10555,58,A,Persons,T001,DT_1YL202003E,등록장애인수,등록장애인수(시도/시/군/구),2023,,,창원시마산회원구,명,101,By Administrative District
시군구별,9100,59,A,Persons,T001,DT_1YL202003E,등록장애인수,등록장애인수(시도/시/군/구),2023,,,창원시진해구,명,101,By Administrative District
