연도,지역,자치단체,세부사업명,예산현액,국비,시도비,시군구비,지출액,집행잔액
2022,서울,본청,저상버스 도입,53949500000,22109720000,31839780000,0,45074420000,8875080000
2022,서울,본청,저상버스 도입(시비),2428800000,0,2428800000,0,2428800000,0
2022,부산,본청,저상버스 도입보조,17169000000,8584500000,8584500000,0,11479000000,5690000000
2022,부산,본청,무가선 저상트램 실증사업(국가직접지원),7000000000,0,0,0,0,7000000000
2022,대구,본청,저상버스 도입,9390332000,2990000000,6400332000,0,8628115150,762216850
2022,인천,본청,저상버스 도입보조,6436000000,3218000000,3218000000,0,4508000000,1928000000
2022,광주,본청,저상버스도입(보조),5342000000,2346000000,2996000000,0,4232000000,1110000000
2022,광주,본청,저상버스도입(자체),2280000,0,2280000,0,1246400,1033600
2022,대전,본청,저상버스 구입 보조,8372000000,4186000000,4186000000,0,5888000000,2484000000
2022,울산,본청,저상버스 구입 보조,1196000000,598000000,598000000,0,1196000000,0
2022,세종,본청,저상버스 도입,2116000000,1058000000,1058000000,0,1472000000,644000000
2022,경기,본청,2층 저상버스 보급 지원(국비/지원),1242000000,828000000,414000000,0,1242000000,0
2022,경기,본청,저상버스 구입비 지원(국비/지원),47931425000,41679500000,6251925000,0,47931425000,0
2022,경기,본청,저상버스 운영비 지원(자체/지원),1537000000,0,1537000000,0,1155250000,381750000
2022,경기,수원시,저상버스 도입(국비),9236000000,4618000000,692700000,3925300000,7084000000,2152000000
2022,경기,수원시,저상버스 운영비 지원(도비),1280000000,0,128000000,1152000000,955000000,325000000
2022,경기,성남시,저상버스 도입보조,9016000000,4508000000,676200000,3831800000,7544000000,1472000000
2022,경기,성남시,저상버스 운영지원,465000000,0,46500000,418500000,362500000,102500000
2022,경기,고양시,저상버스 도입 보조 지원,5261000000,2438000000,481200000,2341800000,4902500000,358500000
2022,경기,용인시,2층 저상버스 보급 지원,1012000000,506000000,253000000,253000000,1012000000,0
2022,경기,용인시,저상버스 도입보조,2208000000,1104000000,165600000,938400000,2208000000,0
2022,경기,용인시,저상버스 운영비 지원사업,150000000,0,15000000,135000000,147500000,2500000
2022,경기,부천시,저상버스 도입보조,11451000000,5725500000,858825000,4866675000,11132000000,319000000
2022,경기,부천시,저상버스 운영지원,1005000000,0,301500000,703500000,890000000,115000000
2022,경기,안산시,저상버스도입지원,3540000000,1770000000,265500000,1504500000,368000000,3172000000
2022,경기,안양시,저상버스 도입보조,3029000000,1514500000,227175000,1287325000,3029000000,0
2022,경기,안양시,저상버스 운영보조,350000000,0,105000000,245000000,350000000,0
2022,경기,남양주시,저상버스 도입비 지원,2300000000,1150000000,172500000,977500000,2024000000,276000000
2022,경기,남양주시,저상버스 운영비 지원,235000000,0,94000000,141000000,120000000,115000000
2022,경기,화성시,2층 저상버스 보급 지원,1380000000,690000000,345000000,345000000,1380000000,0
2022,경기,화성시,저상버스 구입비 지원,4232000000,2116000000,317400000,1798600000,3128000000,1104000000
2022,경기,화성시,저상버스 운영비 지원,185000000,0,18500000,166500000,95000000,90000000
2022,경기,평택시,저상버스 구입비 지원(국비),3680000000,1840000000,276000000,1564000000,3680000000,0
2022,경기,평택시,저상버스 운영지원(도비),215000000,0,43000000,172000000,77500000,137500000
2022,경기,시흥시,저상버스 도입,920000000,460000000,69000000,391000000,920000000,0
2022,경기,시흥시,저상버스 운영 지원,90000000,0,18000000,72000000,62500000,27500000
2022,경기,파주시,저상버스 구입 보조,4876000000,2438000000,365700000,2072300000,4876000000,0
2022,경기,파주시,저상버스 운영 지원,360000000,0,144000000,216000000,217500000,142500000
2022,경기,광명시,저상버스 구입비 지원,6195000000,3097500000,464625000,2632875000,5275000000,920000000
2022,경기,광명시,저상버스 운영비 지원,10000000,0,3000000,7000000,10000000,0
2022,경기,김포시,저상버스 도입보조,1840000000,920000000,138000000,782000000,1380000000,460000000
2022,경기,김포시,저상버스 운영비 지원,250000000,0,50000000,200000000,205000000,45000000
2022,경기,군포시,저상버스 구입비 지원(국도시),2442000000,1221000000,183150000,1037850000,2411100000,30900000
2022,경기,광주시,저상버스 도입·운영비,450000000,0,180000000,270000000,337500000,112500000
2022,경기,이천시,저상버스 구입비 지원(보조),920000000,460000000,69000000,391000000,920000000,0
2022,경기,양주시,저상버스 구입비 지원,1932000000,966000000,144900000,821100000,1012000000,920000000
2022,경기,양주시,저상버스 운영비 지원,105000000,0,42000000,63000000,85000000,20000000
2022,경기,오산시,저상버스 도입 지원비,2760000000,1380000000,207000000,1173000000,2760000000,0
2022,경기,오산시,저상버스 운영비 지원,10000000,0,3000000,7000000,10000000,0
2022,경기,구리시,저상버스 구입비 지원,1196000000,598000000,89700000,508300000,975200000,220800000
2022,경기,구리시,저상버스 운영비 지원사업,65000000,0,19500000,45500000,15000000,50000000
2022,경기,안성시,저상버스 도입 보조,1472000000,736000000,110400000,625600000,1472000000,0
2022,경기,안성시,저상버스 운영 지원금,25000000,0,10000000,15000000,25000000,0
2022,경기,포천시,2층 저상버스 보급 지원 사업,0,0,0,0,0,0
2022,경기,포천시,저상버스 도입 보조,255000000,127500000,19125000,108375000,0,255000000
2022,경기,포천시,저상버스 운영 지원,105000000,0,52500000,52500000,97500000,7500000
2022,경기,의왕시,저상버스 구입비 지원,2024000000,1012000000,151800000,860200000,1748000000,276000000
2022,경기,여주시,저상버스 도입 지원사업,276000000,138000000,20700000,117300000,276000000,0
2022,경기,과천시,저상버스 구입비 지원(국비),276000000,138000000,20700000,117300000,184000000,92000000
2022,경기,양평군,저상버스 구입비 지원(보조),368000000,184000000,27600000,156400000,0,368000000
2022,강원,본청,저상버스 도입보조(국고),1062750000,817500000,245250000,0,1062750000,0
2022,강원,춘천시,저상버스 도입지원,2409600000,368000000,110400000,1931200000,903012660,1506587340
2022,강원,강릉시,저상버스 도입지원,920000000,460000000,138000000,322000000,920000000,0
2022,강원,속초시,저상버스 도입보조사업,0,0,0,0,0,0
2022,강원,삼척시,저상버스 도입보조,126000000,0,0,126000000,126000000,0
2022,강원,삼척시,저상버스 도입보조(국고),184000000,92000000,27600000,64400000,184000000,0
2022,충북,본청,저상버스 도입보조,2892200000,1104000000,1788200000,0,2892200000,0
2022,충북,청주시,저상버스도입 보조,828000000,414000000,207000000,207000000,644000000,184000000
2022,충북,충주시,수소저상버스 구입지원(국토부),2712800000,184000000,1264400000,1264400000,1726621110,986178890
2022,충북,충주시,수소저상버스 구입지원(환경부),600000000,600000000,0,0,358209780,241790220
2022,충남,본청,저상버스 도입 지원,1564000000,1564000000,0,0,1564000000,0
2022,충남,천안시,저상버스 구입비 보조,1995000000,690000000,0,1305000000,1905000000,90000000
2022,충남,공주시,전기저상버스 도입지원(국토교통부),184000000,92000000,0,92000000,0,184000000
2022,충남,공주시,전기저상버스 도입지원(환경부),564000000,210000000,150000000,204000000,0,564000000
2022,충남,보령시,저상버스 구입,446000000,223000000,0,223000000,357499500,88500500
2022,충남,아산시,저상버스 도입운영,1495000000,590000000,0,905000000,732165740,762834260
2022,충남,서산시,"시내버스(공영, 저상) 도입 지원",376785000,0,44776000,332009000,166785000,210000000
2022,충남,계룡시,시내버스 대폐차(저상버스) 보조금 지원사업,184000000,92000000,0,92000000,184000000,0
2022,충남,당진시,저상버스 도입 지원,679206000,184000000,0,495206000,665543970,13662030
2022,전북,본청,저상버스 도입비 지원,2659500000,1773000000,886500000,0,2659500000,0
2022,전북,본청,저상버스 운영비 지원,300000000,0,300000000,0,300000000,0
2022,전북,전주시,교통약자 저상버스 운영,620000000,0,195000000,425000000,590862700,29137300
2022,전북,전주시,저상버스 도입보조,2635200000,1317600000,658800000,658800000,1113200000,1522000000
2022,전북,전주시,저상버스 승강장 시설개선,141000000,0,36000000,105000000,139989020,1010980
2022,전북,군산시,교통약자 이동편의 증진사업(저상버스 운영),195000000,0,54000000,141000000,194438000,562000
2022,전북,군산시,저상버스 도입보조,828000000,414000000,207000000,207000000,736000000,92000000
2022,전북,군산시,저상버스 승강장 시설개선 사업,120000000,0,36000000,84000000,116822220,3177780
2022,전북,익산시,저상버스 운영비 지원,160000000,0,48000000,112000000,160000000,0
2022,전북,익산시,저상버스도입 보조,276000000,138000000,69000000,69000000,92000000,184000000
2022,전북,김제시,저상버스 도입보조(보조),276000000,138000000,69000000,69000000,0,276000000
2022,전북,완주군,저상버스 승강장 개선,30000000,0,9000000,21000000,0,30000000
2022,전북,부안군,저상버스 지원,120000000,0,0,120000000,120000000,0
2022,전남,본청,교통약자용 저상버스 구입,2675250000,1783500000,891750000,0,2675250000,0
2022,전남,목포시,저상버스 도입 보조사업,432000000,0,0,432000000,426000000,6000000
2022,전남,여수시,저상버스 구입,920000000,460000000,230000000,230000000,552000000,368000000
2022,전남,순천시,교통약자용 저상버스 구입,1303500000,736000000,368000000,199500000,406500000,897000000
2022,전남,나주시,중형 저상버스 도입 지원사업(국토부),425000000,212500000,106250000,106250000,0,425000000
2022,전남,광양시,저상버스 구입 및 운영 지원,959000000,449500000,224750000,284750000,888000000,71000000
2022,전남,구례군,저상버스 구입 지원,0,0,0,0,0,0
2022,전남,영광군,저상버스 도입지원,258000000,92000000,46000000,120000000,0,258000000
2022,경북,본청,교통약자를위한저상버스구입지원,2083900000,1603000000,480900000,0,2024100000,59800000
2022,경북,포항시,교통약자를위한 저상버스 구입지원<보조>,1840000000,920000000,276000000,644000000,1840000000,0
2022,경북,경주시,교통약자를 위한 저상버스 구입지원,368000000,92000000,27600000,248400000,368000000,0
2022,경북,경주시,저상버스운영비지원,120000000,0,36000000,84000000,120000000,0
2022,경북,김천시,저상버스 운영지원,135000000,0,40500000,94500000,135000000,0
2022,경북,안동시,[도]저상버스운영비지원,75000000,0,22500000,52500000,75000000,0
2022,경북,구미시,저상버스도입보조,184000000,92000000,27600000,64400000,92000000,92000000
2022,경북,영주시,(국)교통약자를 위한 저상버스 구입지원,188186000,88000000,30056000,70130000,0,188186000
2022,경북,영천시,국)교통약자를위한저상버스구입지원,1528000000,368000000,110400000,1049600000,1528000000,0
2022,경북,상주시,[국]교통약자를위한저상버스구입지원,170000000,85000000,25500000,59500000,78000000,92000000
2022,경북,상주시,[국]저상버스 구입지원,94093000,44000000,15028000,35065000,94093000,0
2022,경북,문경시,[국비]저상버스 구입지원,94093000,44000000,15028000,35065000,0,94093000
2022,경북,경산시,(국비보조)교통약자를 위한 저상버스 구입지원,92000000,46000000,13800000,32200000,92000000,0
2022,경북,경산시,(도비보조)저상버스 운영비 지원,180000000,0,54000000,126000000,180000000,0
2022,경남,본청,저상버스 운영손실보상금 지원,413700000,0,413700000,0,413700000,0
2022,경남,진주시,저상버스 구입지원,2576000000,1288000000,644000000,644000000,2392000000,184000000
2022,경남,진주시,저상버스 재정지원,49000000,0,14700000,34300000,49000000,0
2022,경남,통영시,저상버스 운영손실금 보조,260000000,0,27300000,232700000,260000000,0
2022,경남,사천시,저상버스(전기차) 구입 지원,460000000,230000000,115000000,115000000,460000000,0
2022,경남,김해시,저상버스 운영,2379904000,1012000000,629078000,738826000,2329349000,50555000
2022,경남,밀양시,저상버스 도입운영,42000000,0,12600000,29400000,42000000,0
2022,경남,거제시,내도 해저상수관로 재해복구사업,73722000,36861000,14744000,22117000,8900000,64822000
2022,경남,거제시,저상버스 운영손실금 지원,7507000,0,6300000,1207000,7506840,160
2022,경남,거제시,지심도 해저상수관로 재해복구사업,214769000,107384000,42954000,64431000,0,214769000
2022,경남,양산시,저상버스 도입보조,1472000000,736000000,368000000,368000000,1472000000,0
2022,경남,양산시,저상버스 운영손실금 보조,168000000,0,50400000,117600000,168000000,0
2022,경남,함안군,전기 저상버스 구입비 지원,184000000,92000000,46000000,46000000,170000000,14000000
2022,경남,창녕군,저상버스 운영비 지원,0,0,0,0,0,0
2022,경남,거창군,전기저상 공영버스 구입(대폐차),1239000000,307800000,100212500,830987500,870260000,368740000
2022,제주,본청,저상버스 도입 지원,4104000000,1104000000,0,0,1567920000,2536080000
2023,서울,본청,저상버스 도입,74009200000,29560272000,44448928000,0,40382600000,33626600000
2023,부산,본청,저상버스 도입보조,28747000000,14373500000,14373500000,0,16992000000,11755000000
2023,부산,본청,무가선 저상트램 실증사업(국가직접지원),7000000000,0,0,0,7000000000,0
2023,대구,본청,저상버스 도입,14870216000,5704000000,9166216000,0,9781355330,5088860670
2023,인천,본청,저상버스 도입보조,18186000000,9093000000,9093000000,0,9752000000,8434000000
2023,광주,본청,저상버스도입(보조),9169000000,4140000000,5029000000,0,8466350000,702650000
2023,광주,본청,저상버스도입(자체),2020000,0,2020000,0,1516000,504000
2023,대전,본청,저상버스 구입 보조,7630000000,3815000000,3815000000,0,5182000000,2448000000
2023,울산,본청,저상버스 구입 보조,4232000000,2116000000,2116000000,0,2116000000,2116000000
2023,세종,본청,저상버스 도입,6900000000,3450000000,3450000000,0,2576000000,4324000000
2023,경기,본청,2층 저상버스 보급 지원(국비/지원),2714000000,1840000000,874000000,0,2714000000,0
2023,경기,본청,저상버스 도입보조(국비/지원),111596575000,97040500000,14556075000,0,111596575000,0
2023,경기,본청,저상버스 운영비 지원(자체/지원),1030500000,0,1030500000,0,856250000,174250000
2023,경기,수원시,2층 저상버스 도입(국비),1380000000,736000000,322000000,322000000,1380000000,0
2023,경기,수원시,저상버스 도입(국비),13176700000,6377849600,956850400,5842000000,7820000000,5356700000
2023,경기,수원시,저상버스 운영비 지원(도비),1280000000,0,128000000,1152000000,772500000,507500000
2023,경기,성남시,저상버스 도입보조,18938000000,9469000000,1420350000,8048650000,11316000000,7622000000
2023,경기,성남시,저상버스 운영지원,385000000,0,38500000,346500000,282500000,102500000
2023,경기,고양시,2층 저상버스 보급 지원,460000000,230000000,115000000,115000000,460000000,0
2023,경기,고양시,저상버스 도입 보조 지원,19329000000,9522000000,1513800000,8293200000,15463500000,3865500000
2023,경기,용인시,2층 저상버스 보급 지원,460000000,230000000,115000000,115000000,460000000,0
2023,경기,용인시,저상버스 도입보조,14260000000,7130000000,1069500000,6060500000,13800000000,460000000
2023,경기,용인시,저상버스 운영비 지원사업,147500000,0,14750000,132750000,147500000,0
2023,경기,부천시,저상버스 도입보조,21160000000,10580000000,1587000000,8993000000,14076000000,7084000000
2023,경기,부천시,저상버스 운영지원,820000000,0,246000000,574000000,720000000,100000000
2023,경기,안산시,2층저상버스도입지원,276000000,138000000,69000000,69000000,276000000,0
2023,경기,안산시,저상버스도입지원,12880000000,6440000000,966000000,5474000000,2668000000,10212000000
2023,경기,안양시,저상버스 도입보조,18492000000,9246000000,1386900000,7859100000,6992000000,11500000000
2023,경기,안양시,저상버스 운영보조,312500000,0,62500000,250000000,275000000,37500000
2023,경기,남양주시,저상버스 도입비 지원,7439000000,3719500000,557925000,3161575000,4509000000,2930000000
2023,경기,남양주시,저상버스 운영비 지원,112500000,0,45000000,67500000,102500000,10000000
2023,경기,화성시,2층 저상버스 보급 지원,368000000,184000000,92000000,92000000,368000000,0
2023,경기,화성시,저상버스 도입비 지원,13560000000,6780000000,1017000000,5763000000,4048000000,9512000000
2023,경기,화성시,저상버스 운영비 지원,130000000,0,13000000,117000000,130000000,0
2023,경기,평택시,2층 저상버스 보급 지원(국비),92000000,46000000,23000000,23000000,92000000,0
2023,경기,평택시,저상버스 구입비 지원(국비),8648000000,4324000000,648600000,3675400000,7268000000,1380000000
2023,경기,평택시,저상버스 운영지원(도비),147500000,0,29500000,118000000,112500000,35000000
2023,경기,시흥시,저상버스 도입,1380000000,690000000,103500000,586500000,0,1380000000
2023,경기,시흥시,저상버스 운영 지원,52500000,0,10500000,42000000,37500000,15000000
2023,경기,파주시,저상버스 구입 보조,10580000000,5290000000,793500000,4496500000,4002000000,6578000000
2023,경기,파주시,저상버스 운영 지원,162500000,0,65000000,97500000,50000000,112500000
2023,경기,광명시,저상버스 구입비 지원,3801000000,1900500000,285075000,1615425000,2725000000,1076000000
2023,경기,광명시,저상버스 운영비 지원,10000000,0,3000000,7000000,10000000,0
2023,경기,김포시,저상버스 도입보조,4876000000,2438000000,365700000,2072300000,460000000,4416000000
2023,경기,김포시,저상버스 운영비 지원,227500000,0,45500000,182000000,147500000,80000000
2023,경기,군포시,저상버스 구입비 지원(국도시),5075000000,2537500000,380625000,2156875000,3362000000,1713000000
2023,경기,광주시,저상버스 도입·운영비,6170500000,2944000000,554600000,2671900000,6093000000,77500000
2023,경기,이천시,저상버스 구입비 지원(보조),1472000000,736000000,110400000,625600000,1472000000,0
2023,경기,이천시,저상버스 운영비 지원(보조),0,0,0,0,0,0
2023,경기,이천시,"저상버스 운영비 지원(자치단체간부담금, 광주시)",0,0,0,0,0,0
2023,경기,양주시,저상버스 구입비 지원,5704000000,2852000000,427800000,2424200000,2760000000,2944000000
2023,경기,양주시,저상버스 운영비 지원,80000000,0,32000000,48000000,75000000,5000000
2023,경기,오산시,2층 저상버스 도입지원비,368000000,184000000,92000000,92000000,368000000,0
2023,경기,오산시,저상버스 도입 지원비,3680000000,1840000000,276000000,1564000000,2484000000,1196000000
2023,경기,오산시,저상버스 운영비 지원,10000000,0,3000000,7000000,10000000,0
2023,경기,구리시,저상버스 구입비 지원,2888800000,1444400000,216660000,1227740000,2060800000,828000000
2023,경기,구리시,저상버스 운영비 지원사업,5000000,0,1500000,3500000,5000000,0
2023,경기,안성시,2층 저상버스 보급 지원,92000000,46000000,23000000,23000000,92000000,0
2023,경기,안성시,저상버스 도입 보조,1840000000,920000000,138000000,782000000,1840000000,0
2023,경기,안성시,저상버스 운영 지원금,25000000,0,10000000,15000000,25000000,0
2023,경기,포천시,저상버스 도입 보조,439000000,219500000,32925000,186575000,255000000,184000000
2023,경기,포천시,저상버스 운영 지원,105000000,0,52500000,52500000,92500000,12500000
2023,경기,의왕시,저상버스 구입비 지원,2024000000,1012000000,151800000,860200000,1196000000,828000000
2023,경기,여주시,저상버스 도입 지원사업,644000000,322000000,48300000,273700000,460000000,184000000
2023,경기,동두천시,저상버스 지원,736000000,368000000,55200000,312800000,736000000,0
2023,경기,과천시,저상버스 구입비 지원(국비),1932000000,966000000,144900000,821100000,1288000000,644000000
2023,경기,양평군,저상버스 구입비 지원(보조),1012000000,506000000,75900000,430100000,368000000,644000000
2023,경기,가평군,저상버스 도입,92000000,42500000,6375000,43125000,0,92000000
2023,강원,본청,저상버스 도입보조(국고),2967250000,2282500000,684750000,0,2967250000,0
2023,강원,춘천시,저상버스 도입지원,7628362000,1104000000,331200000,6193162000,6375917600,1252444400
2023,강원,원주시,저상버스 도입 보조(국고),1564000000,782000000,234600000,547400000,539000000,1025000000
2023,강원,강릉시,저상버스 도입지원,920000000,460000000,138000000,322000000,644000000,276000000
2023,강원,속초시,저상버스 도입,0,0,0,0,0,0
2023,강원,홍천군,저상버스 도입보조,184000000,92000000,27600000,64400000,184000000,0
2023,강원,평창군,저상버스도입 보조사업 (보조),0,0,0,0,0,0
2023,강원,양구군,저상버스 도입보조 사업,0,0,0,0,0,0
2023,충북,본청,저상버스 도입보조,9385000000,3634000000,5751000000,0,9385000000,0
2023,충북,청주시,저상버스도입 보조,920000000,460000000,230000000,230000000,920000000,0
2023,충북,충주시,수소저상 시내버스 긴급대체운행,68000000,0,0,68000000,54081000,13919000
2023,충북,충주시,수소저상버스 구입지원(국토부),1280000000,184000000,548000000,548000000,1256422400,23577600
2023,충북,충주시,수소저상버스 구입지원(환경부),840000000,840000000,0,0,840000000,0
2023,충북,충주시,전기저상버스 구입지원(국토부),1280000000,184000000,292000000,804000000,0,1280000000
2023,충북,충주시,전기저상버스 구입지원(환경부),280000000,280000000,0,0,0,280000000
2023,충남,본청,저상버스 도입 지원,4278000000,4278000000,0,0,4278000000,0
2023,충남,천안시,저상버스 구입비 보조,5334000000,2208000000,0,3126000000,3444000000,1890000000
2023,충남,공주시,전기저상버스 도입지원(국토교통부),736000000,368000000,0,368000000,736000000,0
2023,충남,공주시,전기저상버스 도입지원(환경부),564000000,210000000,150000000,204000000,397860000,166140000
2023,충남,보령시,저상버스 구입,552000000,276000000,0,276000000,552000000,0
2023,충남,아산시,시내버스 저상버스 도입운영,2505820000,1150000000,0,1355820000,2505820000,0
2023,충남,서산시,"시내버스(공영, 저상) 도입 지원(보조)",0,0,0,0,0,0
2023,충남,서산시,"시내버스(공영, 저상) 도입 지원(자체)",0,0,0,0,0,0
2023,충남,논산시,저상버스 도입 지원,368000000,184000000,0,184000000,368000000,0
2023,충남,계룡시,시내버스 대폐차(저상버스) 보조금 지원사업,276000000,138000000,0,138000000,276000000,0
2023,충남,당진시,저상버스 도입 지원,552000000,276000000,0,276000000,552000000,0
2023,충남,서천군,저상버스 도입지원 사업,92000000,46000000,0,46000000,0,92000000
2023,충남,청양군,저상버스 도입지원,0,0,0,0,0,0
2023,충남,태안군,저상버스 운영 지원,0,0,0,0,0,0
2023,전북,본청,교통약자이용 저상버스 승강장 시설 개선사업,94500000,0,94500000,0,94500000,0
2023,전북,본청,저상버스 도입비 지원,5313000000,3542000000,1771000000,0,5313000000,0
2023,전북,본청,저상버스 운영비 지원,278400000,0,278400000,0,276000000,2400000
2023,전북,전주시,교통약자 저상버스 운영,588000000,0,176400000,411600000,535713000,52287000
2023,전북,전주시,저상버스 도입보조,5202000000,2601000000,1300500000,1300500000,4692000000,510000000
2023,전북,전주시,저상버스 승강장 시설개선,135000000,0,40500000,94500000,135000000,0
2023,전북,군산시,교통약자 이동편의 증진사업(저상버스 운영),176000000,0,52800000,123200000,176000000,0
2023,전북,군산시,저상버스 도입보조,2024000000,1012000000,506000000,506000000,2024000000,0
2023,전북,군산시,저상버스 승강장 시설개선 사업,90000000,0,27000000,63000000,84408240,5591760
2023,전북,익산시,저상버스 운영비 지원,132000000,0,39600000,92400000,132000000,0
2023,전북,익산시,저상버스도입 보조,1196000000,598000000,299000000,299000000,828000000,368000000
2023,전북,정읍시,전기저상버스 도입(환경부),0,0,0,0,0,0
2023,전북,김제시,저상버스 도입보조(보조),552000000,276000000,138000000,138000000,0,552000000
2023,전북,김제시,저상버스 운영(보조),15000000,0,4500000,10500000,0,15000000
2023,전북,완주군,저상버스 승강장 개선,57145800,0,17143740,40002060,54277020,2868780
2023,전북,무주군,저상버스 승강장 시설개선사업,15000000,0,4500000,10500000,15000000,0
2023,전북,부안군,저상버스 지원,890000000,230000000,115000000,545000000,778000000,112000000
2023,전남,본청,교통약자용 저상버스 구입,4278000000,2852000000,1426000000,0,4278000000,0
2023,전남,목포시,저상버스 도입 보조사업,362000000,0,0,362000000,362000000,0
2023,전남,여수시,저상버스 구입비 지원,2300000000,1150000000,575000000,575000000,920000000,1380000000
2023,전남,순천시,교통약자용 저상버스 구입,644000000,322000000,161000000,161000000,276000000,368000000
2023,전남,나주시,중형 저상버스 도입 지원사업(국토부),460000000,230000000,115000000,115000000,0,460000000
2023,전남,광양시,저상버스 구입 및 운영 지원,1112000000,506000000,253000000,353000000,652000000,460000000
2023,전남,구례군,저상버스 구입 지원,0,0,0,0,0,0
2023,전남,보성군,저상버스(농어촌버스) 도입 지원사업(국비),184000000,92000000,46000000,46000000,0,184000000
2023,전남,화순군,저상버스 도입 지원,644000000,322000000,161000000,161000000,644000000,0
2023,전남,영암군,저상버스 도입,85000000,42500000,21250000,21250000,0,85000000
2023,전남,영광군,저상버스 도입지원,1188000000,552000000,276000000,360000000,733600000,454400000
2023,전남,완도군,저상버스 도입 지원사업,184000000,92000000,46000000,46000000,0,184000000
2023,경북,본청,교통약자를위한저상버스구입지원,2332200000,1794000000,538200000,0,2332200000,0
2023,경북,포항시,교통약자를위한저상버스구입지원<보조>,920000000,460000000,138000000,322000000,920000000,0
2023,경북,포항시,교통약자이동편의증진지원(저상버스운영지원)<보조>,530000000,0,159000000,371000000,520000000,10000000
2023,경북,경주시,(국비)교통약자를 위한 저상버스 구입지원,460000000,230000000,69000000,161000000,460000000,0
2023,경북,경주시,(도비)저상버스운영비지원,125000000,0,37500000,87500000,125000000,0
2023,경북,김천시,저상버스 운영지원,135000000,0,40500000,94500000,135000000,0
2023,경북,안동시,[도]저상버스운영비지원,80000000,0,24000000,56000000,80000000,0
2023,경북,구미시,저상버스도입보조,184000000,92000000,27600000,64400000,0,184000000
2023,경북,영천시,국)교통약자를위한저상버스구입지원,1106000000,276000000,82800000,747200000,1106000000,0
2023,경북,상주시,[국]교통약자를위한저상버스구입지원,411000000,138000000,41400000,231600000,411000000,0
2023,경북,문경시,[국비]교통약자를 위한 저상버스 구입 지원,272000000,92000000,27600000,152400000,244000000,28000000
2023,경북,경산시,(국비보조)교통약자를 위한 저상버스 구입지원,920000000,460000000,138000000,322000000,552000000,368000000
2023,경북,경산시,(도비보조)저상버스 운영비 지원,180000000,0,54000000,126000000,180000000,0
2023,경북,울진군,교통약자를 위한 저상버스 구입지원,126000000,46000000,13800000,66200000,126000000,0
2023,경남,본청,저상버스 운영손실보상금 지원,294000000,0,294000000,0,294000000,0
2023,경남,진주시,저상버스 구입지원,3036000000,1518000000,759000000,759000000,3008400000,27600000
2023,경남,진주시,저상버스 재정지원,42000000,0,12600000,29400000,42000000,0
2023,경남,통영시,저상버스 운영손실금 보조,221863000,0,27300000,194563000,221862980,20
2023,경남,사천시,저상버스 구입 지원,368000000,184000000,92000000,92000000,276000000,92000000
2023,경남,김해시,저상버스  도입보조,3772000000,1886000000,943000000,943000000,1656000000,2116000000
2023,경남,김해시,저상버스 운영손실 보조,203000000,0,60900000,142100000,192393000,10607000
2023,경남,밀양시,저상버스 구입보조,552000000,276000000,138000000,138000000,552000000,0
2023,경남,밀양시,저상버스 도입운영,42000000,0,12600000,29400000,42000000,0
2023,경남,거제시,내도 해저상수관로 재해복구사업,64822000,32410110,12964890,19447000,64822000,0
2023,경남,거제시,저상버스 도입지원,1104000000,552000000,276000000,276000000,1104000000,0
2023,경남,거제시,지심도 해저상수관로 재해복구사업,214769000,107384000,42954000,64431000,214769000,0
2023,경남,양산시,저상버스 도입보조,1564000000,782000000,391000000,391000000,1564000000,0
2023,경남,양산시,저상버스 운영손실금 보조,119000000,0,35700000,83300000,119000000,0
2023,경남,함안군,저상버스 도입지원,92000000,46000000,23000000,23000000,85000000,7000000
2023,경남,남해군,저상버스 도입지원,184000000,92000000,46000000,46000000,184000000,0
2023,경남,거창군,전기저상 공영버스 구입(대폐차),1894783680,464000000,172000000,1258783680,1894783680,0
2023,제주,본청,저상버스 도입 지원,8808080000,2208000000,6600080000,0,2536080000,6272000000
2024,서울,본청,저상버스 도입,83018000000,33207200000,49810800000,0,69630200000,13387800000
2024,부산,본청,저상버스 도입보조,33517000000,16758500000,16758500000,0,30021000000,3496000000
2024,대구,본청,저상버스 도입,18208000000,7130000000,11078000000,0,18168000000,40000000
2024,인천,본청,저상버스 도입보조,24709000000,12354500000,12354500000,0,24665000000,44000000
2024,광주,본청,저상버스도입(보조),7087650000,3022200000,4065450000,0,7013360000,74290000
2024,광주,본청,저상버스도입(자체),1577000,0,1577000,0,1367700,209300
2024,대전,본청,저상버스 구입 보조,7446000000,3723000000,3723000000,0,7360000000,86000000
2024,울산,본청,저상버스 구입 보조,7360000000,3680000000,3680000000,0,5060000000,2300000000
2024,세종,본청,저상버스 도입,4324000000,2162000000,2162000000,0,4324000000,0
2024,세종,본청,저상버스 도입,3496000000,1748000000,1748000000,0,3496000000,0
2024,경기,본청,2층 저상버스 보급 지원(국비/지원),3450000000,2300000000,1150000000,0,3450000000,0
2024,경기,본청,저상버스 도입보조(국비/지원),46481275000,40418500000,6062775000,0,46481275000,0
2024,경기,본청,저상버스 운영비 지원(자체/지원),702250000,0,702250000,0,538000000,164250000
2024,경기,수원시,2층 저상버스 도입(국비),920000000,460000000,230000000,230000000,920000000,0
2024,경기,수원시,저상버스 도입(국비),13581000000,6790500000,1018575000,5771925000,13340000000,241000000
2024,경기,수원시,저상버스 운영비 지원(도비),815000000,0,81500000,733500000,257500000,557500000
2024,경기,성남시,저상버스 도입보조,15902000000,7951000000,1192650000,6758350000,11960000000,3942000000
2024,경기,성남시,저상버스 운영지원,325000000,0,32500000,292500000,142500000,182500000
2024,경기,성남시,저상버스 이용 장애인 버스요금 지원,463000000,0,0,463000000,375975000,87025000
2024,경기,고양시,저상버스 도입 보조 지원,10318000000,5066500000,796975000,4454525000,6127500000,4190500000
2024,경기,용인시,2층 저상버스 보급 지원,1288000000,644000000,322000000,322000000,1288000000,0
2024,경기,용인시,저상버스 도입보조,3001000000,1500500000,225075000,1275425000,460000000,2541000000
2024,경기,용인시,저상버스 운영비 지원사업,65000000,0,6500000,58500000,37500000,27500000
2024,경기,부천시,저상버스 도입보조,7613000000,4002000000,600300000,3010700000,6624000000,989000000
2024,경기,부천시,저상버스 운영지원,605000000,0,181500000,423500000,545000000,60000000
2024,경기,안산시,2층저상버스도입지원,276000000,138000000,69000000,69000000,276000000,0
2024,경기,안산시,저상버스도입지원,13156000000,6578000000,986700000,5591300000,2668000000,10488000000
2024,경기,안양시,저상버스 도입보조,19964000000,9982000000,1497300000,8484700000,10488000000,9476000000
2024,경기,안양시,저상버스 운영보조,210000000,0,42000000,168000000,172500000,37500000
2024,경기,남양주시,저상버스 도입비 지원,7728000000,3864000000,579600000,3284400000,5520000000,2208000000
2024,경기,남양주시,저상버스 운영비 지원,90000000,0,27000000,63000000,77500000,12500000
2024,경기,화성시,2층 저상버스 보급 지원,920000000,460000000,230000000,230000000,920000000,0
2024,경기,화성시,저상버스 도입비 지원,16682000000,8341000000,1251150000,7089850000,10028000000,6654000000
2024,경기,화성시,저상버스 운영비 지원,85000000,0,8500000,76500000,82500000,2500000
2024,경기,평택시,2층 저상버스 보급 지원(국비),0,0,0,0,0,0
2024,경기,평택시,저상버스 구입비 지원(국비),4416000000,2208000000,331200000,1876800000,3220000000,1196000000
2024,경기,평택시,저상버스 운영지원(도비),165000000,0,33000000,132000000,77500000,87500000
2024,경기,시흥시,2층 저상버스 도입,184000000,92000000,46000000,46000000,0,184000000
2024,경기,시흥시,저상버스 도입,3003800000,1932000000,289800000,782000000,1380000000,1623800000
2024,경기,시흥시,저상버스 운영 지원,50000000,0,15000000,35000000,45000000,5000000
2024,경기,파주시,저상버스 구입 보조,6946000000,3473000000,520950000,2952050000,6267000000,679000000
2024,경기,파주시,저상버스 운영 지원,37500000,0,15000000,22500000,0,37500000
2024,경기,광명시,저상버스 구입비 지원,1196000000,598000000,89700000,508300000,552000000,644000000
2024,경기,광명시,저상버스 운영비 지원,10000000,0,2000000,8000000,10000000,0
2024,경기,김포시,2층 저상버스 보급 지원,920000000,460000000,230000000,230000000,920000000,0
2024,경기,김포시,저상버스 도입보조,7268000000,3634000000,545100000,3088900000,6900000000,368000000
2024,경기,김포시,저상버스 운영비 지원,232500000,0,46500000,186000000,137500000,95000000
2024,경기,군포시,저상버스 구입비 지원(국도시),2435000000,1217500000,182625000,1034875000,1104000000,1331000000
2024,경기,광주시,저상버스 도입비,3680000000,1840000000,276000000,1564000000,3680000000,0
2024,경기,광주시,저상버스 운영비,145000000,0,43500000,101500000,115000000,30000000
2024,경기,이천시,저상버스 구입비 지원(보조),1472000000,736000000,110400000,625600000,1472000000,0
2024,경기,이천시,"저상버스 운영비 지원(자치단체간부담금, 광주시)",0,0,0,0,0,0
2024,경기,양주시,저상버스 구입비 지원,4558000000,2279000000,341850000,1937150000,2208000000,2350000000
2024,경기,양주시,저상버스 운영비 지원,80000000,0,32000000,48000000,55000000,25000000
2024,경기,오산시,2층 저상버스 도입지원비,92000000,46000000,23000000,23000000,92000000,0
2024,경기,오산시,저상버스 도입 지원비,6256000000,3128000000,469200000,2658800000,2300000000,3956000000
2024,경기,오산시,저상버스 운영비 지원,0,0,0,0,0,0
2024,경기,구리시,저상버스 구입비 지원,920000000,460000000,69000000,391000000,828000000,92000000
2024,경기,구리시,저상버스 운영비 지원,5000000,0,2000000,3000000,2500000,2500000
2024,경기,안성시,저상버스 도입 보조,920000000,460000000,69000000,391000000,920000000,0
2024,경기,안성시,저상버스 운영 지원금,25000000,0,10000000,15000000,12500000,12500000
2024,경기,포천시,저상버스 도입 보조,368000000,184000000,27600000,156400000,368000000,0
2024,경기,포천시,저상버스 운영 지원,100000000,0,50000000,50000000,47500000,52500000
2024,경기,의왕시,저상버스 구입비 지원,1196000000,598000000,89700000,508300000,1196000000,0
2024,경기,여주시,저상버스 도입 지원사업,828000000,414000000,62100000,351900000,828000000,0
2024,경기,동두천시,저상버스 지원,460000000,230000000,34500000,195500000,460000000,0
2024,경기,과천시,저상버스 구입비 지원(국비),736000000,368000000,55200000,312800000,736000000,0
2024,경기,양평군,저상버스 구입비 지원(보조),644000000,322000000,48300000,273700000,552000000,92000000
2024,경기,가평군,저상버스 도입,552000000,272500000,40875000,238625000,552000000,0
2024,경기,연천군,저상버스 도입 지원사업(국비),552000000,276000000,41400000,234600000,552000000,0
2024,강원,본청,저상버스 도입보조(국고),4894500000,3765000000,1129500000,0,4894500000,0
2024,강원,춘천시,저상버스 도입지원,5024300000,1610000000,483000000,2931300000,4563882800,460417200
2024,강원,원주시,저상버스 도입지원,2024000000,1012000000,303600000,708400000,368000000,1656000000
2024,강원,강릉시,저상버스 도입지원,1012000000,506000000,151800000,354200000,1012000000,0
2024,강원,태백시,저상버스 도입 지원,368000000,184000000,55200000,128800000,368000000,0
2024,강원,속초시,저상버스 도입,368000000,184000000,55200000,128800000,368000000,0
2024,강원,삼척시,저상버스 도입보조(국고),92000000,46000000,13800000,32200000,0,92000000
2024,강원,홍천군,저상버스 도입보조,276000000,138000000,41400000,96600000,276000000,0
2024,강원,횡성군,저상버스 도입 지원(국고),538000000,269000000,80700000,188300000,453000000,85000000
2024,강원,평창군,저상버스도입 보조사업 (보조),0,0,0,0,0,0
2024,강원,화천군,저상버스 도입 지원사업,460000000,230000000,69000000,161000000,460000000,0
2024,강원,인제군,저상버스 도입[국비],184000000,92000000,27600000,64400000,184000000,0
2024,강원,양양군,저상버스 도입 지원,59500000,0,0,59500000,0,59500000
2024,충북,본청,저상버스 도입보조,12790750000,4596500000,8194250000,0,12790750000,0
2024,충북,충주시,수소저상 시내버스 긴급대체운행,70125000,0,0,70125000,61470900,8654100
2024,충북,충주시,수소저상버스 구입지원(국토부),1920000000,276000000,822000000,822000000,1884771600,35228400
2024,충북,충주시,수소저상버스 구입지원(환경부),1260000000,1260000000,0,0,1260000000,0
2024,충북,충주시,전기저상버스 구입지원(국토부),4844000000,736000000,1168000000,2940000000,4420854420,423145580
2024,충북,충주시,전기저상버스 구입지원(환경부),1120000000,1120000000,0,0,1120000000,0
2024,충북,보은군,저상버스 도입지원(국토교통부),185000000,42500000,71250000,71250000,174800000,10200000
2024,충북,보은군,저상버스 도입지원(환경부),70000000,70000000,0,0,70000000,0
2024,충북,진천군,2024년 저상버스 도입지원(환경부),70000000,70000000,0,0,70000000,0
2024,충북,진천군,저상버스 도입보조,192000000,46000000,73000000,73000000,192000000,0
2024,충북,음성군,수소 저상 농어촌버스 도입 보조(국토교통부),1340000000,184000000,548000000,608000000,1262658400,77341600
2024,충북,음성군,수소 저상 농어촌버스 도입 보조(환경부),840000000,840000000,0,0,840000000,0
2024,충북,음성군,전기 저상 농어촌버스 도입 보조(국토교통부),956000000,138000000,219000000,599000000,219000000,737000000
2024,충북,음성군,전기 저상 농어촌버스 도입 보조(환경부),210000000,210000000,0,0,0,210000000
2024,충남,본청,저상버스 도입 지원(국비),5092000000,5092000000,0,0,5092000000,0
2024,충남,천안시,저상버스 구입비 보조,7203000000,3082000000,0,4121000000,7203000000,0
2024,충남,공주시,전기저상버스 도입지원(국토교통부),552000000,276000000,0,276000000,552000000,0
2024,충남,보령시,저상버스 구입,828000000,414000000,0,414000000,828000000,0
2024,충남,아산시,시내버스 저상버스 도입운영,1000000000,460000000,0,540000000,1000000000,0
2024,충남,서산시,"시내버스(공영, 저상) 도입 지원(보조)",274000000,92000000,13500000,168500000,244000000,30000000
2024,충남,논산시,저상버스 도입 지원,276000000,138000000,0,138000000,276000000,0
2024,충남,계룡시,시내버스 대폐차(저상버스) 보조금 지원사업,828000000,414000000,0,414000000,828000000,0
2024,충남,당진시,저상버스 도입 지원,1243000000,414000000,0,829000000,1159976530,83023470
2024,충남,서천군,저상버스 도입지원 사업,368000000,184000000,0,184000000,92000000,276000000
2024,충남,홍성군,저상버스 도입 지원,644000000,322000000,0,322000000,644000000,0
2024,전북,본청,교통약자이용 저상버스 승강장 시설 개선사업,94500000,0,94500000,0,94500000,0
2024,전북,본청,저상버스 도입비 지원,10881000000,7254000000,3627000000,0,10881000000,0
2024,전북,본청,저상버스 운영비 지원,253000000,0,253000000,0,253000000,0
2024,전북,전주시,교통약자 수소저상버스 도입,693000000,210000000,0,483000000,0,693000000
2024,전북,전주시,교통약자 저상버스 운영,765000000,0,153000000,612000000,764790000,210000
2024,전북,전주시,저상버스 도입보조,7084000000,4048000000,2024000000,1012000000,7084000000,0
2024,전북,전주시,저상버스 승강장 시설개선,145500000,0,40500000,105000000,145500000,0
2024,전북,군산시,교통약자 이동편의 증진사업(저상버스 운영),285000000,0,57000000,228000000,285000000,0
2024,전북,군산시,저상버스 도입보조,2852000000,1426000000,713000000,713000000,2392000000,460000000
2024,전북,군산시,저상버스 승강장 시설개선 사업,74200000,0,22500000,51700000,73748860,451140
2024,전북,익산시,저상버스 운영비 지원,175000000,0,35000000,140000000,175000000,0
2024,전북,익산시,저상버스 운영비 지원(자체),25000000,0,0,25000000,25000000,0
2024,전북,익산시,저상버스도입 보조,2208000000,1104000000,552000000,552000000,1656000000,552000000
2024,전북,정읍시,전기저상버스 도입,616000000,308000000,154000000,154000000,0,616000000
2024,전북,정읍시,전기저상버스 도입(환경부),980000000,490000000,147000000,343000000,0,980000000
2024,전북,남원시,저상버스 도입,97600000,46000000,23000000,28600000,0,97600000
2024,전북,김제시,저상버스 도입보조(보조),276000000,138000000,69000000,69000000,276000000,0
2024,전북,완주군,저상버스 승강장 개선,15000000,0,4500000,10500000,14980460,19540
2024,전북,무주군,저상버스 승강장 시설개선사업,15000000,0,4500000,10500000,15000000,0
2024,전북,부안군,수소연료전지차 보급사업(저상버스),2340000000,1260000000,540000000,540000000,2340000000,0
2024,전북,부안군,저상버스 지원,812000000,276000000,141876000,394124000,812000000,0
2024,전남,본청,교통약자용 저상버스 구입,8556000000,5704000000,2852000000,0,8556000000,0
2024,전남,목포시,저상버스 도입 보조사업,1688200000,782000000,391000000,515200000,260000000,1428200000
2024,전남,여수시,저상버스 구입비 지원,3036000000,1518000000,759000000,759000000,1932000000,1104000000
2024,전남,순천시,교통약자용 저상버스 구입,1012000000,506000000,253000000,253000000,920000000,92000000
2024,전남,나주시,저상버스 도입 지원사업(환경부),2420000000,1400000000,420000000,600000000,1756840000,663160000
2024,전남,나주시,중형 저상버스 도입 지원사업(국토부),2300000000,1150000000,575000000,575000000,2300000000,0
2024,전남,광양시,저상버스 구입 및 운영 지원,2008000000,920000000,460000000,628000000,1272000000,736000000
2024,전남,곡성군,저상버스 도입 지원,508000000,184000000,92000000,232000000,470920000,37080000
2024,전남,구례군,저상버스 구입 지원,244480000,92000000,46000000,106480000,0,244480000
2024,전남,고흥군,저상버스 도입 지원,560000000,230000000,115000000,215000000,0,560000000
2024,전남,보성군,저상버스(농어촌버스) 도입 지원사업(국비),610000000,230000000,115000000,265000000,610000000,0
2024,전남,화순군,저상버스 도입 지원,1104000000,552000000,276000000,276000000,1104000000,0
2024,전남,영암군,저상버스 도입,177000000,88500000,44250000,44250000,177000000,0
2024,전남,영광군,저상버스 도입지원,1464000000,736000000,368000000,360000000,748080000,715920000
2024,경북,본청,교통약자를위한저상버스구입지원,7056400000,5428000000,1628400000,0,7056400000,0
2024,경북,포항시,교통약자를위한저상버스구입지원<보조>,920000000,460000000,138000000,322000000,920000000,0
2024,경북,포항시,교통약자이동편의증진지원(저상버스운영지원)<보조>,570000000,0,171000000,399000000,570000000,0
2024,경북,경주시,(국비)교통약자를 위한 저상버스 구입지원,1104000000,552000000,165600000,386400000,1104000000,0
2024,경북,경주시,(도비)저상버스운영비지원,135000000,0,40500000,94500000,135000000,0
2024,경북,김천시,저상버스 구입지원,276000000,138000000,41400000,96600000,276000000,0
2024,경북,김천시,저상버스 운영지원,135000000,0,40500000,94500000,135000000,0
2024,경북,안동시,[국]저상버스 구입비 지원(전기),1782000000,506000000,151800000,1124200000,1782000000,0
2024,경북,안동시,[도]저상버스운영비지원,80000000,0,24000000,56000000,80000000,0
2024,경북,구미시,저상버스도입보조,2944000000,1472000000,441600000,1030400000,2944000000,0
2024,경북,영주시,(국)교통약자를 위한 저상버스 구입지원,285400000,92000000,27600000,165800000,273000000,12400000
2024,경북,영천시,국)교통약자를위한저상버스구입지원,1608000000,368000000,110400000,1129600000,1528000000,80000000
2024,경북,상주시,[국]교통약자를위한저상버스구입지원,642000000,276000000,82800000,283200000,642000000,0
2024,경북,상주시,[도]저상버스운영지원,25000000,0,7500000,17500000,25000000,0
2024,경북,문경시,[국비]교통약자를 위한 저상버스 구입 지원,623000000,184000000,55200000,383800000,623000000,0
2024,경북,문경시,[도비]저상버스 운영 지원,10000000,0,3000000,7000000,10000000,0
2024,경북,경산시,(국비보조)교통약자를 위한 저상버스 구입지원,2392000000,1196000000,358800000,837200000,2392000000,0
2024,경북,경산시,(도비보조)저상버스 운영비 지원,220000000,0,66000000,154000000,220000000,0
2024,경북,청송군,저상버스 도입 지원사업,92000000,46000000,13800000,32200000,92000000,0
2024,경북,고령군,교통약자를 위한 저상버스 구입 지원,348000000,92000000,27600000,228400000,0,348000000
2024,경북,칠곡군,교통약자 저상버스 구입지원,184000000,92000000,27600000,64400000,184000000,0
2024,경북,예천군,교통약자를 위한 저상버스 구입 지원,184000000,92000000,27600000,64400000,184000000,0
2024,경북,울진군,교통약자를 위한 저상버스 구입지원,483000000,138000000,41400000,303600000,483000000,0
2024,경북,울진군,저상버스 운영지원,5000000,0,1500000,3500000,5000000,0
2024,경남,본청,저상버스 운영손실보상금 지원,264600000,0,264600000,0,264600000,0
2024,경남,진주시,저상버스 구입지원,3063600000,1518000000,763600000,782000000,3063600000,0
2024,경남,진주시,저상버스 재정지원,22791000,0,12600000,10191000,14557670,8233330
2024,경남,통영시,저상버스 도입보조,2463000000,1231500000,615750000,615750000,2378000000,85000000
2024,경남,통영시,저상버스 운영손실금 보조,53500000,0,12600000,40900000,45703200,7796800
2024,경남,사천시,저상버스 구입 지원,1012000000,506000000,253000000,253000000,736000000,276000000
2024,경남,김해시,저상버스  도입보조,4968000000,2484000000,1242000000,1242000000,3634000000,1334000000
2024,경남,김해시,저상버스 운영손실 보조,252000000,0,75600000,176400000,227440000,24560000
2024,경남,밀양시,저상버스 구입보조,0,0,0,0,0,0
2024,경남,밀양시,저상버스 도입운영,42000000,0,12600000,29400000,42000000,0
2024,경남,거제시,저상버스 도입지원,1748000000,874000000,437000000,437000000,1748000000,0
2024,경남,양산시,저상버스 도입보조,1012000000,506000000,253000000,253000000,1012000000,0
2024,경남,양산시,저상버스 운영손실금 보조,119000000,0,35700000,83300000,119000000,0
2024,경남,함안군,저상버스 도입지원,92000000,46000000,23000000,23000000,92000000,0
2024,경남,남해군,저상버스 도입지원,552000000,276000000,138000000,138000000,184000000,368000000
2024,경남,하동군,농어촌버스(저상버스)구입,390000000,46000000,23000000,321000000,359000000,31000000
2024,경남,하동군,농어촌버스(전기저상버스) 차고지 조성,150000000,0,0,150000000,144392820,5607180
2024,경남,거창군,저상 공영버스 구입,368000000,184000000,92000000,92000000,368000000,0
2024,제주,본청,저상버스 도입 지원,22320000000,6072000000,16248000000,0,21025520000,1294480000
2025,서울,본청,저상버스 도입,59217000000,23716400000,35500600000,0,51916000000,7301000000
2025,부산,본청,저상버스 도입보조,21481000000,10740500000,10740500000,0,19594000000,1887000000
2025,대구,본청,저상버스 도입,15230000000,5085000000,10145000000,0,14977055940,252944060
2025,대구,군위군,전기 저상버스 구입지원(국가직접지원),116000000,0,0,116000000,38045450,77954550
2025,인천,본청,저상버스 도입보조,25740000000,12870000000,12870000000,0,25740000000,0
2025,광주,본청,저상버스도입(보조),9745000000,4500000000,5245000000,0,9745000000,0
2025,광주,본청,저상버스도입(자체),1418000,0,1418000,0,1220000,198000
2025,대전,본청,저상버스 구입 보조,4050000000,2295000000,1755000000,0,3510000000,540000000
2025,대전,본청,저상버스 구입 보조(지원),180000000,180000000,0,0,180000000,0
2025,대전,유성구,마을버스 저상버스 구입 보조(국비),360000000,180000000,0,180000000,360000000,0
2025,울산,본청,저상버스 구입 보조,7971800000,4210000000,3761800000,0,7520000000,451800000
2025,세종,본청,저상버스 도입,3330000000,1665000000,1665000000,0,3330000000,0
2025,경기,본청,2층 저상버스 보급 지원(국비/지원),3375000000,2250000000,1125000000,0,3375000000,0
2025,경기,본청,교통약자의 저상버스 이용 인식개선 홍보(주민참여예산)(자체/직접),120000000,0,120000000,0,117705500,2294500
2025,경기,본청,저상버스 도입보조(국비/지원),44631500000,38810000000,5821500000,0,44631500000,0
2025,경기,본청,저상버스 운영비 지원(자체/지원),407000000,0,407000000,0,338250000,68750000
2025,경기,수원시,2층 저상버스 도입(국비),270000000,135000000,67500000,67500000,270000000,0
2025,경기,수원시,저상버스 도입(국비),8335000000,4167500000,625125000,3542375000,8335000000,0
2025,경기,수원시,저상버스 운영비 지원(도비),180000000,0,18000000,162000000,0,180000000
2025,경기,성남시,저상버스 도입보조,16989000000,8494500000,1274175000,7220325000,14124000000,2865000000
2025,경기,성남시,저상버스 운영지원,135000000,0,13500000,121500000,135000000,0
2025,경기,성남시,저상버스 이용 장애인 버스요금 지원,1030000000,0,0,1030000000,963549070,66450930
2025,경기,고양시,저상버스 도입 보조 지원,6940500000,3399000000,538350000,3003150000,5509000000,1431500000
2025,경기,용인시,2층 저상버스 보급 지원,810000000,405000000,202500000,202500000,810000000,0
2025,경기,용인시,저상버스 도입보조,4051000000,2025500000,303825000,1721675000,1848000000,2203000000
2025,경기,용인시,저상버스 운영비 지원사업,0,0,0,0,0,0
2025,경기,부천시,저상버스 도입보조,1223600000,690000000,103500000,430100000,1012000000,211600000
2025,경기,부천시,저상버스 운영지원,515000000,0,103000000,412000000,477500000,37500000
2025,경기,안산시,2층저상버스도입지원,180000000,90000000,45000000,45000000,0,180000000
2025,경기,안산시,저상버스도입지원,12288000000,6144000000,921600000,5222400000,4416000000,7872000000
2025,경기,안양시,저상버스 도입보조,13886000000,6943000000,1041450000,5901550000,13616000000,270000000
2025,경기,안양시,저상버스 운영보조,177500000,0,35500000,142000000,92500000,85000000
2025,경기,남양주시,저상버스 도입비 지원,5178000000,2589000000,388350000,2200650000,5068000000,110000000
2025,경기,남양주시,저상버스 운영비 지원,67500000,0,27000000,40500000,62500000,5000000
2025,경기,화성시,2층 저상버스 보급 지원,810000000,405000000,202500000,202500000,810000000,0
2025,경기,화성시,저상버스 도입비 지원,10024000000,5012000000,751800000,4260200000,9474000000,550000000
2025,경기,화성시,저상버스 운영비 지원,40000000,0,4000000,36000000,40000000,0
2025,경기,평택시,2층 저상버스 보급 지원(국비),270000000,135000000,67500000,67500000,0,270000000
2025,경기,평택시,저상버스 구입비 지원(국비),4166000000,2083000000,312450000,1770550000,4166000000,0
2025,경기,평택시,저상버스 운영지원(도비),77500000,0,15500000,62000000,72500000,5000000
2025,경기,시흥시,2층 저상버스 도입,364000000,182000000,91000000,91000000,184000000,180000000
2025,경기,시흥시,저상버스 도입,3463800000,2502000000,375300000,586500000,1380000000,2083800000
2025,경기,시흥시,저상버스 운영 지원,42500000,0,8500000,34000000,42500000,0
2025,경기,파주시,2층 저상버스 보급 지원(국비/지원),630000000,315000000,157500000,157500000,90000000,540000000
2025,경기,파주시,저상버스 구입 보조,5568000000,2784000000,417600000,2366400000,4928000000,640000000
2025,경기,파주시,저상버스 운영 지원,12500000,0,5000000,7500000,0,12500000
2025,경기,광명시,저상버스 구입비 지원,1719000000,859500000,128925000,730575000,1089000000,630000000
2025,경기,광명시,저상버스 운영비 지원,0,0,0,0,0,0
2025,경기,김포시,2층 저상버스 보급 지원,900000000,450000000,225000000,225000000,720000000,180000000
2025,경기,김포시,저상버스 도입보조,5401000000,2700500000,405075000,2295425000,4930000000,471000000
2025,경기,김포시,저상버스 운영비 지원,130000000,0,39000000,91000000,105000000,25000000
2025,경기,군포시,저상버스 구입비 지원(국도시),1824000000,912000000,136800000,775200000,1824000000,0
2025,경기,광주시,저상버스 도입비,5455000000,2727500000,409125000,2318375000,5350000000,105000000
2025,경기,광주시,저상버스 운영비,80000000,0,24000000,56000000,62500000,17500000
2025,경기,이천시,저상버스 구입비 지원,3320000000,1660000000,249000000,1411000000,3290000000,30000000
2025,경기,양주시,저상버스 구입비 지원,4960000000,2480000000,372000000,2108000000,4900000000,60000000
2025,경기,양주시,저상버스 운영비 지원,35000000,0,14000000,21000000,17500000,17500000
2025,경기,오산시,2층 저상버스 도입지원비,360000000,180000000,90000000,90000000,90000000,270000000
2025,경기,오산시,저상버스 도입 지원비,2944000000,1472000000,220800000,1251200000,644000000,2300000000
2025,경기,구리시,저상버스 구입비 지원,722000000,361000000,54150000,306850000,722000000,0
2025,경기,구리시,저상버스 운영비 지원,15000000,0,4500000,10500000,15000000,0
2025,경기,안성시,2층 저상버스 보급 지원,90000000,45000000,22500000,22500000,90000000,0
2025,경기,안성시,저상버스 도입 보조,1530000000,765000000,114750000,650250000,1410000000,120000000
2025,경기,안성시,저상버스 운영 지원금,0,0,0,0,0,0
2025,경기,포천시,저상버스 도입 보조,1170000000,585000000,87750000,497250000,1170000000,0
2025,경기,포천시,저상버스 운영 지원,75000000,0,37500000,37500000,20000000,55000000
2025,경기,의왕시,저상버스 구입비 지원,360000000,180000000,27000000,153000000,270000000,90000000
2025,경기,여주시,저상버스 도입 지원사업,900000000,450000000,67500000,382500000,900000000,0
2025,경기,동두천시,저상버스 지원,180000000,90000000,13500000,76500000,180000000,0
2025,경기,과천시,저상버스 구입비 지원(국비),540000000,270000000,40500000,229500000,500000000,40000000
2025,경기,양평군,저상버스 구입비 지원(보조),92000000,46000000,6900000,39100000,92000000,0
2025,경기,양평군,저상버스 도입 보조(보조),450000000,225000000,33750000,191250000,90000000,360000000
2025,경기,가평군,저상버스 도입(보조),540000000,270000000,40500000,229500000,450000000,90000000
2025,경기,연천군,저상버스 도입 지원사업(국비),450000000,225000000,33750000,191250000,180000000,270000000
2025,강원,본청,저상버스 도입보조(국고),7133750000,5487500000,1646250000,0,7133750000,0
2025,강원,춘천시,저상버스 도입지원,2377500000,993000000,297900000,1086600000,2250285280,127214720
2025,강원,원주시,저상버스 도입지원,2172000000,1086000000,325800000,760200000,1632000000,540000000
2025,강원,강릉시,저상버스 도입지원,1530000000,765000000,229500000,535500000,1530000000,0
2025,강원,태백시,저상버스 도입 지원,720000000,360000000,108000000,252000000,720000000,0
2025,강원,속초시,저상버스 도입,1440000000,720000000,216000000,504000000,1440000000,0
2025,강원,삼척시,저상버스 도입보조(국고),632000000,316000000,94800000,221200000,632000000,0
2025,강원,홍천군,저상버스 도입보조,450000000,225000000,67500000,157500000,450000000,0
2025,강원,횡성군,저상버스 도입 지원(국고),805000000,402500000,120750000,281750000,715000000,90000000
2025,강원,평창군,저상버스도입 보조사업 (보조),270000000,135000000,40500000,94500000,270000000,0
2025,강원,화천군,저상버스 도입 지원사업,450000000,225000000,67500000,157500000,390000000,60000000
2025,강원,양구군,공영버스 운영(저상버스 구입),247463000,42500000,12750000,192213000,247462580,420
2025,강원,인제군,저상버스 도입[국비],540000000,270000000,81000000,189000000,540000000,0
2025,강원,고성군,저상버스 도입 지원,450000000,225000000,67500000,157500000,450000000,0
2025,강원,양양군,저상버스 도입 지원,270000000,135000000,40500000,94500000,270000000,0
2025,충북,본청,저상버스 도입보조,10527250000,3687500000,6839750000,0,10527250000,0
2025,충북,충주시,수소저상 시내버스 긴급대체운행,23375000,0,0,23375000,20532000,2843000
2025,충북,충주시,수소저상버스 구입지원(국토부),662000000,90000000,273000000,299000000,631112460,30887540
2025,충북,충주시,수소저상버스 구입지원(환경부),420000000,420000000,0,0,420000000,0
2025,충북,충주시,전기저상버스 구입지원(국토부),2410000000,405000000,652500000,1352500000,2281800000,128200000
2025,충북,충주시,전기저상버스 구입지원(환경부),630000000,630000000,0,0,576270000,53730000
2025,충북,제천시,전기저상버스 도입지원(국토교통부)(보조),1800000000,270000000,435000000,1095000000,1487152720,312847280
2025,충북,제천시,전기저상버스 도입지원(환경부)(보조),420000000,420000000,0,0,384180000,35820000
2025,충북,보은군,저상버스 도입지원(국토교통부),185000000,42500000,71250000,71250000,180770000,4230000
2025,충북,보은군,저상버스 도입지원(환경부),70000000,70000000,0,0,64030000,5970000
2025,충북,옥천군,저상버스 도입(보조),570000000,135000000,217500000,217500000,504960000,65040000
2025,충북,영동군,전기저상버스 도입 지원(보조),760000000,180000000,290000000,290000000,696240000,63760000
2025,충북,진천군,저상버스 도입보조(국토부),190000000,45000000,72500000,72500000,190000000,0
2025,충북,진천군,저상버스 도입지원(환경부),70000000,70000000,0,0,69940000,60000
2025,충북,음성군,전기 저상 농어촌버스 도입 보조(국토교통부),737000000,138000000,219000000,380000000,539100000,197900000
2025,충북,음성군,전기 저상 농어촌버스 도입 보조(환경부),210000000,210000000,0,0,0,210000000
2025,충남,본청,저상버스 도입 지원(국비),4940000000,4940000000,0,0,4940000000,0
2025,충남,천안시,저상버스 구입비 보조,3000000000,900000000,0,2100000000,2973601960,26398040
2025,충남,공주시,전기저상버스 도입지원(국토교통부),900000000,450000000,0,450000000,630000000,270000000
2025,충남,보령시,저상버스 구입,1260000000,630000000,0,630000000,1260000000,0
2025,충남,아산시,시내버스 저상버스 도입운영,1000000000,450000000,0,550000000,1000000000,0
2025,충남,서산시,"시내버스(공영, 저상) 도입 지원(보조)",800960000,225000000,67380000,508580000,750000000,50960000
2025,충남,논산시,저상버스 도입 지원,540000000,270000000,0,270000000,540000000,0
2025,충남,계룡시,시내버스 대폐차(저상버스) 보조금 지원사업,180000000,90000000,0,90000000,180000000,0
2025,충남,당진시,저상버스 도입 지원,1080000000,540000000,0,540000000,1080000000,0
2025,충남,부여군,저상버스 도입지원,360000000,180000000,0,180000000,360000000,0
2025,충남,서천군,저상버스 도입지원 사업,276000000,138000000,0,138000000,276000000,0
2025,충남,청양군,저상버스 도입 지원,270000000,135000000,0,135000000,270000000,0
2025,충남,홍성군,저상버스 도입 지원,630000000,315000000,0,315000000,630000000,0
2025,충남,예산군,저상버스도입지원,540000000,270000000,0,270000000,540000000,0
2025,충남,태안군,저상버스 운영 지원,540000000,270000000,0,270000000,540000000,0
2025,전북,본청,교통약자이용 저상버스 승강장 시설 개선사업,94500000,0,94500000,0,94500000,0
2025,전북,본청,저상버스 도입비 지원,9720000000,6480000000,3240000000,0,9720000000,0
2025,전북,본청,저상버스 운영비 지원,392000000,0,392000000,0,392000000,0
2025,전북,전주시,교통약자 수소저상버스 도입,693000000,210000000,0,483000000,692074000,926000
2025,전북,전주시,교통약자 저상버스 운영,985500000,0,219000000,766500000,958500000,27000000
2025,전북,전주시,저상버스 도입보조,6254500000,3285000000,1642500000,1327000000,1552000000,4702500000
2025,전북,전주시,저상버스 승강장 시설개선,99000000,0,27000000,72000000,99000000,0
2025,전북,군산시,교통약자 이동편의 증진사업(저상버스 운영),420000000,0,84000000,336000000,420000000,0
2025,전북,군산시,저상버스 도입보조,2260000000,1130000000,565000000,565000000,2080000000,180000000
2025,전북,군산시,저상버스 승강장 시설개선 사업,105000000,0,31500000,73500000,98174400,6825600
2025,전북,익산시,저상버스 운영비 지원,310000000,0,62000000,248000000,310000000,0
2025,전북,익산시,저상버스도입 보조,2082000000,1041000000,520500000,520500000,1812000000,270000000
2025,전북,정읍시,전기저상버스 도입,1336000000,668000000,334000000,334000000,616000000,720000000
2025,전북,정읍시,전기저상버스도입(환경부),980000000,490000000,147000000,343000000,960260000,19740000
2025,전북,남원시,저상버스 도입,362000000,181000000,90500000,90500000,362000000,0
2025,전북,남원시,저상버스 운영비 지원,5000000,0,1000000,4000000,5000000,0
2025,전북,김제시,저상버스 도입보조(보조),270000000,135000000,67500000,67500000,270000000,0
2025,전북,김제시,저상버스 승강장 시설개선(보조),15000000,0,4500000,10500000,14250000,750000
2025,전북,김제시,저상버스 운영(보조),15000000,0,3000000,12000000,15000000,0
2025,전북,완주군,저상버스 도입 보조,450000000,225000000,112500000,112500000,450000000,0
2025,전북,진안군,저상버스 운영지원,10000000,0,2000000,8000000,10000000,0
2025,전북,무주군,저상버스 승강장 시설개선사업,15000000,0,4500000,10500000,15000000,0
2025,전북,순창군,저상버스 도입 지원,270000000,135000000,67500000,67500000,270000000,0
2025,전북,부안군,수소연료전지차 보급사업(저상버스),1950000000,1050000000,450000000,450000000,1950000000,0
2025,전북,부안군,저상버스 지원,700000000,225000000,122500000,352500000,700000000,0
2025,전남,본청,교통약자용 저상버스 구입,6426000000,4590000000,1836000000,0,6426000000,0
2025,전남,목포시,저상버스 도입 보조사업,2566000000,1232000000,571000000,763000000,2566000000,0
2025,전남,여수시,저상버스 구입비 지원,2004000000,1002000000,456000000,546000000,1452000000,552000000
2025,전남,순천시,교통약자용 저상버스 구입,1262000000,631000000,257000000,374000000,1262000000,0
2025,전남,나주시,저상버스 도입 지원사업(국토부),990000000,495000000,198000000,297000000,990000000,0
2025,전남,광양시,저상버스 구입 및 운영 지원,1372000000,548000000,256000000,568000000,1282000000,90000000
2025,전남,담양군,저상버스 구입 지원,603000000,315000000,126000000,162000000,540000000,63000000
2025,전남,곡성군,저상버스 도입 지원,753090000,270000000,108000000,375090000,753090000,0
2025,전남,구례군,저상버스 구입 지원,426480000,182000000,82000000,162480000,296060000,130420000
2025,전남,고흥군,저상버스 도입 지원,1115000000,455000000,230000000,430000000,893000000,222000000
2025,전남,보성군,저상버스(농어촌버스) 도입 지원사업(국비),484000000,180000000,72000000,232000000,484000000,0
2025,전남,화순군,저상버스 도입 지원,1071000000,630000000,252000000,189000000,630000000,441000000
2025,전남,강진군,저상버스 도입,90000000,45000000,18000000,27000000,0,90000000
2025,전남,영암군,저상버스 도입,90000000,45000000,18000000,27000000,0,90000000
2025,전남,함평군,2025년 저상버스 구입 지원사업,63000000,45000000,18000000,0,0,63000000
2025,전남,영광군,저상버스 도입지원,1228000000,460000000,230000000,538000000,1228000000,0
2025,경북,본청,교통약자를위한저상버스구입지원,8921250000,6862500000,2058750000,0,8921250000,0
2025,경북,포항시,교통약자를위한저상버스구입지원<보조>,90000000,45000000,13500000,31500000,90000000,0
2025,경북,포항시,교통약자이동편의증진지원(저상버스운영지원)<보조>,555000000,0,166500000,388500000,555000000,0
2025,경북,경주시,(국비)교통약자를 위한 저상버스 구입지원,1890000000,945000000,283500000,661500000,1890000000,0
2025,경북,경주시,(도비)저상버스운영비지원,135000000,0,40500000,94500000,135000000,0
2025,경북,김천시,저상버스 운영지원(보조),135000000,0,40500000,94500000,135000000,0
2025,경북,안동시,[국]저상버스 구입비 지원(전기),3040000000,855000000,256500000,1928500000,3040000000,0
2025,경북,안동시,[도]저상버스운영비지원,80000000,0,24000000,56000000,80000000,0
2025,경북,구미시,저상버스도입보조,3485000000,1665000000,546000000,1274000000,3485000000,0
2025,경북,영주시,(국)교통약자를 위한 저상버스 구입지원,410400000,135000000,40500000,234900000,410400000,0
2025,경북,영주시,(도)저상버스 운영비 지원,25000000,0,7500000,17500000,25000000,0
2025,경북,영천시,국)저상버스구입지원,2119440000,585000000,175500000,1358940000,2119440000,0
2025,경북,영천시,도)저상버스운영비지원,90000000,0,27000000,63000000,90000000,0
2025,경북,상주시,[국]교통약자를위한저상버스구입지원,810000000,405000000,121500000,283500000,810000000,0
2025,경북,상주시,[도]저상버스운영지원,55000000,0,16500000,38500000,55000000,0
2025,경북,문경시,[국비]교통약자를 위한 저상버스 구입 지원,1051740000,310000000,93000000,648740000,1051740000,0
2025,경북,문경시,[도비]저상버스 운영 지원,35000000,0,10500000,24500000,35000000,0
2025,경북,경산시,(국비보조)교통약자를 위한 저상버스 구입지원,1710000000,855000000,256500000,598500000,1710000000,0
2025,경북,경산시,(도비보조)저상버스 운영비 지원,220000000,0,66000000,154000000,220000000,0
2025,경북,청송군,저상버스 도입 지원사업,85000000,42500000,12750000,29750000,85000000,0
2025,경북,영덕군,저상버스 구입지원(국고보조),255000000,127500000,38250000,89250000,255000000,0
2025,경북,영덕군,저상버스 운영비 지원(도비보조),10000000,0,3000000,7000000,10000000,0
2025,경북,청도군,저상버스구입지원,90000000,45000000,13500000,31500000,90000000,0
2025,경북,고령군,교통약자를 위한 저상버스 지원,358000000,92000000,30600000,235400000,302400000,55600000
2025,경북,성주군,교통약자저상버스구입비지원,270000000,135000000,40500000,94500000,270000000,0
2025,경북,칠곡군,교통약자 저상버스 구입지원,720000000,360000000,108000000,252000000,540000000,180000000
2025,경북,칠곡군,교통약자 저상버스 운영지원,20000000,0,6000000,14000000,20000000,0
2025,경북,예천군,교통약자를 위한 저상버스 구입 지원,312356000,90000000,27000000,195356000,312356000,0
2025,경북,봉화군,교통약자를위한저상버스구입지원,450000000,135000000,40500000,274500000,450000000,0
2025,경북,울진군,교통약자를 위한 저상버스 구입지원,551820000,127500000,38250000,386070000,477546000,74274000
2025,경북,울진군,저상버스 운영지원,15000000,0,4500000,10500000,15000000,0
2025,경북,울릉군,저상버스 도입 지원사업,0,0,0,0,0,0
2025,경남,본청,저상버스 운영손실보상금 지원,140700000,0,140700000,0,130200000,10500000
2025,경남,진주시,저상버스 구입지원,3240000000,1620000000,810000000,810000000,3060000000,180000000
2025,경남,통영시,저상버스 도입보조,1255000000,627500000,313750000,313750000,1255000000,0
2025,경남,사천시,저상버스 구입 지원,456000000,228000000,114000000,114000000,456000000,0
2025,경남,김해시,저상버스  도입보조,2234000000,1117000000,558500000,558500000,1694000000,540000000
2025,경남,김해시,저상버스 운영손실 보조,210000000,0,63000000,147000000,201465740,8534260
2025,경남,밀양시,저상버스 구입보조,630000000,315000000,157500000,157500000,540000000,90000000
2025,경남,밀양시,저상버스 도입운영,42000000,0,12600000,29400000,42000000,0
2025,경남,거제시,저상버스 도입지원,1700827000,540000000,270000000,890827000,1699242520,1584480
2025,경남,양산시,저상버스 도입보조,1800000000,900000000,450000000,450000000,1800000000,0
2025,경남,양산시,저상버스 운영손실금 보조,119000000,0,35700000,83300000,119000000,0
2025,경남,함안군,저상버스 도입지원,180000000,90000000,45000000,45000000,180000000,0
2025,경남,창녕군,저상버스 구입지원,85000000,42500000,21250000,21250000,85000000,0
2025,경남,고성군,저상버스 구입 지원,425000000,212500000,106250000,106250000,425000000,0
2025,경남,남해군,저상버스 도입지원,368000000,184000000,92000000,92000000,360000000,8000000
2025,경남,하동군,농어촌버스(저상버스)구입,398000000,90000000,45000000,263000000,397394000,606000
2025,경남,거창군,저상 공영버스 구입,510000000,255000000,127500000,127500000,450000000,60000000
2025,제주,본청,저상버스 도입 지원,18096000000,4348000000,13748000000,0,17678190000,417810000
