연도,시도,지체장애_남,지체장애_여,시각장애_남,시각장애_여,청각장애_남,청각장애_여,언어장애_남,언어장애_여,지적장애_남,지적장애_여,뇌병변장애_남,뇌병변장애_여,자폐성장애_남,자폐성장애_여,정신장애_남,정신장애_여,신장장애_남,신장장애_여,심장장애_남,심장장애_여,호흡기장애_남,호흡기장애_여,간장애_남,간장애_여,안면장애_남,안면장애_여,장루요루장애_남,장루요루장애_여,뇌전증장애_남,뇌전증장애_여
2015,서울 Seoul,110203,84640,25902,16631,22174,17424,2177,837,15172,9514,25438,17388,4083,678,8338,7605,8606,6245,846,499,1575,581,1563,629,230,192,1735,1054,697,589
2015,부산 Busan,50848,34436,10974,7270,7810,6037,878,335,6436,4075,11667,8145,1198,219,4166,3757,3408,2538,336,181,739,254,432,170,145,96,627,368,299,240
2015,대구 Daegu,33769,22544,7262,4936,6033,5284,758,244,5412,3570,7646,5412,824,147,3087,2834,2169,1587,148,103,350,99,335,137,80,56,340,246,163,119
2015,인천 Incheon,44581,27100,8341,5359,7166,5833,862,302,5605,3577,7401,5393,948,173,2207,2277,2517,1899,136,88,463,192,366,158,73,59,447,285,211,172
2015,광주 Gwangju,17955,14516,4321,2955,4326,3762,370,148,3442,2498,3824,3047,535,123,1418,1503,1131,803,82,47,231,79,218,78,37,26,213,128,141,122
2015,대전 Daejeon,20929,14487,4323,2893,3946,3213,371,142,3326,2299,4206,3355,694,126,1481,1450,1268,916,86,55,250,83,190,80,58,25,240,139,143,116
2015,울산 Ulsan,15636,9396,2948,2053,3644,2428,228,101,2298,1509,2690,2038,385,74,665,680,835,681,122,71,155,57,186,63,49,24,114,87,53,56
2015,세종 Sejong,2773,1942,547,370,494,456,55,12,512,293,434,316,56,11,210,195,124,91,14,4,33,15,22,12,6,3,29,21,16,13
2015,경기 Gyeonggi,161385,107283,31384,19484,26354,20815,2729,1043,23398,14805,30136,22197,4614,746,8747,9041,9887,7398,862,490,1739,684,1867,734,346,235,1903,1175,766,635
2015,강원 Gangwon,30784,21707,5419,3989,5902,4798,509,206,4523,3175,5471,3855,456,89,1636,1437,1318,1004,90,52,529,117,227,103,48,38,373,211,156,102
2015,충북 Chungbuk,27385,20341,5318,3661,5227,4511,444,185,5540,3887,4840,3811,496,82,1972,1747,1341,995,113,55,282,84,232,83,51,35,363,210,122,123
2015,충남 Chungnam,37892,27769,7198,4899,7350,6187,663,289,6374,4365,6052,4776,526,105,2698,2452,1627,1170,121,102,520,133,282,105,72,49,449,288,160,128
2015,전북 Jeonbuk,36450,33013,6881,4987,7047,6053,789,345,6700,4768,6619,5655,505,102,2829,2566,1523,911,108,73,284,88,261,82,47,71,351,208,232,221
2015,전남 Jeonnam,38078,37478,8075,6425,8716,7689,696,331,6706,4389,6385,5379,459,77,3227,2522,1681,1106,140,82,552,137,313,96,55,43,376,215,224,185
2015,경북 Gyeongbuk,48196,37272,9514,7271,9760,8840,821,339,9040,5757,9256,7156,747,127,3893,3243,2235,1580,225,146,539,143,462,155,110,89,479,352,201,141
2015,경남 Gyongnam,56179,39901,10184,6867,8837,7854,901,371,8263,5566,9697,7736,1088,212,4080,3447,2779,1980,156,110,561,232,405,155,132,82,543,366,213,173
2015,제주 Jeju,8046,6583,2292,1941,2064,2300,232,100,1672,1286,1875,1566,350,48,655,578,683,432,61,29,188,65,84,39,16,7,101,80,61,76
2016,서울 Seoul,107226,82551,25709,16494,23273,18614,2228,869,15480,9735,25096,17116,4316,727,8397,7742,8974,6450,766,439,1595,562,1580,656,224,184,1724,1036,683,581
2016,부산 Busan,50018,33995,10969,7272,8455,6622,931,347,6632,4180,11688,8141,1271,244,4166,3824,3581,2688,321,169,731,252,466,196,141,96,647,366,309,232
2016,대구 Daegu,33313,22270,7235,4918,6803,6026,756,255,5585,3661,7649,5393,880,160,3124,2901,2296,1643,143,99,342,95,376,155,80,60,340,257,168,128
2016,인천 Incheon,44141,27008,8385,5383,7693,6302,889,304,5781,3706,7373,5451,1045,185,2221,2349,2680,2012,139,84,454,183,409,167,77,60,471,298,203,170
2016,광주 Gwangju,17777,14297,4303,2963,4526,4011,385,150,3594,2600,3803,3032,572,125,1428,1524,1215,836,81,49,232,78,220,83,37,27,229,130,136,126
2016,대전 Daejeon,20638,14246,4318,2885,4305,3574,389,154,3441,2400,4121,3329,743,133,1510,1493,1354,959,83,58,236,80,188,83,56,22,245,140,140,102
2016,울산 Ulsan,15381,9264,2924,2047,3788,2565,231,105,2357,1554,2724,2069,418,73,675,692,891,716,112,64,164,61,205,69,48,25,117,92,47,55
2016,세종 Sejong,2947,2066,583,402,587,524,54,14,546,315,497,351,75,13,213,195,150,107,15,8,33,16,27,12,7,3,38,20,15,12
2016,경기 Gyeonggi,161347,107469,31692,19790,28665,22794,2913,1082,24367,15375,30395,22298,5084,836,8938,9277,10567,7911,825,468,1715,688,1995,801,352,246,1967,1224,717,639
2016,강원 Gangwon,30417,21485,5416,4034,6280,5167,511,214,4623,3273,5447,3888,490,105,1629,1447,1404,1052,88,52,503,115,236,112,49,40,379,215,151,106
2016,충북 Chungbuk,27132,20175,5339,3644,5766,5052,453,197,5672,3981,4841,3826,518,90,1957,1742,1421,1088,100,53,279,87,257,91,54,36,364,216,130,127
2016,충남 Chungnam,37560,27585,7179,4879,8133,6926,675,300,6541,4486,6074,4772,596,117,2737,2477,1762,1226,120,103,483,120,297,113,72,47,459,291,160,116
2016,전북 Jeonbuk,35896,32454,6826,4946,7747,6679,798,348,6843,4859,6615,5643,526,111,2862,2592,1620,948,105,71,276,87,287,90,46,68,347,209,226,220
2016,전남 Jeonnam,37420,36870,7977,6361,9086,8139,689,338,6848,4491,6336,5361,505,81,3211,2514,1786,1154,135,80,505,141,346,101,51,41,389,228,216,178
2016,경북 Gyeongbuk,47652,36744,9426,7174,10810,9957,820,339,9212,5894,9151,7073,814,142,3958,3333,2391,1670,208,131,531,133,506,174,110,88,495,355,209,143
2016,경남 Gyongnam,55679,39440,10122,6929,9601,8635,930,385,8475,5727,9674,7759,1183,240,4155,3531,2959,2050,153,99,566,240,439,162,129,81,570,374,203,175
2016,제주 Jeju,8123,6588,2349,1921,2231,2507,248,108,1728,1321,1875,1595,383,52,657,598,718,471,56,30,177,71,104,39,16,7,95,77,62,71
2017,서울 Seoul,104591,80833,25464,16531,25034,20210,2349,903,15762,9892,25068,17219,4624,777,8453,7873,9408,6723,740,414,1585,545,1632,691,218,180,1752,1042,679,561
2017,부산 Busan,49254,33406,10959,7238,9800,7832,989,376,6833,4322,11798,8262,1374,258,4215,3863,3830,2783,324,171,751,247,507,206,138,93,648,372,305,230
2017,대구 Daegu,32803,21874,7195,4901,8143,7581,758,265,5734,3763,7654,5440,923,178,3124,2938,2437,1718,135,95,345,105,423,170,83,59,363,257,169,133
2017,인천 Incheon,43819,26939,8357,5429,8636,7197,956,316,5958,3828,7555,5513,1120,211,2269,2410,2877,2143,140,84,447,186,422,173,82,59,492,307,207,172
2017,광주 Gwangju,17548,14059,4300,2990,4824,4271,398,157,3722,2696,3832,3043,612,136,1454,1552,1290,870,82,49,226,80,244,97,36,27,233,137,142,126
2017,대전 Daejeon,20336,13933,4271,2862,4729,4004,398,157,3557,2516,4165,3358,789,144,1539,1513,1421,1023,83,60,243,76,200,83,55,25,251,144,141,104
2017,울산 Ulsan,15206,9175,2893,2044,4019,2838,243,116,2444,1604,2778,2103,441,83,686,700,945,760,109,70,190,67,217,84,48,23,119,97,48,55
2017,세종 Sejong,3140,2156,627,426,677,623,62,15,588,333,533,402,93,19,220,197,163,122,17,6,33,16,28,19,8,6,44,23,15,12
2017,경기 Gyeonggi,161448,107384,31952,20086,31183,25139,3154,1145,25342,15947,30970,22758,5518,885,9028,9468,11370,8437,839,453,1764,683,2124,862,362,253,2059,1247,741,658
2017,강원 Gangwon,30171,21379,5401,4058,6759,5692,533,213,4697,3365,5439,3877,517,112,1625,1484,1473,1104,88,51,472,111,264,119,50,39,397,231,135,103
2017,충북 Chungbuk,26986,19971,5342,3623,6206,5553,471,206,5849,4037,4950,3839,562,95,1945,1753,1508,1134,97,51,287,90,284,93,52,35,363,211,128,123
2017,충남 Chungnam,37337,27331,7200,4876,8986,7856,706,308,6735,4614,6142,4823,679,132,2746,2499,1858,1292,117,100,468,116,315,123,74,52,461,289,152,116
2017,전북 Jeonbuk,35439,32077,6765,4928,8298,7379,838,343,6990,4984,6626,5648,574,118,2868,2623,1735,998,99,65,281,94,308,100,46,68,362,217,214,218
2017,전남 Jeonnam,36928,36390,7913,6285,9572,8903,677,342,6982,4597,6329,5353,561,88,3176,2547,1903,1218,126,76,476,130,387,113,51,39,384,239,218,171
2017,경북 Gyeongbuk,47003,36223,9269,7127,12386,11933,832,351,9432,6017,9109,6991,875,154,3982,3385,2583,1763,203,125,522,138,545,192,113,87,485,358,203,147
2017,경남 Gyongnam,55222,39023,10120,6947,10626,9855,958,403,8760,5868,9832,7882,1299,277,4161,3614,3196,2222,155,98,554,233,477,180,125,83,584,371,211,174
2017,제주 Jeju,8153,6593,2336,1917,2441,2818,268,115,1782,1353,1926,1602,411,59,653,612,771,484,51,26,175,71,117,44,16,7,101,78,55,69
2018,서울 Seoul,101809,78801,25320,16580,27769,22537,2346,887,16119,10112,24816,16985,4931,867,8452,7913,9761,6864,690,386,1571,559,1685,732,215,172,1747,1052,679,563
2018,부산 Busan,48394,32860,10863,7271,11310,9182,1033,389,7032,4496,11805,8303,1483,288,4237,3899,4013,2923,313,165,746,246,535,217,142,93,675,374,308,225
2018,대구 Daegu,32274,21417,7155,4912,9859,9531,766,280,5951,3878,7637,5362,973,183,3145,2935,2608,1798,145,92,339,103,444,183,81,60,377,263,174,145
2018,인천 Incheon,43293,26826,8317,5439,10231,8726,981,338,6122,3982,7667,5557,1188,227,2255,2452,3025,2272,149,88,467,184,418,206,80,61,498,327,214,181
2018,광주 Gwangju,17324,13806,4347,3009,5139,4565,410,154,3897,2806,3820,3026,635,138,1480,1573,1337,916,94,44,223,84,254,100,36,25,229,138,143,132
2018,대전 Daejeon,19988,13788,4236,2844,5082,4425,409,162,3704,2601,4180,3352,830,154,1569,1570,1524,1045,84,48,222,74,215,89,52,25,252,141,144,118
2018,울산 Ulsan,14990,9048,2892,2026,4232,3082,267,126,2504,1646,2797,2111,474,89,691,714,1016,792,108,70,193,66,228,90,49,23,125,88,50,53
2018,세종 Sejong,3348,2244,686,438,764,711,66,18,617,368,565,429,121,23,224,201,206,136,16,4,33,16,37,22,8,6,44,26,14,13
2018,경기 Gyeonggi,161567,107164,32491,20497,35166,28936,3298,1219,26345,16588,31458,23148,6044,993,9254,9762,12148,8922,834,468,1802,704,2239,914,367,259,2124,1265,746,664
2018,강원 Gangwon,29798,21225,5376,4039,7291,6190,525,212,4797,3416,5427,3850,545,119,1611,1497,1548,1144,83,48,456,104,285,128,56,42,402,237,138,104
2018,충북 Chungbuk,26784,19739,5329,3664,6779,6172,470,192,6049,4156,4900,3838,594,100,1928,1778,1577,1199,98,52,269,95,296,105,52,34,367,224,124,122
2018,충남 Chungnam,36991,26986,7150,4902,10641,9576,712,299,6900,4761,6174,4819,756,142,2777,2548,2022,1328,114,96,461,116,330,137,72,51,469,303,158,119
2018,전북 Jeonbuk,34864,31435,6697,4886,9013,8187,845,345,7088,5052,6548,5570,599,122,2847,2624,1857,1077,103,58,277,84,310,113,46,69,375,226,216,213
2018,전남 Jeonnam,36287,35631,7841,6237,10114,9555,658,346,7130,4717,6300,5286,630,99,3161,2567,1984,1253,118,70,453,124,404,115,50,36,398,257,228,164
2018,경북 Gyeongbuk,46340,35692,9178,7056,14400,14587,844,358,9631,6196,9079,6910,957,169,3959,3411,2729,1849,212,118,520,144,596,212,109,84,493,361,206,150
2018,경남 Gyongnam,54612,38533,10096,6958,11725,11245,995,400,9025,6012,9887,7937,1417,292,4170,3655,3370,2349,156,103,549,225,522,188,128,80,613,378,222,174
2018,제주 Jeju,8125,6549,2341,1884,2725,3135,284,110,1835,1384,1945,1595,452,69,661,620,795,505,52,25,181,71,127,48,18,8,103,76,53,64
2019,서울 Seoul,99610,77157,25199,16633,30291,24649,2399,928,16420,10358,24531,16773,5174,926,8443,7992,10075,7091,692,376,1564,563,1740,775,212,173,1784,1071,687,557
2019,부산 Busan,47476,32384,10748,7309,12523,10221,1053,415,7209,4644,11669,8245,1615,311,4251,3950,4251,3013,311,158,734,259,562,226,140,93,686,387,310,225
2019,대구 Daegu,31693,20989,7163,4872,11362,11007,765,292,6119,4008,7574,5341,999,189,3121,2944,2735,1890,150,90,330,91,452,197,79,58,386,253,184,152
2019,인천 Incheon,42792,26586,8286,5468,11545,9891,1036,378,6385,4136,7662,5583,1264,249,2297,2516,3216,2358,155,88,459,184,439,210,79,63,512,334,217,186
2019,광주 Gwangju,17079,13452,4311,3027,5320,4816,418,147,4039,2892,3900,3032,665,151,1492,1599,1387,955,98,40,206,83,258,105,38,27,226,147,136,131
2019,대전 Daejeon,19682,13511,4195,2840,5333,4744,395,173,3846,2685,4139,3299,863,165,1596,1583,1603,1088,80,45,217,83,226,101,53,22,257,139,147,112
2019,울산 Ulsan,14812,8976,2886,2017,4404,3207,283,133,2602,1695,2754,2120,525,99,692,725,1073,850,101,71,189,69,242,97,47,23,130,88,54,50
2019,세종 Sejong,3485,2283,735,447,841,789,74,19,668,394,608,459,141,29,230,210,243,151,14,6,33,15,38,22,8,5,45,27,13,14
2019,경기 Gyeonggi,161079,106718,32943,20785,39275,33113,3502,1306,27365,17177,31657,23164,6526,1098,9397,9906,12924,9387,833,470,1742,684,2323,988,369,247,2186,1294,751,669
2019,강원 Gangwon,29490,21046,5386,4042,7709,6589,539,209,4887,3510,5400,3855,606,129,1637,1520,1638,1202,85,46,443,101,299,131,56,43,407,248,133,98
2019,충북 Chungbuk,26615,19468,5303,3633,7041,6497,483,206,6186,4308,4898,3799,634,111,1919,1821,1685,1236,90,50,253,94,316,111,53,34,369,232,120,123
2019,충남 Chungnam,36519,26703,7141,4943,11448,10597,714,291,7082,4906,6217,4818,825,156,2798,2565,2131,1419,122,92,449,122,350,146,75,51,463,304,161,116
2019,전북 Jeonbuk,34292,30821,6606,4816,9684,9129,865,355,7206,5138,6525,5490,650,135,2831,2627,1956,1145,103,55,275,80,329,113,45,66,363,234,219,211
2019,전남 Jeonnam,35683,35062,7777,6191,10285,9962,667,344,7264,4812,6231,5275,681,111,3157,2569,2090,1331,116,69,421,117,416,126,50,36,391,263,230,161
2019,경북 Gyeongbuk,45841,35214,9133,7000,16408,17150,865,395,9884,6358,9085,6876,1003,185,3952,3437,2919,1952,204,113,500,144,626,237,109,86,499,360,209,154
2019,경남 Gyongnam,54031,38043,10096,6931,12723,12309,1021,418,9279,6163,9815,7869,1580,323,4186,3725,3562,2462,158,105,548,228,561,213,128,79,631,381,226,174
2019,제주 Jeju,8067,6476,2353,1840,2882,3350,284,113,1891,1420,1952,1573,483,77,659,633,855,535,56,24,179,63,132,47,18,8,110,83,58,66
2020,서울 Seoul,97303,75303,25004,16620,31621,25809,2442,972,16596,10488,24244,16661,5431,984,8438,8087,10583,7312,682,358,1562,563,1794,803,205,173,1796,1105,685,566
2020,부산 Busan,46660,31855,10666,7357,13284,10911,1097,445,7361,4757,11578,8153,1722,353,4251,3998,4509,3168,312,155,726,268,589,249,136,94,677,414,312,236
2020,대구 Daegu,31084,20596,7097,4864,12187,11820,792,315,6219,4073,7469,5280,1049,199,3101,2922,2899,2000,153,89,329,91,470,208,78,56,366,253,182,157
2020,인천 Incheon,42247,26289,8262,5465,12518,10719,1082,406,6565,4258,7640,5550,1398,258,2304,2528,3413,2455,158,100,447,180,467,224,80,66,514,326,210,192
2020,광주 Gwangju,16814,13197,4276,3014,5385,4798,411,155,4139,2961,3915,2988,736,160,1515,1605,1469,1008,100,42,210,86,270,106,36,27,222,144,140,132
2020,대전 Daejeon,19327,13215,4175,2821,5360,4836,411,181,3937,2713,4064,3220,904,178,1600,1610,1703,1133,72,47,217,76,236,108,50,22,251,135,140,111
2020,울산 Ulsan,14668,8848,2869,1992,4435,3260,296,133,2687,1743,2737,2092,560,110,708,744,1166,899,98,70,196,69,248,99,47,23,134,85,56,50
2020,세종 Sejong,3506,2272,746,449,889,842,85,22,696,420,617,470,172,36,240,215,253,161,14,7,38,15,44,25,7,5,42,27,15,16
2020,경기 Gyeonggi,160705,106338,33222,20990,42286,35756,3761,1407,28150,17733,31871,23189,7069,1218,9477,10086,13751,9836,842,470,1774,708,2449,1055,375,254,2215,1323,757,659
2020,강원 Gangwon,29182,20806,5389,4045,7893,6782,552,218,4909,3526,5387,3768,644,132,1644,1536,1783,1276,88,42,434,103,325,150,55,42,410,260,134,100
2020,충북 Chungbuk,26478,19241,5235,3628,7187,6692,483,205,6272,4384,4901,3750,663,118,1919,1824,1783,1300,103,48,239,102,320,125,53,34,364,241,117,123
2020,충남 Chungnam,36226,26501,7182,4899,11700,10865,736,304,7239,5008,6132,4784,887,167,2794,2568,2248,1532,125,81,443,119,365,154,79,51,456,313,171,121
2020,전북 Jeonbuk,33725,30215,6531,4725,10065,9656,879,369,7281,5201,6382,5432,693,148,2829,2648,2080,1239,99,55,275,83,345,121,47,68,358,234,219,205
2020,전남 Jeonnam,35181,34420,7715,6131,10318,10062,680,345,7363,4869,6120,5209,704,128,3133,2572,2208,1385,114,65,403,108,434,135,53,37,400,259,224,167
2020,경북 Gyeongbuk,45257,34602,8949,6879,17205,18044,889,405,9993,6430,8879,6780,1083,201,3949,3451,3056,2019,201,105,506,152,639,240,111,87,517,365,215,157
2020,경남 Gyongnam,53351,37561,10082,6903,13254,12860,1066,444,9423,6321,9783,7795,1709,371,4187,3747,3758,2657,161,101,536,237,586,233,120,81,636,385,224,177
2020,제주 Jeju,8012,6383,2337,1805,3017,3473,287,116,1937,1456,1984,1583,522,95,649,646,922,566,55,21,192,57,139,53,18,7,117,83,56,67
2021,서울 Seoul,94721,73265,24740,16480,32918,26796,2434,982,16724,10606,23842,16457,5788,1067,8470,8130,10871,7430,654,354,1578,565,1835,828,210,171,1830,1129,687,561
2021,부산 Busan,45742,31274,10545,7329,13859,11512,1112,463,7507,4877,11459,8031,1859,395,4243,3999,4710,3301,301,154,720,269,614,262,139,89,698,436,316,236
2021,대구 Daegu,30463,20148,7044,4830,13034,12663,826,322,6352,4152,7393,5179,1147,219,3084,2911,3012,2040,154,85,320,93,490,217,85,58,364,261,187,149
2021,인천 Incheon,41856,26086,8254,5497,13450,11678,1113,430,6698,4367,7672,5580,1502,304,2323,2542,3638,2601,161,101,449,183,492,236,81,63,546,335,212,196
2021,광주 Gwangju,16498,12962,4228,2976,5416,4804,408,163,4264,3038,3877,2922,806,174,1530,1640,1535,1036,100,40,207,86,275,111,37,26,228,158,140,134
2021,대전 Daejeon,18989,13003,4149,2793,5337,4805,421,182,4071,2774,4041,3152,950,180,1602,1619,1753,1178,67,44,215,69,240,118,53,22,267,140,143,112
2021,울산 Ulsan,14486,8721,2875,1959,4558,3356,310,143,2736,1806,2740,2089,610,119,715,757,1229,927,105,69,184,71,254,102,47,24,138,87,61,52
2021,세종 Sejong,3549,2294,766,451,895,885,92,21,731,417,621,508,192,38,240,214,270,179,16,7,41,15,46,23,8,5,49,31,15,11
2021,경기 Gyeonggi,160309,105870,33467,21193,44838,37899,3931,1499,28950,18345,31916,23190,7769,1386,9591,10295,14610,10294,847,448,1829,711,2565,1127,375,258,2341,1401,753,661
2021,강원 Gangwon,28919,20616,5410,4009,7930,7006,561,228,4981,3569,5310,3730,706,141,1670,1562,1893,1347,81,40,410,103,347,153,56,45,407,262,129,93
2021,충북 Chungbuk,26200,18935,5215,3588,7232,6843,507,207,6376,4487,4819,3666,722,134,1934,1819,1885,1361,91,52,238,105,338,130,57,35,381,239,122,121
2021,충남 Chungnam,35939,26271,7232,4931,11849,11089,758,327,7375,5113,6126,4735,991,192,2789,2579,2345,1617,120,82,431,116,387,164,80,51,467,314,161,118
2021,전북 Jeonbuk,33211,29702,6515,4673,10330,10000,901,381,7392,5250,6277,5340,768,165,2828,2649,2171,1315,102,53,270,84,357,131,52,70,388,256,222,204
2021,전남 Jeonnam,34655,33749,7578,6043,10270,10089,698,355,7432,4918,6037,5125,767,153,3115,2583,2392,1457,120,64,397,109,452,148,52,37,432,263,219,159
2021,경북 Gyeongbuk,44808,34104,8916,6855,17793,18886,884,424,10143,6508,8829,6763,1187,236,3972,3500,3273,2115,202,109,489,159,662,262,111,86,530,368,210,154
2021,경남 Gyongnam,52870,37041,10065,6896,13687,13325,1126,449,9636,6454,9689,7690,1876,421,4191,3809,3972,2818,164,104,545,239,619,247,121,80,675,396,232,184
2021,제주 Jeju,7921,6285,2322,1796,3109,3608,292,114,2007,1501,1952,1551,578,108,661,648,968,592,55,20,180,61,146,55,18,10,115,80,57,66
2022,서울 Seoul,92655,71809,24622,16369,34150,27845,2435,986,16855,10779,23498,16361,6306,1185,8414,8132,11250,7633,640,358,1585,571,1858,857,211,174,1914,1173,677,557
2022,부산 Busan,44907,30660,10485,7255,14369,11959,1131,477,7645,4999,11238,7872,2056,466,4234,3991,4851,3373,290,147,714,265,637,282,140,88,720,438,315,241
2022,대구 Daegu,29925,19736,6980,4808,13583,13328,841,326,6469,4211,7226,5046,1286,262,3047,2877,3082,2093,152,77,320,87,501,233,82,59,379,266,182,147
2022,인천 Incheon,41418,26019,8286,5514,14397,12501,1126,435,6932,4482,7685,5617,1678,353,2343,2578,3792,2727,156,98,443,172,509,252,84,60,613,362,204,199
2022,광주 Gwangju,16236,12708,4207,2939,5396,4781,426,180,4378,3083,3834,2848,870,202,1530,1653,1591,1045,96,40,202,83,284,112,36,27,253,168,134,134
2022,대전 Daejeon,18651,12678,4104,2801,5332,4761,423,186,4137,2872,3972,3061,995,193,1602,1630,1806,1196,76,42,207,68,253,126,58,23,284,147,141,116
2022,울산 Ulsan,14348,8609,2834,1956,4622,3400,325,138,2807,1860,2758,2078,668,139,715,756,1250,945,105,65,198,68,263,112,48,24,165,97,65,55
2022,세종 Sejong,3564,2294,775,465,928,899,103,20,748,433,627,490,217,48,252,221,301,202,19,8,36,14,53,28,8,5,49,32,16,8
2022,경기 Gyeonggi,159215,105059,33597,21319,46984,39706,3962,1500,29702,18746,31911,23145,8637,1647,9731,10415,15302,10583,837,433,1817,729,2675,1188,377,256,2490,1450,757,664
2022,강원 Gangwon,28703,20433,5401,3995,8039,7080,562,233,5036,3586,5265,3688,802,159,1674,1574,1974,1410,83,44,381,105,375,164,61,45,430,264,132,96
2022,충북 Chungbuk,26005,18668,5221,3572,7337,6996,505,211,6466,4530,4773,3608,831,164,1927,1799,1984,1412,90,50,251,105,351,143,59,35,390,237,130,116
2022,충남 Chungnam,35859,25993,7252,4894,11915,11213,779,341,7513,5149,5993,4650,1124,235,2761,2604,2446,1687,116,82,431,112,405,173,79,51,498,325,158,119
2022,전북 Jeonbuk,32901,29113,6450,4608,10705,10360,896,391,7498,5325,6151,5187,867,193,2807,2662,2275,1386,105,54,265,83,363,146,52,72,417,265,216,201
2022,전남 Jeonnam,34241,33096,7481,5931,10240,10040,710,352,7510,4957,5872,4948,872,171,3117,2579,2497,1515,110,63,369,111,478,157,51,37,448,268,215,159
2022,경북 Gyeongbuk,44341,33505,8829,6783,18242,19439,927,424,10323,6620,8754,6584,1332,270,3939,3520,3427,2196,188,108,480,154,685,274,111,83,567,364,209,157
2022,경남 Gyongnam,52326,36508,10058,6879,14080,13740,1129,448,9838,6571,9697,7550,2128,470,4176,3857,4114,2897,167,109,567,227,660,256,121,80,692,401,247,193
2022,제주 Jeju,7888,6220,2327,1770,3181,3676,301,120,2102,1546,1968,1522,655,122,652,655,1013,587,51,19,167,64,157,56,18,10,127,86,50,66
2023,서울 Seoul,90378,70025,24368,16338,35038,28820,2344,964,17095,10930,22969,15971,6957,1348,8373,8178,11463,7658,609,333,1545,567,1899,891,219,174,1933,1189,655,564
2023,부산 Busan,43949,29987,10359,7224,14871,12327,1118,475,7775,5087,10866,7750,2330,532,4182,4008,4931,3446,276,139,670,252,646,291,136,90,741,457,315,237
2023,대구 Daegu,29874,19802,6973,4881,14456,14323,825,329,6743,4386,7144,5084,1496,306,3056,2947,3205,2158,156,73,304,83,510,248,86,61,401,283,178,149
2023,인천 Incheon,40913,25696,8248,5546,14956,13104,1069,437,7134,4615,7668,5613,1927,416,2342,2603,3956,2784,162,102,432,164,518,273,83,64,648,360,202,191
2023,광주 Gwangju,15924,12416,4163,2934,5433,4824,428,181,4490,3155,3836,2810,963,228,1532,1674,1651,1089,92,37,189,84,295,122,37,26,260,173,134,134
2023,대전 Daejeon,18306,12412,4022,2789,5334,4726,429,189,4244,2932,3911,2976,1109,220,1611,1657,1835,1189,71,47,206,66,264,123,59,23,279,148,143,120
2023,울산 Ulsan,14120,8512,2836,1952,4652,3385,324,127,2879,1913,2715,2030,731,169,723,753,1316,980,101,58,193,60,273,115,52,24,172,98,64,56
2023,세종 Sejong,3549,2235,776,455,934,872,102,26,792,441,626,472,295,57,256,225,328,207,19,6,38,20,57,28,9,5,53,36,17,8
2023,경기 Gyeonggi,157309,103361,33400,21285,48379,41038,3789,1477,30436,19262,31468,22762,9777,1990,9685,10510,15871,10746,807,436,1766,709,2788,1258,388,263,2576,1457,773,655
2023,강원 Gangwon,28194,19992,5343,3867,7938,7080,546,241,5052,3623,5107,3613,886,182,1660,1579,1999,1448,82,45,356,96,384,175,61,43,432,274,132,90
2023,충북 Chungbuk,25538,18240,5164,3538,7280,6971,495,218,6583,4594,4684,3519,948,207,1879,1803,2066,1453,90,51,241,92,368,152,57,35,388,236,115,112
2023,충남 Chungnam,35385,25469,7192,4859,11722,11170,728,325,7673,5251,5872,4566,1295,291,2720,2608,2595,1718,115,82,409,106,419,180,76,49,526,325,151,127
2023,전북 Jeonbuk,32188,28142,6320,4524,10785,10451,913,393,7528,5320,5987,4960,978,232,2795,2663,2374,1423,96,50,252,78,370,151,53,71,416,267,208,201
2023,전남 Jeonnam,33569,32093,7352,5773,10104,9870,699,354,7608,5005,5764,4883,1005,197,3059,2561,2563,1552,105,63,341,106,500,168,52,40,448,274,207,157
2023,경북 Gyeongbuk,42931,32101,8577,6526,17950,19221,891,421,10230,6634,8412,6292,1506,317,3844,3433,3491,2230,170,100,443,157,712,286,111,81,565,343,212,154
2023,경남 Gyongnam,51403,35595,9962,6821,14203,13882,1103,442,9954,6666,9512,7323,2411,553,4131,3835,4275,2986,184,107,560,219,680,270,119,81,723,409,236,180
2023,제주 Jeju,7800,6093,2279,1714,3120,3635,302,126,2168,1582,1921,1460,736,149,651,661,1031,606,51,18,161,64,163,57,19,10,133,94,46,68
2024,서울 Seoul,87838,68295,24063,16162,36181,30051,2269,951,17112,11002,22123,15339,7470,1495,8246,8068,11525,7698,580,307,1460,520,1902,916,218,177,1958,1201,642,547
2024,부산 Busan,42843,29319,10222,7139,15265,12790,1076,458,7890,5137,10549,7526,2513,590,4126,3977,5140,3512,261,133,624,238,650,298,128,93,770,446,313,230
2024,대구 Daegu,29307,19342,6887,4858,15006,14909,791,321,6861,4474,6981,5001,1663,332,3011,2924,3304,2182,151,71,273,86,519,263,84,59,406,287,175,146
2024,인천 Incheon,40408,25449,8282,5543,15107,13361,1066,428,7326,4789,7688,5503,2156,495,2298,2616,4094,2854,155,104,415,166,542,284,83,64,670,375,196,190
2024,광주 Gwangju,15661,12188,4148,2921,5454,4878,417,190,4624,3238,3768,2770,1053,253,1526,1675,1717,1103,90,34,187,81,302,126,38,28,272,166,134,133
2024,대전 Daejeon,18109,12271,4014,2759,5290,4766,424,206,4310,2979,3856,2908,1193,241,1650,1671,1919,1208,73,47,197,70,272,131,61,24,282,151,141,121
2024,울산 Ulsan,13912,8364,2843,1916,4652,3365,323,129,2936,1969,2637,1965,796,193,714,748,1355,986,94,49,177,61,276,119,51,22,177,105,64,57
2024,세종 Sejong,3509,2179,777,452,937,896,104,27,816,462,636,470,347,69,247,233,320,212,20,7,37,22,55,33,8,3,56,30,16,13
2024,경기 Gyeonggi,155602,102080,33293,21273,49872,42425,3700,1462,31029,19761,30792,22178,10883,2298,9630,10508,16286,10859,795,424,1702,663,2859,1307,395,258,2633,1519,761,663
2024,강원 Gangwon,27774,19619,5269,3825,7842,7115,528,233,5119,3620,4965,3537,970,218,1627,1557,2095,1455,83,41,339,100,408,186,57,42,437,269,126,86
2024,충북 Chungbuk,25297,17833,5144,3516,7275,6944,483,226,6627,4703,4620,3444,1089,242,1835,1796,2167,1481,94,50,255,84,381,163,57,36,393,235,114,110
2024,충남 Chungnam,34873,24965,7186,4767,11642,11172,726,319,7778,5349,5796,4533,1467,339,2665,2577,2661,1752,115,79,372,108,441,183,84,49,542,318,148,130
2024,전북 Jeonbuk,31636,27297,6215,4426,11023,10590,901,400,7595,5341,5884,4799,1110,269,2737,2645,2444,1464,98,49,244,70,377,153,55,71,432,262,203,203
2024,전남 Jeonnam,32941,31235,7230,5622,10035,9837,684,347,7661,5039,5710,4736,1088,227,3007,2527,2627,1573,110,57,318,100,504,182,54,37,452,264,193,154
2024,경북 Gyeongbuk,42245,31277,8472,6345,18313,19649,851,410,10389,6719,8198,6119,1670,359,3760,3418,3601,2305,164,99,439,150,733,298,108,76,564,352,202,151
2024,경남 Gyongnam,50564,34759,9904,6776,14471,14123,1071,446,10093,6779,9296,7052,2621,632,4064,3822,4478,3029,173,105,541,201,701,298,125,80,734,409,227,182
2024,제주 Jeju,7685,5968,2249,1684,3156,3642,295,127,2193,1602,1879,1445,835,174,651,659,1059,619,51,18,151,61,171,65,20,11,137,93,50,68
